,device_id,device_name,usage_timeframe,location_latitude,location_longitude
0,eb7ec817-b6e6-4ac3-a003-708997f9174d,Aerospace navy uEuxhXrSyG 4868,1707665160000,33.89405,35.47677
1,eb7ec817-b6e6-4ac3-a003-708997f9174d,Aerospace navy uEuxhXrSyG 4868,1707665161000,33.89405,35.47699
2,eb7ec817-b6e6-4ac3-a003-708997f9174d,Aerospace navy uEuxhXrSyG 4868,1707665162000,33.89405,35.47699
3,eb7ec817-b6e6-4ac3-a003-708997f9174d,Aerospace navy uEuxhXrSyG 4868,1707665163000,33.89392,35.47706
4,eb7ec817-b6e6-4ac3-a003-708997f9174d,Aerospace navy uEuxhXrSyG 4868,1707665164000,33.8939,35.47707
5,eb7ec817-b6e6-4ac3-a003-708997f9174d,Aerospace navy uEuxhXrSyG 4868,1707665165000,33.89383,35.47709
6,eb7ec817-b6e6-4ac3-a003-708997f9174d,Aerospace navy uEuxhXrSyG 4868,1707665166000,33.8938,35.47711
7,eb7ec817-b6e6-4ac3-a003-708997f9174d,Aerospace navy uEuxhXrSyG 4868,1707665169000,33.89373,35.47705
8,eb7ec817-b6e6-4ac3-a003-708997f9174d,Aerospace navy uEuxhXrSyG 4868,1707665170000,33.89371,35.47703
9,eb7ec817-b6e6-4ac3-a003-708997f9174d,Aerospace navy uEuxhXrSyG 4868,1707665171000,33.89369,35.47701
10,eb7ec817-b6e6-4ac3-a003-708997f9174d,Aerospace navy uEuxhXrSyG 4868,1707665172000,33.89367,35.47698
11,eb7ec817-b6e6-4ac3-a003-708997f9174d,Aerospace navy uEuxhXrSyG 4868,1707665174000,33.89365,35.47695
12,eb7ec817-b6e6-4ac3-a003-708997f9174d,Aerospace navy uEuxhXrSyG 4868,1707665176000,33.89364,35.4769
13,eb7ec817-b6e6-4ac3-a003-708997f9174d,Aerospace navy uEuxhXrSyG 4868,1707665177000,33.8936,35.47662
14,eb7ec817-b6e6-4ac3-a003-708997f9174d,Aerospace navy uEuxhXrSyG 4868,1707665178000,33.89355,35.47626
15,eb7ec817-b6e6-4ac3-a003-708997f9174d,Aerospace navy uEuxhXrSyG 4868,1707665180000,33.89352,35.47612
16,eb7ec817-b6e6-4ac3-a003-708997f9174d,Aerospace navy uEuxhXrSyG 4868,1707665181000,33.89349,35.47591
17,eb7ec817-b6e6-4ac3-a003-708997f9174d,Aerospace navy uEuxhXrSyG 4868,1707665182000,33.89347,35.47579
18,eb7ec817-b6e6-4ac3-a003-708997f9174d,Aerospace navy uEuxhXrSyG 4868,1707665183000,33.8934,35.47537
19,eb7ec817-b6e6-4ac3-a003-708997f9174d,Aerospace navy uEuxhXrSyG 4868,1707665184000,33.89338,35.47528
20,eb7ec817-b6e6-4ac3-a003-708997f9174d,Aerospace navy uEuxhXrSyG 4868,1707665185000,33.89335,35.4752
21,eb7ec817-b6e6-4ac3-a003-708997f9174d,Aerospace navy uEuxhXrSyG 4868,1707665186000,33.8933,35.475
22,eb7ec817-b6e6-4ac3-a003-708997f9174d,Aerospace navy uEuxhXrSyG 4868,1707665187000,33.89318,35.47479
23,eb7ec817-b6e6-4ac3-a003-708997f9174d,Aerospace navy uEuxhXrSyG 4868,1707665188000,33.89313,35.47473
24,eb7ec817-b6e6-4ac3-a003-708997f9174d,Aerospace navy uEuxhXrSyG 4868,1707665189000,33.8931,35.4747
25,eb7ec817-b6e6-4ac3-a003-708997f9174d,Aerospace navy uEuxhXrSyG 4868,1707665190000,33.89301,35.47464
26,eb7ec817-b6e6-4ac3-a003-708997f9174d,Aerospace navy uEuxhXrSyG 4868,1707665191000,33.89295,35.47462
27,eb7ec817-b6e6-4ac3-a003-708997f9174d,Aerospace navy uEuxhXrSyG 4868,1707665192000,33.89289,35.4746
28,eb7ec817-b6e6-4ac3-a003-708997f9174d,Aerospace navy uEuxhXrSyG 4868,1707665193000,33.89282,35.47459
29,eb7ec817-b6e6-4ac3-a003-708997f9174d,Aerospace navy uEuxhXrSyG 4868,1707665194000,33.89272,35.47458
30,eb7ec817-b6e6-4ac3-a003-708997f9174d,Aerospace navy uEuxhXrSyG 4868,1707665195000,33.89256,35.4746
31,eb7ec817-b6e6-4ac3-a003-708997f9174d,Aerospace navy uEuxhXrSyG 4868,1707665196000,33.89246,35.47461
32,eb7ec817-b6e6-4ac3-a003-708997f9174d,Aerospace navy uEuxhXrSyG 4868,1707665197000,33.8922,35.47467
33,eb7ec817-b6e6-4ac3-a003-708997f9174d,Aerospace navy uEuxhXrSyG 4868,1707665198000,33.89206,35.47471
34,eb7ec817-b6e6-4ac3-a003-708997f9174d,Aerospace navy uEuxhXrSyG 4868,1707665199000,33.89184,35.47477
35,eb7ec817-b6e6-4ac3-a003-708997f9174d,Aerospace navy uEuxhXrSyG 4868,1707665200000,33.89154,35.47486
36,eb7ec817-b6e6-4ac3-a003-708997f9174d,Aerospace navy uEuxhXrSyG 4868,1707665201000,33.89126,35.47494
37,eb7ec817-b6e6-4ac3-a003-708997f9174d,Aerospace navy uEuxhXrSyG 4868,1707665202000,33.89122,35.47495
38,eb7ec817-b6e6-4ac3-a003-708997f9174d,Aerospace navy uEuxhXrSyG 4868,1707665203000,33.89117,35.47497
39,eb7ec817-b6e6-4ac3-a003-708997f9174d,Aerospace navy uEuxhXrSyG 4868,1707665204000,33.89117,35.47497
40,eb7ec817-b6e6-4ac3-a003-708997f9174d,Aerospace navy uEuxhXrSyG 4868,1707665205000,33.89112,35.47482
41,eb7ec817-b6e6-4ac3-a003-708997f9174d,Aerospace navy uEuxhXrSyG 4868,1707665206000,33.89112,35.47481
42,eb7ec817-b6e6-4ac3-a003-708997f9174d,Aerospace navy uEuxhXrSyG 4868,1707665207000,33.89112,35.4748
43,eb7ec817-b6e6-4ac3-a003-708997f9174d,Aerospace navy uEuxhXrSyG 4868,1707665208000,33.89111,35.4748
44,eb7ec817-b6e6-4ac3-a003-708997f9174d,Aerospace navy uEuxhXrSyG 4868,1707665209000,33.89111,35.47479
45,eb7ec817-b6e6-4ac3-a003-708997f9174d,Aerospace navy uEuxhXrSyG 4868,1707665210000,33.89111,35.47478
46,eb7ec817-b6e6-4ac3-a003-708997f9174d,Aerospace navy uEuxhXrSyG 4868,1707665211000,33.89111,35.47477
47,eb7ec817-b6e6-4ac3-a003-708997f9174d,Aerospace navy uEuxhXrSyG 4868,1707665213000,33.89111,35.47476
48,eb7ec817-b6e6-4ac3-a003-708997f9174d,Aerospace navy uEuxhXrSyG 4868,1707665214000,33.8911,35.47476
49,eb7ec817-b6e6-4ac3-a003-708997f9174d,Aerospace navy uEuxhXrSyG 4868,1707665217000,33.8911,35.47475
50,eb7ec817-b6e6-4ac3-a003-708997f9174d,Aerospace navy uEuxhXrSyG 4868,1707665218000,33.8911,35.47474
51,eb7ec817-b6e6-4ac3-a003-708997f9174d,Aerospace navy uEuxhXrSyG 4868,1707665219000,33.8911,35.47473
52,eb7ec817-b6e6-4ac3-a003-708997f9174d,Aerospace navy uEuxhXrSyG 4868,1707665220000,33.8911,35.47472
53,eb7ec817-b6e6-4ac3-a003-708997f9174d,Aerospace navy uEuxhXrSyG 4868,1707665221000,33.8911,35.47471
54,eb7ec817-b6e6-4ac3-a003-708997f9174d,Aerospace navy uEuxhXrSyG 4868,1707665222000,33.8911,35.4747
55,eb7ec817-b6e6-4ac3-a003-708997f9174d,Aerospace navy uEuxhXrSyG 4868,1707665223000,33.8911,35.47469
56,eb7ec817-b6e6-4ac3-a003-708997f9174d,Aerospace navy uEuxhXrSyG 4868,1707665224000,33.89111,35.47468
57,eb7ec817-b6e6-4ac3-a003-708997f9174d,Aerospace navy uEuxhXrSyG 4868,1707665225000,33.89111,35.47467
58,eb7ec817-b6e6-4ac3-a003-708997f9174d,Aerospace navy uEuxhXrSyG 4868,1707665226000,33.89111,35.47467
59,eb7ec817-b6e6-4ac3-a003-708997f9174d,Aerospace navy uEuxhXrSyG 4868,1707665227000,33.89111,35.47465
60,eb7ec817-b6e6-4ac3-a003-708997f9174d,Aerospace navy uEuxhXrSyG 4868,1707665229000,33.89112,35.47464
61,eb7ec817-b6e6-4ac3-a003-708997f9174d,Aerospace navy uEuxhXrSyG 4868,1707665230000,33.89115,35.47461
62,eb7ec817-b6e6-4ac3-a003-708997f9174d,Aerospace navy uEuxhXrSyG 4868,1707665231000,33.89118,35.47458
63,eb7ec817-b6e6-4ac3-a003-708997f9174d,Aerospace navy uEuxhXrSyG 4868,1707665232000,33.89124,35.47454
64,eb7ec817-b6e6-4ac3-a003-708997f9174d,Aerospace navy uEuxhXrSyG 4868,1707665233000,33.89125,35.47454
65,eb7ec817-b6e6-4ac3-a003-708997f9174d,Aerospace navy uEuxhXrSyG 4868,1707665234000,33.8913,35.47451
66,eb7ec817-b6e6-4ac3-a003-708997f9174d,Aerospace navy uEuxhXrSyG 4868,1707665235000,33.89141,35.47445
67,eb7ec817-b6e6-4ac3-a003-708997f9174d,Aerospace navy uEuxhXrSyG 4868,1707665236000,33.89145,35.47442
68,eb7ec817-b6e6-4ac3-a003-708997f9174d,Aerospace navy uEuxhXrSyG 4868,1707665237000,33.89147,35.47439
69,eb7ec817-b6e6-4ac3-a003-708997f9174d,Aerospace navy uEuxhXrSyG 4868,1707665238000,33.89148,35.47436
70,eb7ec817-b6e6-4ac3-a003-708997f9174d,Aerospace navy uEuxhXrSyG 4868,1707665240000,33.8915,35.47433
71,eb7ec817-b6e6-4ac3-a003-708997f9174d,Aerospace navy uEuxhXrSyG 4868,1707665241000,33.89151,35.47428
72,eb7ec817-b6e6-4ac3-a003-708997f9174d,Aerospace navy uEuxhXrSyG 4868,1707665242000,33.89152,35.47425
73,eb7ec817-b6e6-4ac3-a003-708997f9174d,Aerospace navy uEuxhXrSyG 4868,1707665243000,33.89155,35.47412
74,eb7ec817-b6e6-4ac3-a003-708997f9174d,Aerospace navy uEuxhXrSyG 4868,1707665246000,33.89156,35.47407
75,eb7ec817-b6e6-4ac3-a003-708997f9174d,Aerospace navy uEuxhXrSyG 4868,1707665247000,33.89156,35.47406
76,eb7ec817-b6e6-4ac3-a003-708997f9174d,Aerospace navy uEuxhXrSyG 4868,1707665248000,33.89158,35.47397
77,eb7ec817-b6e6-4ac3-a003-708997f9174d,Aerospace navy uEuxhXrSyG 4868,1707665249000,33.89162,35.47376
78,eb7ec817-b6e6-4ac3-a003-708997f9174d,Aerospace navy uEuxhXrSyG 4868,1707665250000,33.89163,35.47366
79,eb7ec817-b6e6-4ac3-a003-708997f9174d,Aerospace navy uEuxhXrSyG 4868,1707665251000,33.89164,35.47354
80,eb7ec817-b6e6-4ac3-a003-708997f9174d,Aerospace navy uEuxhXrSyG 4868,1707665252000,33.89166,35.47334
81,eb7ec817-b6e6-4ac3-a003-708997f9174d,Aerospace navy uEuxhXrSyG 4868,1707665253000,33.89166,35.47333
82,eb7ec817-b6e6-4ac3-a003-708997f9174d,Aerospace navy uEuxhXrSyG 4868,1707665254000,33.89166,35.47319
83,eb7ec817-b6e6-4ac3-a003-708997f9174d,Aerospace navy uEuxhXrSyG 4868,1707665256000,33.89166,35.47308
84,eb7ec817-b6e6-4ac3-a003-708997f9174d,Aerospace navy uEuxhXrSyG 4868,1707665257000,33.89165,35.47265
85,eb7ec817-b6e6-4ac3-a003-708997f9174d,Aerospace navy uEuxhXrSyG 4868,1707665258000,33.89166,35.47224
86,eb7ec817-b6e6-4ac3-a003-708997f9174d,Aerospace navy uEuxhXrSyG 4868,1707665259000,33.89166,35.47222
87,eb7ec817-b6e6-4ac3-a003-708997f9174d,Aerospace navy uEuxhXrSyG 4868,1707665260000,33.89166,35.4719
88,eb7ec817-b6e6-4ac3-a003-708997f9174d,Aerospace navy uEuxhXrSyG 4868,1707665261000,33.89166,35.47183
89,eb7ec817-b6e6-4ac3-a003-708997f9174d,Aerospace navy uEuxhXrSyG 4868,1707665262000,33.89167,35.47165
90,eb7ec817-b6e6-4ac3-a003-708997f9174d,Aerospace navy uEuxhXrSyG 4868,1707665263000,33.89166,35.47157
91,eb7ec817-b6e6-4ac3-a003-708997f9174d,Aerospace navy uEuxhXrSyG 4868,1707665264000,33.89166,35.47157
92,eb7ec817-b6e6-4ac3-a003-708997f9174d,Aerospace navy uEuxhXrSyG 4868,1707665265000,33.8916,35.4716
93,eb7ec817-b6e6-4ac3-a003-708997f9174d,Aerospace navy uEuxhXrSyG 4868,1707665266000,33.89154,35.47162
94,eb7ec817-b6e6-4ac3-a003-708997f9174d,Aerospace navy uEuxhXrSyG 4868,1707665267000,33.89148,35.47164
95,eb7ec817-b6e6-4ac3-a003-708997f9174d,Aerospace navy uEuxhXrSyG 4868,1707665268000,33.89141,35.47166
96,eb7ec817-b6e6-4ac3-a003-708997f9174d,Aerospace navy uEuxhXrSyG 4868,1707665270000,33.89136,35.47167
97,eb7ec817-b6e6-4ac3-a003-708997f9174d,Aerospace navy uEuxhXrSyG 4868,1707665271000,33.89134,35.47167
98,eb7ec817-b6e6-4ac3-a003-708997f9174d,Aerospace navy uEuxhXrSyG 4868,1707665272000,33.89133,35.47167
99,eb7ec817-b6e6-4ac3-a003-708997f9174d,Aerospace navy uEuxhXrSyG 4868,1707665273000,33.89132,35.47167
100,eb7ec817-b6e6-4ac3-a003-708997f9174d,Aerospace navy uEuxhXrSyG 4868,1707665274000,33.89131,35.47166
101,eb7ec817-b6e6-4ac3-a003-708997f9174d,Aerospace navy uEuxhXrSyG 4868,1707665275000,33.8913,35.47165
102,eb7ec817-b6e6-4ac3-a003-708997f9174d,Aerospace navy uEuxhXrSyG 4868,1707665276000,33.8913,35.47165
103,eb7ec817-b6e6-4ac3-a003-708997f9174d,Aerospace navy uEuxhXrSyG 4868,1707665277000,33.89129,35.47166
104,eb7ec817-b6e6-4ac3-a003-708997f9174d,Aerospace navy uEuxhXrSyG 4868,1707665278000,33.89127,35.47167
105,eb7ec817-b6e6-4ac3-a003-708997f9174d,Aerospace navy uEuxhXrSyG 4868,1707665279000,33.89125,35.47168
106,eb7ec817-b6e6-4ac3-a003-708997f9174d,Aerospace navy uEuxhXrSyG 4868,1707665280000,33.89123,35.47169
107,eb7ec817-b6e6-4ac3-a003-708997f9174d,Aerospace navy uEuxhXrSyG 4868,1707665283000,33.8912,35.4717
108,eb7ec817-b6e6-4ac3-a003-708997f9174d,Aerospace navy uEuxhXrSyG 4868,1707665284000,33.89118,35.4717
109,eb7ec817-b6e6-4ac3-a003-708997f9174d,Aerospace navy uEuxhXrSyG 4868,1707665285000,33.89116,35.47171
110,eb7ec817-b6e6-4ac3-a003-708997f9174d,Aerospace navy uEuxhXrSyG 4868,1707665286000,33.89109,35.47173
111,eb7ec817-b6e6-4ac3-a003-708997f9174d,Aerospace navy uEuxhXrSyG 4868,1707665287000,33.89103,35.47174
112,eb7ec817-b6e6-4ac3-a003-708997f9174d,Aerospace navy uEuxhXrSyG 4868,1707665288000,33.89097,35.47176
113,eb7ec817-b6e6-4ac3-a003-708997f9174d,Aerospace navy uEuxhXrSyG 4868,1707665290000,33.89042,35.47183
114,eb7ec817-b6e6-4ac3-a003-708997f9174d,Aerospace navy uEuxhXrSyG 4868,1707665291000,33.89024,35.47185
115,eb7ec817-b6e6-4ac3-a003-708997f9174d,Aerospace navy uEuxhXrSyG 4868,1707665292000,33.89023,35.47185
116,eb7ec817-b6e6-4ac3-a003-708997f9174d,Aerospace navy uEuxhXrSyG 4868,1707665293000,33.89006,35.47187
117,eb7ec817-b6e6-4ac3-a003-708997f9174d,Aerospace navy uEuxhXrSyG 4868,1707665294000,33.88998,35.47188
118,eb7ec817-b6e6-4ac3-a003-708997f9174d,Aerospace navy uEuxhXrSyG 4868,1707665295000,33.88988,35.4719
119,eb7ec817-b6e6-4ac3-a003-708997f9174d,Aerospace navy uEuxhXrSyG 4868,1707665296000,33.88977,35.47192
120,eb7ec817-b6e6-4ac3-a003-708997f9174d,Aerospace navy uEuxhXrSyG 4868,1707665297000,33.88963,35.47194
121,eb7ec817-b6e6-4ac3-a003-708997f9174d,Aerospace navy uEuxhXrSyG 4868,1707665299000,33.88947,35.47199
122,eb7ec817-b6e6-4ac3-a003-708997f9174d,Aerospace navy uEuxhXrSyG 4868,1707665300000,33.88927,35.47207
123,eb7ec817-b6e6-4ac3-a003-708997f9174d,Aerospace navy uEuxhXrSyG 4868,1707665301000,33.88919,35.47212
124,eb7ec817-b6e6-4ac3-a003-708997f9174d,Aerospace navy uEuxhXrSyG 4868,1707665302000,33.88909,35.47218
125,eb7ec817-b6e6-4ac3-a003-708997f9174d,Aerospace navy uEuxhXrSyG 4868,1707665303000,33.88894,35.47229
126,eb7ec817-b6e6-4ac3-a003-708997f9174d,Aerospace navy uEuxhXrSyG 4868,1707665304000,33.88874,35.47248
127,eb7ec817-b6e6-4ac3-a003-708997f9174d,Aerospace navy uEuxhXrSyG 4868,1707665307000,33.88872,35.4725
128,eb7ec817-b6e6-4ac3-a003-708997f9174d,Aerospace navy uEuxhXrSyG 4868,1707665308000,33.88854,35.4727
129,eb7ec817-b6e6-4ac3-a003-708997f9174d,Aerospace navy uEuxhXrSyG 4868,1707665309000,33.88847,35.47277
130,eb7ec817-b6e6-4ac3-a003-708997f9174d,Aerospace navy uEuxhXrSyG 4868,1707665311000,33.88832,35.47294
131,eb7ec817-b6e6-4ac3-a003-708997f9174d,Aerospace navy uEuxhXrSyG 4868,1707665312000,33.88816,35.47311
132,eb7ec817-b6e6-4ac3-a003-708997f9174d,Aerospace navy uEuxhXrSyG 4868,1707665313000,33.88794,35.47326
133,eb7ec817-b6e6-4ac3-a003-708997f9174d,Aerospace navy uEuxhXrSyG 4868,1707665314000,33.88774,35.47338
134,eb7ec817-b6e6-4ac3-a003-708997f9174d,Aerospace navy uEuxhXrSyG 4868,1707665315000,33.88766,35.47343
135,eb7ec817-b6e6-4ac3-a003-708997f9174d,Aerospace navy uEuxhXrSyG 4868,1707665316000,33.88738,35.4736
136,eb7ec817-b6e6-4ac3-a003-708997f9174d,Aerospace navy uEuxhXrSyG 4868,1707665317000,33.88694,35.47387
137,eb7ec817-b6e6-4ac3-a003-708997f9174d,Aerospace navy uEuxhXrSyG 4868,1707665320000,33.88676,35.47399
138,eb7ec817-b6e6-4ac3-a003-708997f9174d,Aerospace navy uEuxhXrSyG 4868,1707665321000,33.88653,35.47416
139,eb7ec817-b6e6-4ac3-a003-708997f9174d,Aerospace navy uEuxhXrSyG 4868,1707665322000,33.88635,35.47435
140,eb7ec817-b6e6-4ac3-a003-708997f9174d,Aerospace navy uEuxhXrSyG 4868,1707665323000,33.88629,35.47441
141,eb7ec817-b6e6-4ac3-a003-708997f9174d,Aerospace navy uEuxhXrSyG 4868,1707665324000,33.88622,35.4745
142,eb7ec817-b6e6-4ac3-a003-708997f9174d,Aerospace navy uEuxhXrSyG 4868,1707665325000,33.8861,35.47466
143,eb7ec817-b6e6-4ac3-a003-708997f9174d,Aerospace navy uEuxhXrSyG 4868,1707665328000,33.88592,35.47492
144,eb7ec817-b6e6-4ac3-a003-708997f9174d,Aerospace navy uEuxhXrSyG 4868,1707665330000,33.88577,35.47522
145,eb7ec817-b6e6-4ac3-a003-708997f9174d,Aerospace navy uEuxhXrSyG 4868,1707665331000,33.88574,35.47529
146,eb7ec817-b6e6-4ac3-a003-708997f9174d,Aerospace navy uEuxhXrSyG 4868,1707665333000,33.88572,35.47535
147,eb7ec817-b6e6-4ac3-a003-708997f9174d,Aerospace navy uEuxhXrSyG 4868,1707665335000,33.88569,35.47545
148,eb7ec817-b6e6-4ac3-a003-708997f9174d,Aerospace navy uEuxhXrSyG 4868,1707665336000,33.88566,35.47555
149,eb7ec817-b6e6-4ac3-a003-708997f9174d,Aerospace navy uEuxhXrSyG 4868,1707665337000,33.88563,35.47565
150,eb7ec817-b6e6-4ac3-a003-708997f9174d,Aerospace navy uEuxhXrSyG 4868,1707665338000,33.8856,35.47575
151,eb7ec817-b6e6-4ac3-a003-708997f9174d,Aerospace navy uEuxhXrSyG 4868,1707665339000,33.88559,35.47584
152,eb7ec817-b6e6-4ac3-a003-708997f9174d,Aerospace navy uEuxhXrSyG 4868,1707665340000,33.88558,35.47585
153,eb7ec817-b6e6-4ac3-a003-708997f9174d,Aerospace navy uEuxhXrSyG 4868,1707665341000,33.88556,35.47596
154,eb7ec817-b6e6-4ac3-a003-708997f9174d,Aerospace navy uEuxhXrSyG 4868,1707665342000,33.88554,35.47605
155,eb7ec817-b6e6-4ac3-a003-708997f9174d,Aerospace navy uEuxhXrSyG 4868,1707665344000,33.88553,35.47609
156,eb7ec817-b6e6-4ac3-a003-708997f9174d,Aerospace navy uEuxhXrSyG 4868,1707665347000,33.8855,35.47626
157,eb7ec817-b6e6-4ac3-a003-708997f9174d,Aerospace navy uEuxhXrSyG 4868,1707665348000,33.8855,35.47628
158,eb7ec817-b6e6-4ac3-a003-708997f9174d,Aerospace navy uEuxhXrSyG 4868,1707665349000,33.88545,35.47647
159,eb7ec817-b6e6-4ac3-a003-708997f9174d,Aerospace navy uEuxhXrSyG 4868,1707665350000,33.88542,35.47661
160,eb7ec817-b6e6-4ac3-a003-708997f9174d,Aerospace navy uEuxhXrSyG 4868,1707665352000,33.8854,35.47667
161,eb7ec817-b6e6-4ac3-a003-708997f9174d,Aerospace navy uEuxhXrSyG 4868,1707665353000,33.8854,35.47668
162,eb7ec817-b6e6-4ac3-a003-708997f9174d,Aerospace navy uEuxhXrSyG 4868,1707665354000,33.88538,35.47674
163,eb7ec817-b6e6-4ac3-a003-708997f9174d,Aerospace navy uEuxhXrSyG 4868,1707665356000,33.88536,35.47681
164,eb7ec817-b6e6-4ac3-a003-708997f9174d,Aerospace navy uEuxhXrSyG 4868,1707665359000,33.88534,35.47687
165,eb7ec817-b6e6-4ac3-a003-708997f9174d,Aerospace navy uEuxhXrSyG 4868,1707665360000,33.88533,35.47691
166,eb7ec817-b6e6-4ac3-a003-708997f9174d,Aerospace navy uEuxhXrSyG 4868,1707665362000,33.88531,35.47695
167,eb7ec817-b6e6-4ac3-a003-708997f9174d,Aerospace navy uEuxhXrSyG 4868,1707665363000,33.88529,35.47699
168,eb7ec817-b6e6-4ac3-a003-708997f9174d,Aerospace navy uEuxhXrSyG 4868,1707665364000,33.88527,35.47703
169,eb7ec817-b6e6-4ac3-a003-708997f9174d,Aerospace navy uEuxhXrSyG 4868,1707665365000,33.88525,35.47706
170,eb7ec817-b6e6-4ac3-a003-708997f9174d,Aerospace navy uEuxhXrSyG 4868,1707665366000,33.88525,35.47707
171,eb7ec817-b6e6-4ac3-a003-708997f9174d,Aerospace navy uEuxhXrSyG 4868,1707665367000,33.88523,35.4771
172,eb7ec817-b6e6-4ac3-a003-708997f9174d,Aerospace navy uEuxhXrSyG 4868,1707665368000,33.88521,35.47714
173,eb7ec817-b6e6-4ac3-a003-708997f9174d,Aerospace navy uEuxhXrSyG 4868,1707665369000,33.88518,35.47717
174,eb7ec817-b6e6-4ac3-a003-708997f9174d,Aerospace navy uEuxhXrSyG 4868,1707665370000,33.88516,35.4772
175,eb7ec817-b6e6-4ac3-a003-708997f9174d,Aerospace navy uEuxhXrSyG 4868,1707665371000,33.88514,35.47723
176,eb7ec817-b6e6-4ac3-a003-708997f9174d,Aerospace navy uEuxhXrSyG 4868,1707665372000,33.88513,35.47724
177,eb7ec817-b6e6-4ac3-a003-708997f9174d,Aerospace navy uEuxhXrSyG 4868,1707665373000,33.88511,35.47727
178,eb7ec817-b6e6-4ac3-a003-708997f9174d,Aerospace navy uEuxhXrSyG 4868,1707665374000,33.88508,35.4773
179,eb7ec817-b6e6-4ac3-a003-708997f9174d,Aerospace navy uEuxhXrSyG 4868,1707665375000,33.88505,35.47733
180,eb7ec817-b6e6-4ac3-a003-708997f9174d,Aerospace navy uEuxhXrSyG 4868,1707665376000,33.88502,35.47736
181,eb7ec817-b6e6-4ac3-a003-708997f9174d,Aerospace navy uEuxhXrSyG 4868,1707665377000,33.88501,35.47737
182,eb7ec817-b6e6-4ac3-a003-708997f9174d,Aerospace navy uEuxhXrSyG 4868,1707665379000,33.88499,35.47739
183,eb7ec817-b6e6-4ac3-a003-708997f9174d,Aerospace navy uEuxhXrSyG 4868,1707665380000,33.88497,35.4774
184,eb7ec817-b6e6-4ac3-a003-708997f9174d,Aerospace navy uEuxhXrSyG 4868,1707665381000,33.88495,35.47742
185,eb7ec817-b6e6-4ac3-a003-708997f9174d,Aerospace navy uEuxhXrSyG 4868,1707665382000,33.88493,35.47743
186,eb7ec817-b6e6-4ac3-a003-708997f9174d,Aerospace navy uEuxhXrSyG 4868,1707665383000,33.88491,35.47744
187,eb7ec817-b6e6-4ac3-a003-708997f9174d,Aerospace navy uEuxhXrSyG 4868,1707665384000,33.88487,35.47746
188,eb7ec817-b6e6-4ac3-a003-708997f9174d,Aerospace navy uEuxhXrSyG 4868,1707665385000,33.88485,35.47748
189,eb7ec817-b6e6-4ac3-a003-708997f9174d,Aerospace navy uEuxhXrSyG 4868,1707665386000,33.88468,35.47757
190,eb7ec817-b6e6-4ac3-a003-708997f9174d,Aerospace navy uEuxhXrSyG 4868,1707665387000,33.88445,35.4777
191,eb7ec817-b6e6-4ac3-a003-708997f9174d,Aerospace navy uEuxhXrSyG 4868,1707665388000,33.88418,35.47785
192,eb7ec817-b6e6-4ac3-a003-708997f9174d,Aerospace navy uEuxhXrSyG 4868,1707665389000,33.88417,35.47786
193,eb7ec817-b6e6-4ac3-a003-708997f9174d,Aerospace navy uEuxhXrSyG 4868,1707665390000,33.88415,35.47787
194,eb7ec817-b6e6-4ac3-a003-708997f9174d,Aerospace navy uEuxhXrSyG 4868,1707665392000,33.88414,35.47788
195,eb7ec817-b6e6-4ac3-a003-708997f9174d,Aerospace navy uEuxhXrSyG 4868,1707665394000,33.88413,35.47789
196,eb7ec817-b6e6-4ac3-a003-708997f9174d,Aerospace navy uEuxhXrSyG 4868,1707665396000,33.88411,35.4779
197,eb7ec817-b6e6-4ac3-a003-708997f9174d,Aerospace navy uEuxhXrSyG 4868,1707665397000,33.8841,35.47791
198,eb7ec817-b6e6-4ac3-a003-708997f9174d,Aerospace navy uEuxhXrSyG 4868,1707665398000,33.88409,35.47792
199,eb7ec817-b6e6-4ac3-a003-708997f9174d,Aerospace navy uEuxhXrSyG 4868,1707665399000,33.88408,35.47793
200,eb7ec817-b6e6-4ac3-a003-708997f9174d,Aerospace navy uEuxhXrSyG 4868,1707665401000,33.88406,35.47795
201,eb7ec817-b6e6-4ac3-a003-708997f9174d,Aerospace navy uEuxhXrSyG 4868,1707665402000,33.88405,35.47796
202,eb7ec817-b6e6-4ac3-a003-708997f9174d,Aerospace navy uEuxhXrSyG 4868,1707665403000,33.88404,35.47797
203,eb7ec817-b6e6-4ac3-a003-708997f9174d,Aerospace navy uEuxhXrSyG 4868,1707665404000,33.88403,35.47799
204,eb7ec817-b6e6-4ac3-a003-708997f9174d,Aerospace navy uEuxhXrSyG 4868,1707665405000,33.88402,35.478
205,eb7ec817-b6e6-4ac3-a003-708997f9174d,Aerospace navy uEuxhXrSyG 4868,1707665406000,33.88397,35.47808
206,eb7ec817-b6e6-4ac3-a003-708997f9174d,Aerospace navy uEuxhXrSyG 4868,1707665407000,33.88392,35.47816
207,eb7ec817-b6e6-4ac3-a003-708997f9174d,Aerospace navy uEuxhXrSyG 4868,1707665408000,33.88387,35.47825
208,eb7ec817-b6e6-4ac3-a003-708997f9174d,Aerospace navy uEuxhXrSyG 4868,1707665409000,33.88378,35.47846
209,eb7ec817-b6e6-4ac3-a003-708997f9174d,Aerospace navy uEuxhXrSyG 4868,1707665411000,33.88372,35.47864
210,eb7ec817-b6e6-4ac3-a003-708997f9174d,Aerospace navy uEuxhXrSyG 4868,1707665412000,33.8837,35.47867
211,eb7ec817-b6e6-4ac3-a003-708997f9174d,Aerospace navy uEuxhXrSyG 4868,1707665413000,33.88365,35.47884
212,eb7ec817-b6e6-4ac3-a003-708997f9174d,Aerospace navy uEuxhXrSyG 4868,1707665414000,33.88364,35.47886
213,eb7ec817-b6e6-4ac3-a003-708997f9174d,Aerospace navy uEuxhXrSyG 4868,1707665417000,33.8836,35.47899
214,eb7ec817-b6e6-4ac3-a003-708997f9174d,Aerospace navy uEuxhXrSyG 4868,1707665418000,33.88356,35.47914
215,eb7ec817-b6e6-4ac3-a003-708997f9174d,Aerospace navy uEuxhXrSyG 4868,1707665419000,33.88353,35.47929
216,eb7ec817-b6e6-4ac3-a003-708997f9174d,Aerospace navy uEuxhXrSyG 4868,1707665420000,33.88353,35.47929
217,eb7ec817-b6e6-4ac3-a003-708997f9174d,Aerospace navy uEuxhXrSyG 4868,1707665421000,33.8834,35.47957
218,eb7ec817-b6e6-4ac3-a003-708997f9174d,Aerospace navy uEuxhXrSyG 4868,1707665423000,33.88339,35.47961
219,eb7ec817-b6e6-4ac3-a003-708997f9174d,Aerospace navy uEuxhXrSyG 4868,1707665424000,33.88332,35.47981
220,eb7ec817-b6e6-4ac3-a003-708997f9174d,Aerospace navy uEuxhXrSyG 4868,1707665425000,33.88317,35.4803
221,eb7ec817-b6e6-4ac3-a003-708997f9174d,Aerospace navy uEuxhXrSyG 4868,1707665426000,33.8831,35.48047
222,eb7ec817-b6e6-4ac3-a003-708997f9174d,Aerospace navy uEuxhXrSyG 4868,1707665428000,33.88308,35.4805
223,eb7ec817-b6e6-4ac3-a003-708997f9174d,Aerospace navy uEuxhXrSyG 4868,1707665429000,33.88307,35.48054
224,eb7ec817-b6e6-4ac3-a003-708997f9174d,Aerospace navy uEuxhXrSyG 4868,1707665430000,33.88297,35.48081
225,eb7ec817-b6e6-4ac3-a003-708997f9174d,Aerospace navy uEuxhXrSyG 4868,1707665431000,33.88285,35.48113
226,eb7ec817-b6e6-4ac3-a003-708997f9174d,Aerospace navy uEuxhXrSyG 4868,1707665432000,33.88285,35.48113
227,eb7ec817-b6e6-4ac3-a003-708997f9174d,Aerospace navy uEuxhXrSyG 4868,1707665434000,33.8828,35.48129
228,eb7ec817-b6e6-4ac3-a003-708997f9174d,Aerospace navy uEuxhXrSyG 4868,1707665435000,33.88274,35.48155
229,eb7ec817-b6e6-4ac3-a003-708997f9174d,Aerospace navy uEuxhXrSyG 4868,1707665436000,33.8827,35.48171
230,eb7ec817-b6e6-4ac3-a003-708997f9174d,Aerospace navy uEuxhXrSyG 4868,1707665437000,33.8827,35.48172
231,eb7ec817-b6e6-4ac3-a003-708997f9174d,Aerospace navy uEuxhXrSyG 4868,1707665438000,33.88266,35.48186
232,eb7ec817-b6e6-4ac3-a003-708997f9174d,Aerospace navy uEuxhXrSyG 4868,1707665439000,33.88264,35.48191
233,eb7ec817-b6e6-4ac3-a003-708997f9174d,Aerospace navy uEuxhXrSyG 4868,1707665441000,33.88264,35.48192
234,eb7ec817-b6e6-4ac3-a003-708997f9174d,Aerospace navy uEuxhXrSyG 4868,1707665442000,33.88258,35.48212
235,eb7ec817-b6e6-4ac3-a003-708997f9174d,Aerospace navy uEuxhXrSyG 4868,1707665443000,33.88257,35.48217
236,eb7ec817-b6e6-4ac3-a003-708997f9174d,Aerospace navy uEuxhXrSyG 4868,1707665444000,33.88246,35.48253
237,eb7ec817-b6e6-4ac3-a003-708997f9174d,Aerospace navy uEuxhXrSyG 4868,1707665445000,33.88242,35.48267
238,eb7ec817-b6e6-4ac3-a003-708997f9174d,Aerospace navy uEuxhXrSyG 4868,1707665446000,33.88241,35.48268
239,eb7ec817-b6e6-4ac3-a003-708997f9174d,Aerospace navy uEuxhXrSyG 4868,1707665448000,33.8824,35.48273
240,eb7ec817-b6e6-4ac3-a003-708997f9174d,Aerospace navy uEuxhXrSyG 4868,1707665449000,33.88239,35.48275
241,eb7ec817-b6e6-4ac3-a003-708997f9174d,Aerospace navy uEuxhXrSyG 4868,1707665450000,33.88224,35.48326
242,eb7ec817-b6e6-4ac3-a003-708997f9174d,Aerospace navy uEuxhXrSyG 4868,1707665451000,33.88206,35.48388
243,eb7ec817-b6e6-4ac3-a003-708997f9174d,Aerospace navy uEuxhXrSyG 4868,1707665452000,33.88203,35.48398
244,eb7ec817-b6e6-4ac3-a003-708997f9174d,Aerospace navy uEuxhXrSyG 4868,1707665453000,33.88202,35.48402
245,eb7ec817-b6e6-4ac3-a003-708997f9174d,Aerospace navy uEuxhXrSyG 4868,1707665454000,33.882,35.48408
246,eb7ec817-b6e6-4ac3-a003-708997f9174d,Aerospace navy uEuxhXrSyG 4868,1707665455000,33.88186,35.48459
247,eb7ec817-b6e6-4ac3-a003-708997f9174d,Aerospace navy uEuxhXrSyG 4868,1707665457000,33.88186,35.48459
248,eb7ec817-b6e6-4ac3-a003-708997f9174d,Aerospace navy uEuxhXrSyG 4868,1707665460000,33.88175,35.4847
249,eb7ec817-b6e6-4ac3-a003-708997f9174d,Aerospace navy uEuxhXrSyG 4868,1707665461000,33.88165,35.48482
250,eb7ec817-b6e6-4ac3-a003-708997f9174d,Aerospace navy uEuxhXrSyG 4868,1707665463000,33.88147,35.48503
251,eb7ec817-b6e6-4ac3-a003-708997f9174d,Aerospace navy uEuxhXrSyG 4868,1707665465000,33.88131,35.4852
252,eb7ec817-b6e6-4ac3-a003-708997f9174d,Aerospace navy uEuxhXrSyG 4868,1707665466000,33.8809,35.48568
253,eb7ec817-b6e6-4ac3-a003-708997f9174d,Aerospace navy uEuxhXrSyG 4868,1707665467000,33.88077,35.48583
254,eb7ec817-b6e6-4ac3-a003-708997f9174d,Aerospace navy uEuxhXrSyG 4868,1707665468000,33.88077,35.48583
255,eb7ec817-b6e6-4ac3-a003-708997f9174d,Aerospace navy uEuxhXrSyG 4868,1707665470000,33.88026,35.4864
256,eb7ec817-b6e6-4ac3-a003-708997f9174d,Aerospace navy uEuxhXrSyG 4868,1707665471000,33.88025,35.48641
257,eb7ec817-b6e6-4ac3-a003-708997f9174d,Aerospace navy uEuxhXrSyG 4868,1707665472000,33.88023,35.48643
258,eb7ec817-b6e6-4ac3-a003-708997f9174d,Aerospace navy uEuxhXrSyG 4868,1707665475000,33.88022,35.48644
259,eb7ec817-b6e6-4ac3-a003-708997f9174d,Aerospace navy uEuxhXrSyG 4868,1707665476000,33.8802,35.48645
260,eb7ec817-b6e6-4ac3-a003-708997f9174d,Aerospace navy uEuxhXrSyG 4868,1707665477000,33.88019,35.48647
261,eb7ec817-b6e6-4ac3-a003-708997f9174d,Aerospace navy uEuxhXrSyG 4868,1707665478000,33.88017,35.48648
262,eb7ec817-b6e6-4ac3-a003-708997f9174d,Aerospace navy uEuxhXrSyG 4868,1707665479000,33.88015,35.48649
263,eb7ec817-b6e6-4ac3-a003-708997f9174d,Aerospace navy uEuxhXrSyG 4868,1707665481000,33.88014,35.4865
264,eb7ec817-b6e6-4ac3-a003-708997f9174d,Aerospace navy uEuxhXrSyG 4868,1707665485000,33.88012,35.48651
265,eb7ec817-b6e6-4ac3-a003-708997f9174d,Aerospace navy uEuxhXrSyG 4868,1707665486000,33.88011,35.48652
266,eb7ec817-b6e6-4ac3-a003-708997f9174d,Aerospace navy uEuxhXrSyG 4868,1707665487000,33.8801,35.48652
267,eb7ec817-b6e6-4ac3-a003-708997f9174d,Aerospace navy uEuxhXrSyG 4868,1707665488000,33.88008,35.48653
268,eb7ec817-b6e6-4ac3-a003-708997f9174d,Aerospace navy uEuxhXrSyG 4868,1707665489000,33.88007,35.48654
269,eb7ec817-b6e6-4ac3-a003-708997f9174d,Aerospace navy uEuxhXrSyG 4868,1707665490000,33.88005,35.48654
270,eb7ec817-b6e6-4ac3-a003-708997f9174d,Aerospace navy uEuxhXrSyG 4868,1707665491000,33.88003,35.48655
271,eb7ec817-b6e6-4ac3-a003-708997f9174d,Aerospace navy uEuxhXrSyG 4868,1707665492000,33.88002,35.48656
272,eb7ec817-b6e6-4ac3-a003-708997f9174d,Aerospace navy uEuxhXrSyG 4868,1707665493000,33.88,35.48656
273,eb7ec817-b6e6-4ac3-a003-708997f9174d,Aerospace navy uEuxhXrSyG 4868,1707665494000,33.87998,35.48657
274,eb7ec817-b6e6-4ac3-a003-708997f9174d,Aerospace navy uEuxhXrSyG 4868,1707665496000,33.87996,35.48657
275,eb7ec817-b6e6-4ac3-a003-708997f9174d,Aerospace navy uEuxhXrSyG 4868,1707665497000,33.87994,35.48657
276,eb7ec817-b6e6-4ac3-a003-708997f9174d,Aerospace navy uEuxhXrSyG 4868,1707665498000,33.87993,35.48657
277,eb7ec817-b6e6-4ac3-a003-708997f9174d,Aerospace navy uEuxhXrSyG 4868,1707665499000,33.87991,35.48658
278,eb7ec817-b6e6-4ac3-a003-708997f9174d,Aerospace navy uEuxhXrSyG 4868,1707665500000,33.87989,35.48658
279,eb7ec817-b6e6-4ac3-a003-708997f9174d,Aerospace navy uEuxhXrSyG 4868,1707665501000,33.87987,35.48658
280,eb7ec817-b6e6-4ac3-a003-708997f9174d,Aerospace navy uEuxhXrSyG 4868,1707665502000,33.87985,35.48658
281,eb7ec817-b6e6-4ac3-a003-708997f9174d,Aerospace navy uEuxhXrSyG 4868,1707665503000,33.87983,35.48657
282,eb7ec817-b6e6-4ac3-a003-708997f9174d,Aerospace navy uEuxhXrSyG 4868,1707665504000,33.87982,35.48657
283,eb7ec817-b6e6-4ac3-a003-708997f9174d,Aerospace navy uEuxhXrSyG 4868,1707665505000,33.8798,35.48657
284,eb7ec817-b6e6-4ac3-a003-708997f9174d,Aerospace navy uEuxhXrSyG 4868,1707665506000,33.87978,35.48656
285,eb7ec817-b6e6-4ac3-a003-708997f9174d,Aerospace navy uEuxhXrSyG 4868,1707665507000,33.87976,35.48656
286,eb7ec817-b6e6-4ac3-a003-708997f9174d,Aerospace navy uEuxhXrSyG 4868,1707665508000,33.87974,35.48655
287,eb7ec817-b6e6-4ac3-a003-708997f9174d,Aerospace navy uEuxhXrSyG 4868,1707665509000,33.87973,35.48655
288,eb7ec817-b6e6-4ac3-a003-708997f9174d,Aerospace navy uEuxhXrSyG 4868,1707665510000,33.87968,35.48653
289,eb7ec817-b6e6-4ac3-a003-708997f9174d,Aerospace navy uEuxhXrSyG 4868,1707665511000,33.87963,35.4865
290,eb7ec817-b6e6-4ac3-a003-708997f9174d,Aerospace navy uEuxhXrSyG 4868,1707665512000,33.87959,35.48648
291,eb7ec817-b6e6-4ac3-a003-708997f9174d,Aerospace navy uEuxhXrSyG 4868,1707665513000,33.87954,35.48646
292,eb7ec817-b6e6-4ac3-a003-708997f9174d,Aerospace navy uEuxhXrSyG 4868,1707665514000,33.87952,35.48643
293,eb7ec817-b6e6-4ac3-a003-708997f9174d,Aerospace navy uEuxhXrSyG 4868,1707665515000,33.8795,35.48641
294,eb7ec817-b6e6-4ac3-a003-708997f9174d,Aerospace navy uEuxhXrSyG 4868,1707665516000,33.87947,35.48639
295,eb7ec817-b6e6-4ac3-a003-708997f9174d,Aerospace navy uEuxhXrSyG 4868,1707665518000,33.87945,35.48637
296,eb7ec817-b6e6-4ac3-a003-708997f9174d,Aerospace navy uEuxhXrSyG 4868,1707665519000,33.87942,35.48635
297,eb7ec817-b6e6-4ac3-a003-708997f9174d,Aerospace navy uEuxhXrSyG 4868,1707665521000,33.87939,35.48633
298,eb7ec817-b6e6-4ac3-a003-708997f9174d,Aerospace navy uEuxhXrSyG 4868,1707665523000,33.87937,35.48631
299,eb7ec817-b6e6-4ac3-a003-708997f9174d,Aerospace navy uEuxhXrSyG 4868,1707665524000,33.87934,35.4863
300,eb7ec817-b6e6-4ac3-a003-708997f9174d,Aerospace navy uEuxhXrSyG 4868,1707665525000,33.87931,35.48628
301,eb7ec817-b6e6-4ac3-a003-708997f9174d,Aerospace navy uEuxhXrSyG 4868,1707665527000,33.87928,35.48627
302,eb7ec817-b6e6-4ac3-a003-708997f9174d,Aerospace navy uEuxhXrSyG 4868,1707665528000,33.87926,35.48625
303,eb7ec817-b6e6-4ac3-a003-708997f9174d,Aerospace navy uEuxhXrSyG 4868,1707665529000,33.87923,35.48624
304,eb7ec817-b6e6-4ac3-a003-708997f9174d,Aerospace navy uEuxhXrSyG 4868,1707665530000,33.8792,35.48623
305,eb7ec817-b6e6-4ac3-a003-708997f9174d,Aerospace navy uEuxhXrSyG 4868,1707665531000,33.87917,35.48622
306,eb7ec817-b6e6-4ac3-a003-708997f9174d,Aerospace navy uEuxhXrSyG 4868,1707665532000,33.87914,35.48621
307,eb7ec817-b6e6-4ac3-a003-708997f9174d,Aerospace navy uEuxhXrSyG 4868,1707665533000,33.87911,35.48621
308,eb7ec817-b6e6-4ac3-a003-708997f9174d,Aerospace navy uEuxhXrSyG 4868,1707665535000,33.87905,35.4862
309,eb7ec817-b6e6-4ac3-a003-708997f9174d,Aerospace navy uEuxhXrSyG 4868,1707665536000,33.87879,35.48619
310,eb7ec817-b6e6-4ac3-a003-708997f9174d,Aerospace navy uEuxhXrSyG 4868,1707665538000,33.87869,35.48619
311,eb7ec817-b6e6-4ac3-a003-708997f9174d,Aerospace navy uEuxhXrSyG 4868,1707665539000,33.87812,35.48623
312,eb7ec817-b6e6-4ac3-a003-708997f9174d,Aerospace navy uEuxhXrSyG 4868,1707665540000,33.8778,35.48623
313,eb7ec817-b6e6-4ac3-a003-708997f9174d,Aerospace navy uEuxhXrSyG 4868,1707665542000,33.87722,35.48625
314,eb7ec817-b6e6-4ac3-a003-708997f9174d,Aerospace navy uEuxhXrSyG 4868,1707665543000,33.87632,35.48625
315,eb7ec817-b6e6-4ac3-a003-708997f9174d,Aerospace navy uEuxhXrSyG 4868,1707665544000,33.87614,35.48626
316,eb7ec817-b6e6-4ac3-a003-708997f9174d,Aerospace navy uEuxhXrSyG 4868,1707665545000,33.87556,35.48626
317,eb7ec817-b6e6-4ac3-a003-708997f9174d,Aerospace navy uEuxhXrSyG 4868,1707665546000,33.87532,35.48626
318,eb7ec817-b6e6-4ac3-a003-708997f9174d,Aerospace navy uEuxhXrSyG 4868,1707665548000,33.87508,35.48626
319,eb7ec817-b6e6-4ac3-a003-708997f9174d,Aerospace navy uEuxhXrSyG 4868,1707665549000,33.87487,35.48626
320,eb7ec817-b6e6-4ac3-a003-708997f9174d,Aerospace navy uEuxhXrSyG 4868,1707665550000,33.87454,35.48626
321,eb7ec817-b6e6-4ac3-a003-708997f9174d,Aerospace navy uEuxhXrSyG 4868,1707665551000,33.87409,35.48625
322,eb7ec817-b6e6-4ac3-a003-708997f9174d,Aerospace navy uEuxhXrSyG 4868,1707665553000,33.87369,35.48623
323,eb7ec817-b6e6-4ac3-a003-708997f9174d,Aerospace navy uEuxhXrSyG 4868,1707665554000,33.87341,35.48622
324,eb7ec817-b6e6-4ac3-a003-708997f9174d,Aerospace navy uEuxhXrSyG 4868,1707665555000,33.87201,35.4862
325,eb7ec817-b6e6-4ac3-a003-708997f9174d,Aerospace navy uEuxhXrSyG 4868,1707665558000,33.87068,35.48622
326,eb7ec817-b6e6-4ac3-a003-708997f9174d,Aerospace navy uEuxhXrSyG 4868,1707665559000,33.87034,35.48623
327,eb7ec817-b6e6-4ac3-a003-708997f9174d,Aerospace navy uEuxhXrSyG 4868,1707665560000,33.86996,35.48623
328,eb7ec817-b6e6-4ac3-a003-708997f9174d,Aerospace navy uEuxhXrSyG 4868,1707665561000,33.8696,35.48624
329,eb7ec817-b6e6-4ac3-a003-708997f9174d,Aerospace navy uEuxhXrSyG 4868,1707665562000,33.86856,35.48625
330,eb7ec817-b6e6-4ac3-a003-708997f9174d,Aerospace navy uEuxhXrSyG 4868,1707665566000,33.86821,35.48624
331,eb7ec817-b6e6-4ac3-a003-708997f9174d,Aerospace navy uEuxhXrSyG 4868,1707665568000,33.8682,35.48624
332,eb7ec817-b6e6-4ac3-a003-708997f9174d,Aerospace navy uEuxhXrSyG 4868,1707665569000,33.86784,35.48624
333,eb7ec817-b6e6-4ac3-a003-708997f9174d,Aerospace navy uEuxhXrSyG 4868,1707665571000,33.86766,35.48623
334,eb7ec817-b6e6-4ac3-a003-708997f9174d,Aerospace navy uEuxhXrSyG 4868,1707665572000,33.86682,35.48622
335,eb7ec817-b6e6-4ac3-a003-708997f9174d,Aerospace navy uEuxhXrSyG 4868,1707665573000,33.86646,35.48619
336,eb7ec817-b6e6-4ac3-a003-708997f9174d,Aerospace navy uEuxhXrSyG 4868,1707665574000,33.86645,35.48619
337,eb7ec817-b6e6-4ac3-a003-708997f9174d,Aerospace navy uEuxhXrSyG 4868,1707665578000,33.86628,35.48617
338,eb7ec817-b6e6-4ac3-a003-708997f9174d,Aerospace navy uEuxhXrSyG 4868,1707665579000,33.86574,35.48612
339,eb7ec817-b6e6-4ac3-a003-708997f9174d,Aerospace navy uEuxhXrSyG 4868,1707665581000,33.86572,35.48611
340,eb7ec817-b6e6-4ac3-a003-708997f9174d,Aerospace navy uEuxhXrSyG 4868,1707665582000,33.86498,35.48604
341,eb7ec817-b6e6-4ac3-a003-708997f9174d,Aerospace navy uEuxhXrSyG 4868,1707665583000,33.86327,35.48591
342,eb7ec817-b6e6-4ac3-a003-708997f9174d,Aerospace navy uEuxhXrSyG 4868,1707665584000,33.86291,35.48589
343,eb7ec817-b6e6-4ac3-a003-708997f9174d,Aerospace navy uEuxhXrSyG 4868,1707665585000,33.86183,35.48582
344,eb7ec817-b6e6-4ac3-a003-708997f9174d,Aerospace navy uEuxhXrSyG 4868,1707665587000,33.86178,35.48582
345,eb7ec817-b6e6-4ac3-a003-708997f9174d,Aerospace navy uEuxhXrSyG 4868,1707665588000,33.86061,35.48574
346,eb7ec817-b6e6-4ac3-a003-708997f9174d,Aerospace navy uEuxhXrSyG 4868,1707665589000,33.86054,35.48573
347,eb7ec817-b6e6-4ac3-a003-708997f9174d,Aerospace navy uEuxhXrSyG 4868,1707665590000,33.86025,35.48571
348,eb7ec817-b6e6-4ac3-a003-708997f9174d,Aerospace navy uEuxhXrSyG 4868,1707665591000,33.85999,35.4857
349,eb7ec817-b6e6-4ac3-a003-708997f9174d,Aerospace navy uEuxhXrSyG 4868,1707665592000,33.85992,35.4857
350,eb7ec817-b6e6-4ac3-a003-708997f9174d,Aerospace navy uEuxhXrSyG 4868,1707665593000,33.85986,35.4857
351,eb7ec817-b6e6-4ac3-a003-708997f9174d,Aerospace navy uEuxhXrSyG 4868,1707665596000,33.85932,35.48566
352,eb7ec817-b6e6-4ac3-a003-708997f9174d,Aerospace navy uEuxhXrSyG 4868,1707665597000,33.85788,35.48552
353,eb7ec817-b6e6-4ac3-a003-708997f9174d,Aerospace navy uEuxhXrSyG 4868,1707665598000,33.85769,35.48551
354,eb7ec817-b6e6-4ac3-a003-708997f9174d,Aerospace navy uEuxhXrSyG 4868,1707665599000,33.85749,35.48549
355,eb7ec817-b6e6-4ac3-a003-708997f9174d,Aerospace navy uEuxhXrSyG 4868,1707665600000,33.85736,35.48549
356,eb7ec817-b6e6-4ac3-a003-708997f9174d,Aerospace navy uEuxhXrSyG 4868,1707665601000,33.85707,35.4855
357,eb7ec817-b6e6-4ac3-a003-708997f9174d,Aerospace navy uEuxhXrSyG 4868,1707665602000,33.85707,35.4855
358,eb7ec817-b6e6-4ac3-a003-708997f9174d,Aerospace navy uEuxhXrSyG 4868,1707665603000,33.85697,35.4855
359,eb7ec817-b6e6-4ac3-a003-708997f9174d,Aerospace navy uEuxhXrSyG 4868,1707665604000,33.85678,35.48552
360,eb7ec817-b6e6-4ac3-a003-708997f9174d,Aerospace navy uEuxhXrSyG 4868,1707665605000,33.85663,35.48553
361,eb7ec817-b6e6-4ac3-a003-708997f9174d,Aerospace navy uEuxhXrSyG 4868,1707665607000,33.85586,35.48548
362,eb7ec817-b6e6-4ac3-a003-708997f9174d,Aerospace navy uEuxhXrSyG 4868,1707665608000,33.85538,35.48545
363,eb7ec817-b6e6-4ac3-a003-708997f9174d,Aerospace navy uEuxhXrSyG 4868,1707665609000,33.85472,35.48541
364,eb7ec817-b6e6-4ac3-a003-708997f9174d,Aerospace navy uEuxhXrSyG 4868,1707665610000,33.85457,35.48541
365,eb7ec817-b6e6-4ac3-a003-708997f9174d,Aerospace navy uEuxhXrSyG 4868,1707665611000,33.85342,35.48535
366,eb7ec817-b6e6-4ac3-a003-708997f9174d,Aerospace navy uEuxhXrSyG 4868,1707665612000,33.85269,35.4853
367,eb7ec817-b6e6-4ac3-a003-708997f9174d,Aerospace navy uEuxhXrSyG 4868,1707665614000,33.85202,35.48526
368,eb7ec817-b6e6-4ac3-a003-708997f9174d,Aerospace navy uEuxhXrSyG 4868,1707665615000,33.8518,35.48524
369,eb7ec817-b6e6-4ac3-a003-708997f9174d,Aerospace navy uEuxhXrSyG 4868,1707665616000,33.85164,35.48525
370,eb7ec817-b6e6-4ac3-a003-708997f9174d,Aerospace navy uEuxhXrSyG 4868,1707665617000,33.85111,35.48517
371,eb7ec817-b6e6-4ac3-a003-708997f9174d,Aerospace navy uEuxhXrSyG 4868,1707665618000,33.85093,35.48515
372,eb7ec817-b6e6-4ac3-a003-708997f9174d,Aerospace navy uEuxhXrSyG 4868,1707665619000,33.85047,35.48509
373,eb7ec817-b6e6-4ac3-a003-708997f9174d,Aerospace navy uEuxhXrSyG 4868,1707665620000,33.85007,35.48506
374,eb7ec817-b6e6-4ac3-a003-708997f9174d,Aerospace navy uEuxhXrSyG 4868,1707665621000,33.84983,35.48505
375,eb7ec817-b6e6-4ac3-a003-708997f9174d,Aerospace navy uEuxhXrSyG 4868,1707665622000,33.8498,35.48505
376,eb7ec817-b6e6-4ac3-a003-708997f9174d,Aerospace navy uEuxhXrSyG 4868,1707665623000,33.8491,35.48502
377,eb7ec817-b6e6-4ac3-a003-708997f9174d,Aerospace navy uEuxhXrSyG 4868,1707665624000,33.84906,35.48502
378,eb7ec817-b6e6-4ac3-a003-708997f9174d,Aerospace navy uEuxhXrSyG 4868,1707665626000,33.84878,35.48501
379,eb7ec817-b6e6-4ac3-a003-708997f9174d,Aerospace navy uEuxhXrSyG 4868,1707665627000,33.84871,35.48501
380,eb7ec817-b6e6-4ac3-a003-708997f9174d,Aerospace navy uEuxhXrSyG 4868,1707665628000,33.848,35.48499
381,eb7ec817-b6e6-4ac3-a003-708997f9174d,Aerospace navy uEuxhXrSyG 4868,1707665629000,33.84761,35.485
382,eb7ec817-b6e6-4ac3-a003-708997f9174d,Aerospace navy uEuxhXrSyG 4868,1707665630000,33.84735,35.48498
383,eb7ec817-b6e6-4ac3-a003-708997f9174d,Aerospace navy uEuxhXrSyG 4868,1707665631000,33.84677,35.48494
384,eb7ec817-b6e6-4ac3-a003-708997f9174d,Aerospace navy uEuxhXrSyG 4868,1707665632000,33.84618,35.48491
385,eb7ec817-b6e6-4ac3-a003-708997f9174d,Aerospace navy uEuxhXrSyG 4868,1707665633000,33.84593,35.48489
386,eb7ec817-b6e6-4ac3-a003-708997f9174d,Aerospace navy uEuxhXrSyG 4868,1707665635000,33.84558,35.48488
387,eb7ec817-b6e6-4ac3-a003-708997f9174d,Aerospace navy uEuxhXrSyG 4868,1707665636000,33.84517,35.48485
388,eb7ec817-b6e6-4ac3-a003-708997f9174d,Aerospace navy uEuxhXrSyG 4868,1707665637000,33.84453,35.48482
389,eb7ec817-b6e6-4ac3-a003-708997f9174d,Aerospace navy uEuxhXrSyG 4868,1707665638000,33.84364,35.48478
390,eb7ec817-b6e6-4ac3-a003-708997f9174d,Aerospace navy uEuxhXrSyG 4868,1707665639000,33.84353,35.48477
391,eb7ec817-b6e6-4ac3-a003-708997f9174d,Aerospace navy uEuxhXrSyG 4868,1707665640000,33.84269,35.48475
392,eb7ec817-b6e6-4ac3-a003-708997f9174d,Aerospace navy uEuxhXrSyG 4868,1707665642000,33.84229,35.48473
393,eb7ec817-b6e6-4ac3-a003-708997f9174d,Aerospace navy uEuxhXrSyG 4868,1707665643000,33.8411,35.48468
394,eb7ec817-b6e6-4ac3-a003-708997f9174d,Aerospace navy uEuxhXrSyG 4868,1707665644000,33.84042,35.48465
395,eb7ec817-b6e6-4ac3-a003-708997f9174d,Aerospace navy uEuxhXrSyG 4868,1707665645000,33.83967,35.48463
396,eb7ec817-b6e6-4ac3-a003-708997f9174d,Aerospace navy uEuxhXrSyG 4868,1707665646000,33.83872,35.48459
397,eb7ec817-b6e6-4ac3-a003-708997f9174d,Aerospace navy uEuxhXrSyG 4868,1707665649000,33.83865,35.48459
398,eb7ec817-b6e6-4ac3-a003-708997f9174d,Aerospace navy uEuxhXrSyG 4868,1707665650000,33.83858,35.48457
399,eb7ec817-b6e6-4ac3-a003-708997f9174d,Aerospace navy uEuxhXrSyG 4868,1707665651000,33.8384,35.48458
400,eb7ec817-b6e6-4ac3-a003-708997f9174d,Aerospace navy uEuxhXrSyG 4868,1707665652000,33.83836,35.48458
401,eb7ec817-b6e6-4ac3-a003-708997f9174d,Aerospace navy uEuxhXrSyG 4868,1707665653000,33.83827,35.48458
402,eb7ec817-b6e6-4ac3-a003-708997f9174d,Aerospace navy uEuxhXrSyG 4868,1707665654000,33.83804,35.48459
403,eb7ec817-b6e6-4ac3-a003-708997f9174d,Aerospace navy uEuxhXrSyG 4868,1707665655000,33.83767,35.48455
404,eb7ec817-b6e6-4ac3-a003-708997f9174d,Aerospace navy uEuxhXrSyG 4868,1707665656000,33.83755,35.48454
405,eb7ec817-b6e6-4ac3-a003-708997f9174d,Aerospace navy uEuxhXrSyG 4868,1707665657000,33.83731,35.48453
406,eb7ec817-b6e6-4ac3-a003-708997f9174d,Aerospace navy uEuxhXrSyG 4868,1707665661000,33.83689,35.48451
407,eb7ec817-b6e6-4ac3-a003-708997f9174d,Aerospace navy uEuxhXrSyG 4868,1707665663000,33.83647,35.48449
408,eb7ec817-b6e6-4ac3-a003-708997f9174d,Aerospace navy uEuxhXrSyG 4868,1707665664000,33.83614,35.48448
409,eb7ec817-b6e6-4ac3-a003-708997f9174d,Aerospace navy uEuxhXrSyG 4868,1707665665000,33.83602,35.48448
410,eb7ec817-b6e6-4ac3-a003-708997f9174d,Aerospace navy uEuxhXrSyG 4868,1707665666000,33.83546,35.4845
411,eb7ec817-b6e6-4ac3-a003-708997f9174d,Aerospace navy uEuxhXrSyG 4868,1707665667000,33.8351,35.48447
412,eb7ec817-b6e6-4ac3-a003-708997f9174d,Aerospace navy uEuxhXrSyG 4868,1707665668000,33.83468,35.48446
413,eb7ec817-b6e6-4ac3-a003-708997f9174d,Aerospace navy uEuxhXrSyG 4868,1707665669000,33.8346,35.48446
414,eb7ec817-b6e6-4ac3-a003-708997f9174d,Aerospace navy uEuxhXrSyG 4868,1707665670000,33.83432,35.48446
415,eb7ec817-b6e6-4ac3-a003-708997f9174d,Aerospace navy uEuxhXrSyG 4868,1707665671000,33.83387,35.48444
416,eb7ec817-b6e6-4ac3-a003-708997f9174d,Aerospace navy uEuxhXrSyG 4868,1707665672000,33.83334,35.4844
417,eb7ec817-b6e6-4ac3-a003-708997f9174d,Aerospace navy uEuxhXrSyG 4868,1707665673000,33.83328,35.4844
418,eb7ec817-b6e6-4ac3-a003-708997f9174d,Aerospace navy uEuxhXrSyG 4868,1707665674000,33.83283,35.48439
419,eb7ec817-b6e6-4ac3-a003-708997f9174d,Aerospace navy uEuxhXrSyG 4868,1707665675000,33.83274,35.48438
420,eb7ec817-b6e6-4ac3-a003-708997f9174d,Aerospace navy uEuxhXrSyG 4868,1707665676000,33.83238,35.48437
421,eb7ec817-b6e6-4ac3-a003-708997f9174d,Aerospace navy uEuxhXrSyG 4868,1707665677000,33.83142,35.4843
422,eb7ec817-b6e6-4ac3-a003-708997f9174d,Aerospace navy uEuxhXrSyG 4868,1707665678000,33.83112,35.48428
423,eb7ec817-b6e6-4ac3-a003-708997f9174d,Aerospace navy uEuxhXrSyG 4868,1707665679000,33.83087,35.48426
424,eb7ec817-b6e6-4ac3-a003-708997f9174d,Aerospace navy uEuxhXrSyG 4868,1707665680000,33.83058,35.48424
425,eb7ec817-b6e6-4ac3-a003-708997f9174d,Aerospace navy uEuxhXrSyG 4868,1707665683000,33.8304,35.48423
426,eb7ec817-b6e6-4ac3-a003-708997f9174d,Aerospace navy uEuxhXrSyG 4868,1707665684000,33.8302,35.48422
427,eb7ec817-b6e6-4ac3-a003-708997f9174d,Aerospace navy uEuxhXrSyG 4868,1707665685000,33.83002,35.48421
428,eb7ec817-b6e6-4ac3-a003-708997f9174d,Aerospace navy uEuxhXrSyG 4868,1707665686000,33.82984,35.4842
429,eb7ec817-b6e6-4ac3-a003-708997f9174d,Aerospace navy uEuxhXrSyG 4868,1707665688000,33.82981,35.4842
430,eb7ec817-b6e6-4ac3-a003-708997f9174d,Aerospace navy uEuxhXrSyG 4868,1707665689000,33.82937,35.48419
431,eb7ec817-b6e6-4ac3-a003-708997f9174d,Aerospace navy uEuxhXrSyG 4868,1707665690000,33.82929,35.48418
432,eb7ec817-b6e6-4ac3-a003-708997f9174d,Aerospace navy uEuxhXrSyG 4868,1707665691000,33.82921,35.48419
433,eb7ec817-b6e6-4ac3-a003-708997f9174d,Aerospace navy uEuxhXrSyG 4868,1707665693000,33.82912,35.48419
434,eb7ec817-b6e6-4ac3-a003-708997f9174d,Aerospace navy uEuxhXrSyG 4868,1707665694000,33.82904,35.4842
435,eb7ec817-b6e6-4ac3-a003-708997f9174d,Aerospace navy uEuxhXrSyG 4868,1707665695000,33.82896,35.48421
436,eb7ec817-b6e6-4ac3-a003-708997f9174d,Aerospace navy uEuxhXrSyG 4868,1707665696000,33.82888,35.48422
437,eb7ec817-b6e6-4ac3-a003-708997f9174d,Aerospace navy uEuxhXrSyG 4868,1707665697000,33.8288,35.48424
438,eb7ec817-b6e6-4ac3-a003-708997f9174d,Aerospace navy uEuxhXrSyG 4868,1707665698000,33.82762,35.48453
439,eb7ec817-b6e6-4ac3-a003-708997f9174d,Aerospace navy uEuxhXrSyG 4868,1707665699000,33.82698,35.48473
440,eb7ec817-b6e6-4ac3-a003-708997f9174d,Aerospace navy uEuxhXrSyG 4868,1707665700000,33.82655,35.48485
441,eb7ec817-b6e6-4ac3-a003-708997f9174d,Aerospace navy uEuxhXrSyG 4868,1707665701000,33.82618,35.48495
442,eb7ec817-b6e6-4ac3-a003-708997f9174d,Aerospace navy uEuxhXrSyG 4868,1707665702000,33.82602,35.48499
443,eb7ec817-b6e6-4ac3-a003-708997f9174d,Aerospace navy uEuxhXrSyG 4868,1707665703000,33.82529,35.4852
444,eb7ec817-b6e6-4ac3-a003-708997f9174d,Aerospace navy uEuxhXrSyG 4868,1707665705000,33.8237,35.48562
445,eb7ec817-b6e6-4ac3-a003-708997f9174d,Aerospace navy uEuxhXrSyG 4868,1707665707000,33.82306,35.48579
446,eb7ec817-b6e6-4ac3-a003-708997f9174d,Aerospace navy uEuxhXrSyG 4868,1707665708000,33.82191,35.4861
447,eb7ec817-b6e6-4ac3-a003-708997f9174d,Aerospace navy uEuxhXrSyG 4868,1707665710000,33.82161,35.48618
448,eb7ec817-b6e6-4ac3-a003-708997f9174d,Aerospace navy uEuxhXrSyG 4868,1707665711000,33.82151,35.4862
449,eb7ec817-b6e6-4ac3-a003-708997f9174d,Aerospace navy uEuxhXrSyG 4868,1707665712000,33.8214,35.48621
450,eb7ec817-b6e6-4ac3-a003-708997f9174d,Aerospace navy uEuxhXrSyG 4868,1707665713000,33.8213,35.48623
451,eb7ec817-b6e6-4ac3-a003-708997f9174d,Aerospace navy uEuxhXrSyG 4868,1707665716000,33.8212,35.48624
452,eb7ec817-b6e6-4ac3-a003-708997f9174d,Aerospace navy uEuxhXrSyG 4868,1707665717000,33.82108,35.48624
453,eb7ec817-b6e6-4ac3-a003-708997f9174d,Aerospace navy uEuxhXrSyG 4868,1707665718000,33.82097,35.48624
454,eb7ec817-b6e6-4ac3-a003-708997f9174d,Aerospace navy uEuxhXrSyG 4868,1707665719000,33.82087,35.48624
455,eb7ec817-b6e6-4ac3-a003-708997f9174d,Aerospace navy uEuxhXrSyG 4868,1707665720000,33.82076,35.48623
456,eb7ec817-b6e6-4ac3-a003-708997f9174d,Aerospace navy uEuxhXrSyG 4868,1707665722000,33.82066,35.48622
457,eb7ec817-b6e6-4ac3-a003-708997f9174d,Aerospace navy uEuxhXrSyG 4868,1707665723000,33.82055,35.4862
458,eb7ec817-b6e6-4ac3-a003-708997f9174d,Aerospace navy uEuxhXrSyG 4868,1707665724000,33.82044,35.48618
459,eb7ec817-b6e6-4ac3-a003-708997f9174d,Aerospace navy uEuxhXrSyG 4868,1707665727000,33.82033,35.48615
460,eb7ec817-b6e6-4ac3-a003-708997f9174d,Aerospace navy uEuxhXrSyG 4868,1707665728000,33.82023,35.48612
461,eb7ec817-b6e6-4ac3-a003-708997f9174d,Aerospace navy uEuxhXrSyG 4868,1707665729000,33.82013,35.48609
462,eb7ec817-b6e6-4ac3-a003-708997f9174d,Aerospace navy uEuxhXrSyG 4868,1707665730000,33.82003,35.48605
463,eb7ec817-b6e6-4ac3-a003-708997f9174d,Aerospace navy uEuxhXrSyG 4868,1707665731000,33.81997,35.48602
464,eb7ec817-b6e6-4ac3-a003-708997f9174d,Aerospace navy uEuxhXrSyG 4868,1707665733000,33.8199,35.48599
465,eb7ec817-b6e6-4ac3-a003-708997f9174d,Aerospace navy uEuxhXrSyG 4868,1707665734000,33.81984,35.48595
466,eb7ec817-b6e6-4ac3-a003-708997f9174d,Aerospace navy uEuxhXrSyG 4868,1707665735000,33.81978,35.48591
467,eb7ec817-b6e6-4ac3-a003-708997f9174d,Aerospace navy uEuxhXrSyG 4868,1707665736000,33.81972,35.48588
468,eb7ec817-b6e6-4ac3-a003-708997f9174d,Aerospace navy uEuxhXrSyG 4868,1707665737000,33.81966,35.48584
469,eb7ec817-b6e6-4ac3-a003-708997f9174d,Aerospace navy uEuxhXrSyG 4868,1707665739000,33.81961,35.48579
470,eb7ec817-b6e6-4ac3-a003-708997f9174d,Aerospace navy uEuxhXrSyG 4868,1707665740000,33.81737,35.48362
471,eb7ec817-b6e6-4ac3-a003-708997f9174d,Aerospace navy uEuxhXrSyG 4868,1707665741000,33.81729,35.48355
472,eb7ec817-b6e6-4ac3-a003-708997f9174d,Aerospace navy uEuxhXrSyG 4868,1707665742000,33.81721,35.48348
473,eb7ec817-b6e6-4ac3-a003-708997f9174d,Aerospace navy uEuxhXrSyG 4868,1707665743000,33.81715,35.48343
474,eb7ec817-b6e6-4ac3-a003-708997f9174d,Aerospace navy uEuxhXrSyG 4868,1707665744000,33.81713,35.48342
475,eb7ec817-b6e6-4ac3-a003-708997f9174d,Aerospace navy uEuxhXrSyG 4868,1707665745000,33.81705,35.48336
476,eb7ec817-b6e6-4ac3-a003-708997f9174d,Aerospace navy uEuxhXrSyG 4868,1707665746000,33.81697,35.4833
477,eb7ec817-b6e6-4ac3-a003-708997f9174d,Aerospace navy uEuxhXrSyG 4868,1707665747000,33.81688,35.48325
478,eb7ec817-b6e6-4ac3-a003-708997f9174d,Aerospace navy uEuxhXrSyG 4868,1707665748000,33.81679,35.48319
479,eb7ec817-b6e6-4ac3-a003-708997f9174d,Aerospace navy uEuxhXrSyG 4868,1707665749000,33.81671,35.48315
480,eb7ec817-b6e6-4ac3-a003-708997f9174d,Aerospace navy uEuxhXrSyG 4868,1707665750000,33.81662,35.4831
481,eb7ec817-b6e6-4ac3-a003-708997f9174d,Aerospace navy uEuxhXrSyG 4868,1707665751000,33.81653,35.48306
482,eb7ec817-b6e6-4ac3-a003-708997f9174d,Aerospace navy uEuxhXrSyG 4868,1707665752000,33.81644,35.48303
483,eb7ec817-b6e6-4ac3-a003-708997f9174d,Aerospace navy uEuxhXrSyG 4868,1707665753000,33.81634,35.483
484,eb7ec817-b6e6-4ac3-a003-708997f9174d,Aerospace navy uEuxhXrSyG 4868,1707665754000,33.81625,35.48297
485,eb7ec817-b6e6-4ac3-a003-708997f9174d,Aerospace navy uEuxhXrSyG 4868,1707665755000,33.81616,35.48294
486,eb7ec817-b6e6-4ac3-a003-708997f9174d,Aerospace navy uEuxhXrSyG 4868,1707665756000,33.81606,35.48292
487,eb7ec817-b6e6-4ac3-a003-708997f9174d,Aerospace navy uEuxhXrSyG 4868,1707665757000,33.81562,35.48283
488,eb7ec817-b6e6-4ac3-a003-708997f9174d,Aerospace navy uEuxhXrSyG 4868,1707665758000,33.81539,35.4828
489,eb7ec817-b6e6-4ac3-a003-708997f9174d,Aerospace navy uEuxhXrSyG 4868,1707665759000,33.81534,35.48279
490,eb7ec817-b6e6-4ac3-a003-708997f9174d,Aerospace navy uEuxhXrSyG 4868,1707665760000,33.81519,35.48277
491,eb7ec817-b6e6-4ac3-a003-708997f9174d,Aerospace navy uEuxhXrSyG 4868,1707665762000,33.81503,35.48274
492,eb7ec817-b6e6-4ac3-a003-708997f9174d,Aerospace navy uEuxhXrSyG 4868,1707665763000,33.81477,35.48272
493,eb7ec817-b6e6-4ac3-a003-708997f9174d,Aerospace navy uEuxhXrSyG 4868,1707665764000,33.81447,35.48268
494,eb7ec817-b6e6-4ac3-a003-708997f9174d,Aerospace navy uEuxhXrSyG 4868,1707665765000,33.81417,35.48265
495,eb7ec817-b6e6-4ac3-a003-708997f9174d,Aerospace navy uEuxhXrSyG 4868,1707665766000,33.81394,35.48261
496,eb7ec817-b6e6-4ac3-a003-708997f9174d,Aerospace navy uEuxhXrSyG 4868,1707665767000,33.8135,35.48254
497,eb7ec817-b6e6-4ac3-a003-708997f9174d,Aerospace navy uEuxhXrSyG 4868,1707665768000,33.81311,35.48248
498,eb7ec817-b6e6-4ac3-a003-708997f9174d,Aerospace navy uEuxhXrSyG 4868,1707665770000,33.81282,35.48245
499,eb7ec817-b6e6-4ac3-a003-708997f9174d,Aerospace navy uEuxhXrSyG 4868,1707665771000,33.81249,35.48239
500,eb7ec817-b6e6-4ac3-a003-708997f9174d,Aerospace navy uEuxhXrSyG 4868,1707665772000,33.81214,35.48234
501,eb7ec817-b6e6-4ac3-a003-708997f9174d,Aerospace navy uEuxhXrSyG 4868,1707665773000,33.81014,35.48204
502,eb7ec817-b6e6-4ac3-a003-708997f9174d,Aerospace navy uEuxhXrSyG 4868,1707665774000,33.80898,35.48187
503,eb7ec817-b6e6-4ac3-a003-708997f9174d,Aerospace navy uEuxhXrSyG 4868,1707665775000,33.80827,35.48175
504,eb7ec817-b6e6-4ac3-a003-708997f9174d,Aerospace navy uEuxhXrSyG 4868,1707665776000,33.8079,35.48169
505,eb7ec817-b6e6-4ac3-a003-708997f9174d,Aerospace navy uEuxhXrSyG 4868,1707665778000,33.80713,35.48158
506,eb7ec817-b6e6-4ac3-a003-708997f9174d,Aerospace navy uEuxhXrSyG 4868,1707665779000,33.80692,35.48154
507,eb7ec817-b6e6-4ac3-a003-708997f9174d,Aerospace navy uEuxhXrSyG 4868,1707665780000,33.80664,35.48149
508,eb7ec817-b6e6-4ac3-a003-708997f9174d,Aerospace navy uEuxhXrSyG 4868,1707665782000,33.80662,35.48149
509,eb7ec817-b6e6-4ac3-a003-708997f9174d,Aerospace navy uEuxhXrSyG 4868,1707665783000,33.80615,35.48139
510,eb7ec817-b6e6-4ac3-a003-708997f9174d,Aerospace navy uEuxhXrSyG 4868,1707665784000,33.80591,35.48134
511,eb7ec817-b6e6-4ac3-a003-708997f9174d,Aerospace navy uEuxhXrSyG 4868,1707665785000,33.80544,35.48122
512,eb7ec817-b6e6-4ac3-a003-708997f9174d,Aerospace navy uEuxhXrSyG 4868,1707665786000,33.80539,35.48121
513,eb7ec817-b6e6-4ac3-a003-708997f9174d,Aerospace navy uEuxhXrSyG 4868,1707665787000,33.80514,35.48113
514,eb7ec817-b6e6-4ac3-a003-708997f9174d,Aerospace navy uEuxhXrSyG 4868,1707665788000,33.80391,35.48069
515,eb7ec817-b6e6-4ac3-a003-708997f9174d,Aerospace navy uEuxhXrSyG 4868,1707665789000,33.80333,35.48047
516,eb7ec817-b6e6-4ac3-a003-708997f9174d,Aerospace navy uEuxhXrSyG 4868,1707665790000,33.80123,35.47955
517,eb7ec817-b6e6-4ac3-a003-708997f9174d,Aerospace navy uEuxhXrSyG 4868,1707665792000,33.79996,35.47899
518,eb7ec817-b6e6-4ac3-a003-708997f9174d,Aerospace navy uEuxhXrSyG 4868,1707665794000,33.79963,35.47886
519,eb7ec817-b6e6-4ac3-a003-708997f9174d,Aerospace navy uEuxhXrSyG 4868,1707665795000,33.79944,35.47877
520,eb7ec817-b6e6-4ac3-a003-708997f9174d,Aerospace navy uEuxhXrSyG 4868,1707665796000,33.79924,35.47869
521,eb7ec817-b6e6-4ac3-a003-708997f9174d,Aerospace navy uEuxhXrSyG 4868,1707665797000,33.79868,35.47846
522,eb7ec817-b6e6-4ac3-a003-708997f9174d,Aerospace navy uEuxhXrSyG 4868,1707665799000,33.79813,35.47822
523,eb7ec817-b6e6-4ac3-a003-708997f9174d,Aerospace navy uEuxhXrSyG 4868,1707665800000,33.79793,35.47814
524,eb7ec817-b6e6-4ac3-a003-708997f9174d,Aerospace navy uEuxhXrSyG 4868,1707665802000,33.7978,35.4781
525,eb7ec817-b6e6-4ac3-a003-708997f9174d,Aerospace navy uEuxhXrSyG 4868,1707665803000,33.79765,35.47806
526,eb7ec817-b6e6-4ac3-a003-708997f9174d,Aerospace navy uEuxhXrSyG 4868,1707665804000,33.79747,35.47802
527,eb7ec817-b6e6-4ac3-a003-708997f9174d,Aerospace navy uEuxhXrSyG 4868,1707665806000,33.79733,35.47799
528,eb7ec817-b6e6-4ac3-a003-708997f9174d,Aerospace navy uEuxhXrSyG 4868,1707665807000,33.79722,35.47798
529,eb7ec817-b6e6-4ac3-a003-708997f9174d,Aerospace navy uEuxhXrSyG 4868,1707665808000,33.79712,35.47796
530,eb7ec817-b6e6-4ac3-a003-708997f9174d,Aerospace navy uEuxhXrSyG 4868,1707665809000,33.79689,35.47794
531,eb7ec817-b6e6-4ac3-a003-708997f9174d,Aerospace navy uEuxhXrSyG 4868,1707665810000,33.79676,35.47793
532,eb7ec817-b6e6-4ac3-a003-708997f9174d,Aerospace navy uEuxhXrSyG 4868,1707665811000,33.79659,35.47793
533,eb7ec817-b6e6-4ac3-a003-708997f9174d,Aerospace navy uEuxhXrSyG 4868,1707665812000,33.79643,35.47794
534,eb7ec817-b6e6-4ac3-a003-708997f9174d,Aerospace navy uEuxhXrSyG 4868,1707665813000,33.79639,35.47794
535,eb7ec817-b6e6-4ac3-a003-708997f9174d,Aerospace navy uEuxhXrSyG 4868,1707665814000,33.79626,35.47795
536,eb7ec817-b6e6-4ac3-a003-708997f9174d,Aerospace navy uEuxhXrSyG 4868,1707665816000,33.79605,35.47798
537,eb7ec817-b6e6-4ac3-a003-708997f9174d,Aerospace navy uEuxhXrSyG 4868,1707665817000,33.79587,35.47803
538,eb7ec817-b6e6-4ac3-a003-708997f9174d,Aerospace navy uEuxhXrSyG 4868,1707665818000,33.79559,35.4781
539,eb7ec817-b6e6-4ac3-a003-708997f9174d,Aerospace navy uEuxhXrSyG 4868,1707665819000,33.79532,35.47819
540,eb7ec817-b6e6-4ac3-a003-708997f9174d,Aerospace navy uEuxhXrSyG 4868,1707665820000,33.79521,35.47823
541,eb7ec817-b6e6-4ac3-a003-708997f9174d,Aerospace navy uEuxhXrSyG 4868,1707665823000,33.79516,35.47824
542,eb7ec817-b6e6-4ac3-a003-708997f9174d,Aerospace navy uEuxhXrSyG 4868,1707665824000,33.7939,35.47864
543,eb7ec817-b6e6-4ac3-a003-708997f9174d,Aerospace navy uEuxhXrSyG 4868,1707665825000,33.7939,35.47864
544,eb7ec817-b6e6-4ac3-a003-708997f9174d,Aerospace navy uEuxhXrSyG 4868,1707665826000,33.79385,35.47872
545,eb7ec817-b6e6-4ac3-a003-708997f9174d,Aerospace navy uEuxhXrSyG 4868,1707665827000,33.79384,35.47875
546,eb7ec817-b6e6-4ac3-a003-708997f9174d,Aerospace navy uEuxhXrSyG 4868,1707665828000,33.79384,35.47878
547,eb7ec817-b6e6-4ac3-a003-708997f9174d,Aerospace navy uEuxhXrSyG 4868,1707665829000,33.79384,35.4788
548,eb7ec817-b6e6-4ac3-a003-708997f9174d,Aerospace navy uEuxhXrSyG 4868,1707665830000,33.79384,35.47881
549,eb7ec817-b6e6-4ac3-a003-708997f9174d,Aerospace navy uEuxhXrSyG 4868,1707665831000,33.79384,35.47883
550,eb7ec817-b6e6-4ac3-a003-708997f9174d,Aerospace navy uEuxhXrSyG 4868,1707665833000,33.79384,35.47884
551,eb7ec817-b6e6-4ac3-a003-708997f9174d,Aerospace navy uEuxhXrSyG 4868,1707665834000,33.79385,35.47886
552,eb7ec817-b6e6-4ac3-a003-708997f9174d,Aerospace navy uEuxhXrSyG 4868,1707665835000,33.79386,35.47888
553,eb7ec817-b6e6-4ac3-a003-708997f9174d,Aerospace navy uEuxhXrSyG 4868,1707665836000,33.79387,35.47889
554,eb7ec817-b6e6-4ac3-a003-708997f9174d,Aerospace navy uEuxhXrSyG 4868,1707665840000,33.79389,35.47891
555,eb7ec817-b6e6-4ac3-a003-708997f9174d,Aerospace navy uEuxhXrSyG 4868,1707665841000,33.7939,35.47892
556,eb7ec817-b6e6-4ac3-a003-708997f9174d,Aerospace navy uEuxhXrSyG 4868,1707665842000,33.79399,35.47896
557,eb7ec817-b6e6-4ac3-a003-708997f9174d,Aerospace navy uEuxhXrSyG 4868,1707665844000,33.79492,35.47857
558,eb7ec817-b6e6-4ac3-a003-708997f9174d,Aerospace navy uEuxhXrSyG 4868,1707665845000,33.79543,35.47834
559,eb7ec817-b6e6-4ac3-a003-708997f9174d,Aerospace navy uEuxhXrSyG 4868,1707665846000,33.79563,35.47826
560,eb7ec817-b6e6-4ac3-a003-708997f9174d,Aerospace navy uEuxhXrSyG 4868,1707665847000,33.79582,35.47819
561,eb7ec817-b6e6-4ac3-a003-708997f9174d,Aerospace navy uEuxhXrSyG 4868,1707665849000,33.79603,35.47814
562,eb7ec817-b6e6-4ac3-a003-708997f9174d,Aerospace navy uEuxhXrSyG 4868,1707665852000,33.79622,35.4781
563,eb7ec817-b6e6-4ac3-a003-708997f9174d,Aerospace navy uEuxhXrSyG 4868,1707665854000,33.79651,35.47807
564,eb7ec817-b6e6-4ac3-a003-708997f9174d,Aerospace navy uEuxhXrSyG 4868,1707665855000,33.79666,35.47807
565,eb7ec817-b6e6-4ac3-a003-708997f9174d,Aerospace navy uEuxhXrSyG 4868,1707665857000,33.79679,35.47807
566,eb7ec817-b6e6-4ac3-a003-708997f9174d,Aerospace navy uEuxhXrSyG 4868,1707665858000,33.7969,35.47807
567,eb7ec817-b6e6-4ac3-a003-708997f9174d,Aerospace navy uEuxhXrSyG 4868,1707665860000,33.79702,35.47808
568,eb7ec817-b6e6-4ac3-a003-708997f9174d,Aerospace navy uEuxhXrSyG 4868,1707665861000,33.79717,35.4781
569,eb7ec817-b6e6-4ac3-a003-708997f9174d,Aerospace navy uEuxhXrSyG 4868,1707665862000,33.79728,35.47811
570,eb7ec817-b6e6-4ac3-a003-708997f9174d,Aerospace navy uEuxhXrSyG 4868,1707665865000,33.79741,35.47814
571,eb7ec817-b6e6-4ac3-a003-708997f9174d,Aerospace navy uEuxhXrSyG 4868,1707665866000,33.79762,35.47818
572,eb7ec817-b6e6-4ac3-a003-708997f9174d,Aerospace navy uEuxhXrSyG 4868,1707665867000,33.79793,35.47829
573,eb7ec817-b6e6-4ac3-a003-708997f9174d,Aerospace navy uEuxhXrSyG 4868,1707665870000,33.79908,35.47877
574,eb7ec817-b6e6-4ac3-a003-708997f9174d,Aerospace navy uEuxhXrSyG 4868,1707665871000,33.79988,35.47911
575,eb7ec817-b6e6-4ac3-a003-708997f9174d,Aerospace navy uEuxhXrSyG 4868,1707665872000,33.80084,35.47952
576,eb7ec817-b6e6-4ac3-a003-708997f9174d,Aerospace navy uEuxhXrSyG 4868,1707665874000,33.80147,35.4798
577,eb7ec817-b6e6-4ac3-a003-708997f9174d,Aerospace navy uEuxhXrSyG 4868,1707665875000,33.80191,35.47999
578,eb7ec817-b6e6-4ac3-a003-708997f9174d,Aerospace navy uEuxhXrSyG 4868,1707665876000,33.80289,35.48042
579,eb7ec817-b6e6-4ac3-a003-708997f9174d,Aerospace navy uEuxhXrSyG 4868,1707665877000,33.80353,35.4807
580,eb7ec817-b6e6-4ac3-a003-708997f9174d,Aerospace navy uEuxhXrSyG 4868,1707665878000,33.80409,35.48093
581,eb7ec817-b6e6-4ac3-a003-708997f9174d,Aerospace navy uEuxhXrSyG 4868,1707665879000,33.80448,35.48107
582,eb7ec817-b6e6-4ac3-a003-708997f9174d,Aerospace navy uEuxhXrSyG 4868,1707665880000,33.80476,35.48117
583,eb7ec817-b6e6-4ac3-a003-708997f9174d,Aerospace navy uEuxhXrSyG 4868,1707665881000,33.80532,35.48134
584,eb7ec817-b6e6-4ac3-a003-708997f9174d,Aerospace navy uEuxhXrSyG 4868,1707665882000,33.80566,35.48142
585,eb7ec817-b6e6-4ac3-a003-708997f9174d,Aerospace navy uEuxhXrSyG 4868,1707665883000,33.80586,35.48148
586,eb7ec817-b6e6-4ac3-a003-708997f9174d,Aerospace navy uEuxhXrSyG 4868,1707665884000,33.80617,35.48155
587,eb7ec817-b6e6-4ac3-a003-708997f9174d,Aerospace navy uEuxhXrSyG 4868,1707665885000,33.80638,35.4816
588,eb7ec817-b6e6-4ac3-a003-708997f9174d,Aerospace navy uEuxhXrSyG 4868,1707665886000,33.80696,35.48171
589,eb7ec817-b6e6-4ac3-a003-708997f9174d,Aerospace navy uEuxhXrSyG 4868,1707665887000,33.80715,35.48174
590,eb7ec817-b6e6-4ac3-a003-708997f9174d,Aerospace navy uEuxhXrSyG 4868,1707665889000,33.80764,35.48182
591,eb7ec817-b6e6-4ac3-a003-708997f9174d,Aerospace navy uEuxhXrSyG 4868,1707665890000,33.80891,35.48201
592,eb7ec817-b6e6-4ac3-a003-708997f9174d,Aerospace navy uEuxhXrSyG 4868,1707665891000,33.80969,35.48213
593,eb7ec817-b6e6-4ac3-a003-708997f9174d,Aerospace navy uEuxhXrSyG 4868,1707665893000,33.81032,35.48221
594,eb7ec817-b6e6-4ac3-a003-708997f9174d,Aerospace navy uEuxhXrSyG 4868,1707665894000,33.81145,35.48239
595,eb7ec817-b6e6-4ac3-a003-708997f9174d,Aerospace navy uEuxhXrSyG 4868,1707665895000,33.81213,35.48248
596,eb7ec817-b6e6-4ac3-a003-708997f9174d,Aerospace navy uEuxhXrSyG 4868,1707665897000,33.81223,35.48249
597,eb7ec817-b6e6-4ac3-a003-708997f9174d,Aerospace navy uEuxhXrSyG 4868,1707665899000,33.81394,35.48275
598,eb7ec817-b6e6-4ac3-a003-708997f9174d,Aerospace navy uEuxhXrSyG 4868,1707665900000,33.81509,35.48291
599,eb7ec817-b6e6-4ac3-a003-708997f9174d,Aerospace navy uEuxhXrSyG 4868,1707665901000,33.81562,35.48298
600,eb7ec817-b6e6-4ac3-a003-708997f9174d,Aerospace navy uEuxhXrSyG 4868,1707665903000,33.81611,35.48309
601,eb7ec817-b6e6-4ac3-a003-708997f9174d,Aerospace navy uEuxhXrSyG 4868,1707665904000,33.81621,35.48311
602,eb7ec817-b6e6-4ac3-a003-708997f9174d,Aerospace navy uEuxhXrSyG 4868,1707665905000,33.8163,35.48314
603,eb7ec817-b6e6-4ac3-a003-708997f9174d,Aerospace navy uEuxhXrSyG 4868,1707665906000,33.81639,35.48318
604,eb7ec817-b6e6-4ac3-a003-708997f9174d,Aerospace navy uEuxhXrSyG 4868,1707665908000,33.81648,35.48321
605,eb7ec817-b6e6-4ac3-a003-708997f9174d,Aerospace navy uEuxhXrSyG 4868,1707665909000,33.81657,35.48325
606,eb7ec817-b6e6-4ac3-a003-708997f9174d,Aerospace navy uEuxhXrSyG 4868,1707665911000,33.81666,35.4833
607,eb7ec817-b6e6-4ac3-a003-708997f9174d,Aerospace navy uEuxhXrSyG 4868,1707665912000,33.81675,35.48335
608,eb7ec817-b6e6-4ac3-a003-708997f9174d,Aerospace navy uEuxhXrSyG 4868,1707665914000,33.81684,35.4834
609,eb7ec817-b6e6-4ac3-a003-708997f9174d,Aerospace navy uEuxhXrSyG 4868,1707665915000,33.81692,35.48345
610,eb7ec817-b6e6-4ac3-a003-708997f9174d,Aerospace navy uEuxhXrSyG 4868,1707665917000,33.81701,35.48351
611,eb7ec817-b6e6-4ac3-a003-708997f9174d,Aerospace navy uEuxhXrSyG 4868,1707665918000,33.81707,35.48355
612,eb7ec817-b6e6-4ac3-a003-708997f9174d,Aerospace navy uEuxhXrSyG 4868,1707665919000,33.81709,35.48357
613,eb7ec817-b6e6-4ac3-a003-708997f9174d,Aerospace navy uEuxhXrSyG 4868,1707665920000,33.81717,35.48364
614,eb7ec817-b6e6-4ac3-a003-708997f9174d,Aerospace navy uEuxhXrSyG 4868,1707665923000,33.81725,35.4837
615,eb7ec817-b6e6-4ac3-a003-708997f9174d,Aerospace navy uEuxhXrSyG 4868,1707665924000,33.81733,35.48377
616,eb7ec817-b6e6-4ac3-a003-708997f9174d,Aerospace navy uEuxhXrSyG 4868,1707665925000,33.81957,35.48594
617,eb7ec817-b6e6-4ac3-a003-708997f9174d,Aerospace navy uEuxhXrSyG 4868,1707665926000,33.81964,35.48599
618,eb7ec817-b6e6-4ac3-a003-708997f9174d,Aerospace navy uEuxhXrSyG 4868,1707665927000,33.8197,35.48603
619,eb7ec817-b6e6-4ac3-a003-708997f9174d,Aerospace navy uEuxhXrSyG 4868,1707665928000,33.81977,35.48607
620,eb7ec817-b6e6-4ac3-a003-708997f9174d,Aerospace navy uEuxhXrSyG 4868,1707665929000,33.81983,35.48611
621,eb7ec817-b6e6-4ac3-a003-708997f9174d,Aerospace navy uEuxhXrSyG 4868,1707665931000,33.8199,35.48615
622,eb7ec817-b6e6-4ac3-a003-708997f9174d,Aerospace navy uEuxhXrSyG 4868,1707665932000,33.81996,35.48618
623,eb7ec817-b6e6-4ac3-a003-708997f9174d,Aerospace navy uEuxhXrSyG 4868,1707665933000,33.82003,35.48621
624,eb7ec817-b6e6-4ac3-a003-708997f9174d,Aerospace navy uEuxhXrSyG 4868,1707665934000,33.8201,35.48624
625,eb7ec817-b6e6-4ac3-a003-708997f9174d,Aerospace navy uEuxhXrSyG 4868,1707665936000,33.82017,35.48627
626,eb7ec817-b6e6-4ac3-a003-708997f9174d,Aerospace navy uEuxhXrSyG 4868,1707665937000,33.82024,35.48629
627,eb7ec817-b6e6-4ac3-a003-708997f9174d,Aerospace navy uEuxhXrSyG 4868,1707665938000,33.82034,35.48632
628,eb7ec817-b6e6-4ac3-a003-708997f9174d,Aerospace navy uEuxhXrSyG 4868,1707665939000,33.82045,35.48635
629,eb7ec817-b6e6-4ac3-a003-708997f9174d,Aerospace navy uEuxhXrSyG 4868,1707665940000,33.82056,35.48637
630,eb7ec817-b6e6-4ac3-a003-708997f9174d,Aerospace navy uEuxhXrSyG 4868,1707665941000,33.82067,35.48639
631,eb7ec817-b6e6-4ac3-a003-708997f9174d,Aerospace navy uEuxhXrSyG 4868,1707665942000,33.82078,35.4864
632,eb7ec817-b6e6-4ac3-a003-708997f9174d,Aerospace navy uEuxhXrSyG 4868,1707665943000,33.82089,35.48641
633,eb7ec817-b6e6-4ac3-a003-708997f9174d,Aerospace navy uEuxhXrSyG 4868,1707665945000,33.821,35.48641
634,eb7ec817-b6e6-4ac3-a003-708997f9174d,Aerospace navy uEuxhXrSyG 4868,1707665946000,33.82111,35.48641
635,eb7ec817-b6e6-4ac3-a003-708997f9174d,Aerospace navy uEuxhXrSyG 4868,1707665947000,33.82122,35.48641
636,eb7ec817-b6e6-4ac3-a003-708997f9174d,Aerospace navy uEuxhXrSyG 4868,1707665948000,33.82134,35.4864
637,eb7ec817-b6e6-4ac3-a003-708997f9174d,Aerospace navy uEuxhXrSyG 4868,1707665949000,33.82145,35.48638
638,eb7ec817-b6e6-4ac3-a003-708997f9174d,Aerospace navy uEuxhXrSyG 4868,1707665952000,33.82156,35.48637
639,eb7ec817-b6e6-4ac3-a003-708997f9174d,Aerospace navy uEuxhXrSyG 4868,1707665953000,33.82166,35.48634
640,eb7ec817-b6e6-4ac3-a003-708997f9174d,Aerospace navy uEuxhXrSyG 4868,1707665954000,33.82177,35.48632
641,eb7ec817-b6e6-4ac3-a003-708997f9174d,Aerospace navy uEuxhXrSyG 4868,1707665955000,33.82193,35.48628
642,eb7ec817-b6e6-4ac3-a003-708997f9174d,Aerospace navy uEuxhXrSyG 4868,1707665956000,33.82311,35.48596
643,eb7ec817-b6e6-4ac3-a003-708997f9174d,Aerospace navy uEuxhXrSyG 4868,1707665958000,33.82373,35.48579
644,eb7ec817-b6e6-4ac3-a003-708997f9174d,Aerospace navy uEuxhXrSyG 4868,1707665960000,33.82618,35.4851
645,eb7ec817-b6e6-4ac3-a003-708997f9174d,Aerospace navy uEuxhXrSyG 4868,1707665961000,33.82653,35.48501
646,eb7ec817-b6e6-4ac3-a003-708997f9174d,Aerospace navy uEuxhXrSyG 4868,1707665963000,33.82763,35.48467
647,eb7ec817-b6e6-4ac3-a003-708997f9174d,Aerospace navy uEuxhXrSyG 4868,1707665964000,33.82881,35.48438
648,eb7ec817-b6e6-4ac3-a003-708997f9174d,Aerospace navy uEuxhXrSyG 4868,1707665965000,33.82892,35.48435
649,eb7ec817-b6e6-4ac3-a003-708997f9174d,Aerospace navy uEuxhXrSyG 4868,1707665966000,33.82902,35.48433
650,eb7ec817-b6e6-4ac3-a003-708997f9174d,Aerospace navy uEuxhXrSyG 4868,1707665967000,33.82912,35.48431
651,eb7ec817-b6e6-4ac3-a003-708997f9174d,Aerospace navy uEuxhXrSyG 4868,1707665968000,33.8292,35.4843
652,eb7ec817-b6e6-4ac3-a003-708997f9174d,Aerospace navy uEuxhXrSyG 4868,1707665969000,33.82927,35.48429
653,eb7ec817-b6e6-4ac3-a003-708997f9174d,Aerospace navy uEuxhXrSyG 4868,1707665970000,33.82934,35.48429
654,eb7ec817-b6e6-4ac3-a003-708997f9174d,Aerospace navy uEuxhXrSyG 4868,1707665971000,33.82941,35.48429
655,eb7ec817-b6e6-4ac3-a003-708997f9174d,Aerospace navy uEuxhXrSyG 4868,1707665972000,33.82956,35.4843
656,eb7ec817-b6e6-4ac3-a003-708997f9174d,Aerospace navy uEuxhXrSyG 4868,1707665973000,33.82983,35.48431
657,eb7ec817-b6e6-4ac3-a003-708997f9174d,Aerospace navy uEuxhXrSyG 4868,1707665974000,33.82984,35.48431
658,eb7ec817-b6e6-4ac3-a003-708997f9174d,Aerospace navy uEuxhXrSyG 4868,1707665976000,33.83002,35.48432
659,eb7ec817-b6e6-4ac3-a003-708997f9174d,Aerospace navy uEuxhXrSyG 4868,1707665977000,33.83004,35.48432
660,eb7ec817-b6e6-4ac3-a003-708997f9174d,Aerospace navy uEuxhXrSyG 4868,1707665978000,33.8302,35.48433
661,eb7ec817-b6e6-4ac3-a003-708997f9174d,Aerospace navy uEuxhXrSyG 4868,1707665979000,33.83022,35.48433
662,eb7ec817-b6e6-4ac3-a003-708997f9174d,Aerospace navy uEuxhXrSyG 4868,1707665980000,33.83034,35.48433
663,eb7ec817-b6e6-4ac3-a003-708997f9174d,Aerospace navy uEuxhXrSyG 4868,1707665982000,33.83094,35.48437
664,eb7ec817-b6e6-4ac3-a003-708997f9174d,Aerospace navy uEuxhXrSyG 4868,1707665983000,33.83111,35.48439
665,eb7ec817-b6e6-4ac3-a003-708997f9174d,Aerospace navy uEuxhXrSyG 4868,1707665985000,33.83173,35.48447
666,eb7ec817-b6e6-4ac3-a003-708997f9174d,Aerospace navy uEuxhXrSyG 4868,1707665986000,33.83255,35.4845
667,eb7ec817-b6e6-4ac3-a003-708997f9174d,Aerospace navy uEuxhXrSyG 4868,1707665987000,33.83299,35.48452
668,eb7ec817-b6e6-4ac3-a003-708997f9174d,Aerospace navy uEuxhXrSyG 4868,1707665988000,33.83324,35.48453
669,eb7ec817-b6e6-4ac3-a003-708997f9174d,Aerospace navy uEuxhXrSyG 4868,1707665989000,33.83327,35.48453
670,eb7ec817-b6e6-4ac3-a003-708997f9174d,Aerospace navy uEuxhXrSyG 4868,1707665990000,33.83372,35.48454
671,eb7ec817-b6e6-4ac3-a003-708997f9174d,Aerospace navy uEuxhXrSyG 4868,1707665991000,33.83456,35.48457
672,eb7ec817-b6e6-4ac3-a003-708997f9174d,Aerospace navy uEuxhXrSyG 4868,1707665992000,33.83495,35.48459
673,eb7ec817-b6e6-4ac3-a003-708997f9174d,Aerospace navy uEuxhXrSyG 4868,1707665994000,33.8351,35.4846
674,eb7ec817-b6e6-4ac3-a003-708997f9174d,Aerospace navy uEuxhXrSyG 4868,1707665995000,33.83556,35.48464
675,eb7ec817-b6e6-4ac3-a003-708997f9174d,Aerospace navy uEuxhXrSyG 4868,1707665997000,33.83556,35.48464
676,eb7ec817-b6e6-4ac3-a003-708997f9174d,Aerospace navy uEuxhXrSyG 4868,1707665998000,33.83559,35.48475