device_id,location_latitude,location_longitude,usage_timeframe,location_name,service_provider_id,grid
e25d599e-c5c8-4e40-a810-880aaee58b88,24.78204,41.51073,2023-10-05 06:29:07,e25d599e-c5c8-4e40-a810-880aaee58b88,9,"24.781820319424096,41.510913641965644"
e25d599e-c5c8-4e40-a810-880aaee58b88,24.78201,41.51072,2023-10-05 06:34:25,e25d599e-c5c8-4e40-a810-880aaee58b88,9,"24.781820319424096,41.510913641965644"
e25d599e-c5c8-4e40-a810-880aaee58b88,24.78203,41.51079,2023-10-05 06:42:02,e25d599e-c5c8-4e40-a810-880aaee58b88,9,"24.781820319424096,41.510913641965644"
e25d599e-c5c8-4e40-a810-880aaee58b88,24.78203,41.51075,2023-10-05 06:48:17,e25d599e-c5c8-4e40-a810-880aaee58b88,9,"24.781820319424096,41.510913641965644"
e25d599e-c5c8-4e40-a810-880aaee58b88,24.78203,41.51081,2023-10-05 07:15:30,e25d599e-c5c8-4e40-a810-880aaee58b88,9,"24.781820319424096,41.510913641965644"
e25d599e-c5c8-4e40-a810-880aaee58b88,24.78206,41.51076,2023-10-05 07:25:54,e25d599e-c5c8-4e40-a810-880aaee58b88,9,"24.781820319424096,41.510913641965644"
e25d599e-c5c8-4e40-a810-880aaee58b88,24.78203,41.51077,2023-10-05 07:53:18,e25d599e-c5c8-4e40-a810-880aaee58b88,9,"24.781820319424096,41.510913641965644"
e25d599e-c5c8-4e40-a810-880aaee58b88,24.78204,41.51074,2023-10-05 08:16:37,e25d599e-c5c8-4e40-a810-880aaee58b88,9,"24.781820319424096,41.510913641965644"
e59a971e-b9b4-4e80-a430-440ddee94c44,24.7820648,41.5107688,2023-10-05 06:29:12,e59a971e-b9b4-4e80-a430-440ddee94c44,9,"24.781820319424096,41.510913641965644"
e59a971e-b9b4-4e80-a430-440ddee94c44,24.7820648,41.5107688,2023-10-05 06:34:45,e59a971e-b9b4-4e80-a430-440ddee94c44,9,"24.781820319424096,41.510913641965644"
e59a971e-b9b4-4e80-a430-440ddee94c44,24.7820648,41.5107688,2023-10-05 06:42:05,e59a971e-b9b4-4e80-a430-440ddee94c44,9,"24.781820319424096,41.510913641965644"
e59a971e-b9b4-4e80-a430-440ddee94c44,24.7820648,41.5107688,2023-10-05 06:48:11,e59a971e-b9b4-4e80-a430-440ddee94c44,9,"24.781820319424096,41.510913641965644"
e59a971e-b9b4-4e80-a430-440ddee94c44,24.7820648,41.5107688,2023-10-05 07:15:57,e59a971e-b9b4-4e80-a430-440ddee94c44,9,"24.781820319424096,41.510913641965644"
e25d599e-c5c8-4e40-a810-880aaee58b88,24.78205,41.51079,2023-10-05 06:13:17,e25d599e-c5c8-4e40-a810-880aaee58b88,9,"24.782272505290575,41.510913641965644"
e25d599e-c5c8-4e40-a810-880aaee58b88,24.78209,41.51076,2023-10-05 06:19:02,e25d599e-c5c8-4e40-a810-880aaee58b88,9,"24.782272505290575,41.510913641965644"
e25d599e-c5c8-4e40-a810-880aaee58b88,24.78205,41.51074,2023-10-05 06:19:16,e25d599e-c5c8-4e40-a810-880aaee58b88,9,"24.782272505290575,41.510913641965644"
e25d599e-c5c8-4e40-a810-880aaee58b88,24.78209,41.51077,2023-10-05 06:58:09,e25d599e-c5c8-4e40-a810-880aaee58b88,9,"24.782272505290575,41.510913641965644"
e25d599e-c5c8-4e40-a810-880aaee58b88,24.78207,41.51073,2023-10-05 07:03:02,e25d599e-c5c8-4e40-a810-880aaee58b88,9,"24.782272505290575,41.510913641965644"
e25d599e-c5c8-4e40-a810-880aaee58b88,24.78208,41.51077,2023-10-05 07:10:48,e25d599e-c5c8-4e40-a810-880aaee58b88,9,"24.782272505290575,41.510913641965644"
e25d599e-c5c8-4e40-a810-880aaee58b88,24.78205,41.51076,2023-10-05 07:37:28,e25d599e-c5c8-4e40-a810-880aaee58b88,9,"24.782272505290575,41.510913641965644"
e25d599e-c5c8-4e40-a810-880aaee58b88,24.78211,41.51074,2023-10-05 08:05:06,e25d599e-c5c8-4e40-a810-880aaee58b88,9,"24.782272505290575,41.510913641965644"
e25d599e-c5c8-4e40-a810-880aaee58b88,24.78209,41.51078,2023-10-05 08:10:56,e25d599e-c5c8-4e40-a810-880aaee58b88,9,"24.782272505290575,41.510913641965644"
e59a971e-b9b4-4e80-a430-440ddee94c44,24.7820476,41.5107607,2023-10-05 06:18:38,e59a971e-b9b4-4e80-a430-440ddee94c44,9,"24.782272505290575,41.510913641965644"
e59a971e-b9b4-4e80-a430-440ddee94c44,24.7820648,41.5107688,2023-10-05 06:18:50,e59a971e-b9b4-4e80-a430-440ddee94c44,9,"24.782272505290575,41.510913641965644"
e59a971e-b9b4-4e80-a430-440ddee94c44,24.7820142,41.5107644,2023-10-05 06:18:54,e59a971e-b9b4-4e80-a430-440ddee94c44,9,"24.782272505290575,41.510913641965644"
e59a971e-b9b4-4e80-a430-440ddee94c44,24.7820386,41.5107851,2023-10-05 06:18:55,e59a971e-b9b4-4e80-a430-440ddee94c44,9,"24.782272505290575,41.510913641965644"
e59a971e-b9b4-4e80-a430-440ddee94c44,24.7820648,41.5107688,2023-10-05 06:19:00,e59a971e-b9b4-4e80-a430-440ddee94c44,9,"24.782272505290575,41.510913641965644"
e59a971e-b9b4-4e80-a430-440ddee94c44,24.7820648,41.5107688,2023-10-05 07:02:46,e59a971e-b9b4-4e80-a430-440ddee94c44,9,"24.782272505290575,41.510913641965644"
e25d599e-c5c8-4e40-a810-880aaee58b88,24.92887,42.74596,2023-10-05 06:00:33,e25d599e-c5c8-4e40-a810-880aaee58b88,9,"24.928780726029625,42.74597946494485"
e59a971e-b9b4-4e80-a430-440ddee94c44,24.9288562,42.7459462,2023-10-05 06:00:59,e59a971e-b9b4-4e80-a430-440ddee94c44,9,"24.928780726029625,42.74597946494485"
e59a971e-b9b4-4e80-a430-440ddee94c44,24.9288505,42.7459073,2023-10-05 06:07:15,e59a971e-b9b4-4e80-a430-440ddee94c44,9,"24.928780726029625,42.74597946494485"
e59a971e-b9b4-4e80-a430-440ddee94c44,24.9288443,42.7459877,2023-10-05 06:07:18,e59a971e-b9b4-4e80-a430-440ddee94c44,9,"24.928780726029625,42.74597946494485"
e59a971e-b9b4-4e80-a430-440ddee94c44,24.9288799,42.7459812,2023-10-05 06:07:20,e59a971e-b9b4-4e80-a430-440ddee94c44,9,"24.928780726029625,42.74597946494485"
e25d599e-c5c8-4e40-a810-880aaee58b88,25.06186,46.95951,2023-10-05 05:36:58,e25d599e-c5c8-4e40-a810-880aaee58b88,9,"25.061723370774324,46.959256528455974"
e25d599e-c5c8-4e40-a810-880aaee58b88,25.06192,46.95952,2023-10-05 05:41:51,e25d599e-c5c8-4e40-a810-880aaee58b88,9,"25.061723370774324,46.959256528455974"
e59a971e-b9b4-4e80-a430-440ddee94c44,25.0618624,46.9595117,2023-10-05 05:37:16,e59a971e-b9b4-4e80-a430-440ddee94c44,9,"25.061723370774324,46.959256528455974"
e59a971e-b9b4-4e80-a430-440ddee94c44,25.0618061,46.9595736,2023-10-05 05:37:26,e59a971e-b9b4-4e80-a430-440ddee94c44,9,"25.061723370774324,46.959256528455974"
e59a971e-b9b4-4e80-a430-440ddee94c44,25.0618671,46.9595401,2023-10-05 05:41:43,e59a971e-b9b4-4e80-a430-440ddee94c44,9,"25.061723370774324,46.959256528455974"
e25d599e-c5c8-4e40-a810-880aaee58b88,25.06182,46.95953,2023-10-05 05:53:23,e25d599e-c5c8-4e40-a810-880aaee58b88,9,"25.061723370774324,46.95979703866296"
e59a971e-b9b4-4e80-a430-440ddee94c44,25.0618671,46.9595401,2023-10-05 05:53:37,e59a971e-b9b4-4e80-a430-440ddee94c44,9,"25.061723370774324,46.95979703866296"
7ADD17FE-DB9E-4E22-AA90-D0B2656315F6,25.126469,51.341286,2023-10-01 20:39:06,1b103b4b2b418b0fb056cb7d5cf0de255a2768b690cd838325c43332bb178289,9,"25.126385949680756,51.34117277654894"
7ADD17FE-DB9E-4E22-AA90-D0B2656315F6,25.126442,51.341284,2023-10-01 22:20:51,1b103b4b2b418b0fb056cb7d5cf0de255a2768b690cd838325c43332bb178289,9,"25.126385949680756,51.34117277654894"
7ADD17FE-DB9E-4E22-AA90-D0B2656315F6,25.126461,51.341192,2023-10-02 00:21:55,7ADD17FE-DB9E-4E22-AA90-D0B2656315F6,9,"25.126385949680756,51.34117277654894"
7ADD17FE-DB9E-4E22-AA90-D0B2656315F6,25.126406,51.341278,2023-10-02 06:34:14,7ADD17FE-DB9E-4E22-AA90-D0B2656315F6,9,"25.126385949680756,51.34117277654894"
7ADD17FE-DB9E-4E22-AA90-D0B2656315F6,25.126455,51.341286,2023-10-02 06:55:32,7ADD17FE-DB9E-4E22-AA90-D0B2656315F6,9,"25.126385949680756,51.34117277654894"
7ADD17FE-DB9E-4E22-AA90-D0B2656315F6,25.126577,51.341199,2023-10-02 08:19:18,7ADD17FE-DB9E-4E22-AA90-D0B2656315F6,9,"25.126385949680756,51.34117277654894"
7ADD17FE-DB9E-4E22-AA90-D0B2656315F6,25.126461,51.341286,2023-10-02 08:38:33,7ADD17FE-DB9E-4E22-AA90-D0B2656315F6,9,"25.126385949680756,51.34117277654894"
7ADD17FE-DB9E-4E22-AA90-D0B2656315F6,25.126396,51.341208,2023-10-02 09:20:27,7ADD17FE-DB9E-4E22-AA90-D0B2656315F6,9,"25.126385949680756,51.34117277654894"
7ADD17FE-DB9E-4E22-AA90-D0B2656315F6,25.126467,51.34128,2023-10-02 11:23:05,7ADD17FE-DB9E-4E22-AA90-D0B2656315F6,9,"25.126385949680756,51.34117277654894"
7ADD17FE-DB9E-4E22-AA90-D0B2656315F6,25.126457,51.341278,2023-10-02 11:42:33,7ADD17FE-DB9E-4E22-AA90-D0B2656315F6,9,"25.126385949680756,51.34117277654894"
7ADD17FE-DB9E-4E22-AA90-D0B2656315F6,25.12637,51.341271,2023-10-02 13:24:04,7ADD17FE-DB9E-4E22-AA90-D0B2656315F6,9,"25.126385949680756,51.34117277654894"
7ADD17FE-DB9E-4E22-AA90-D0B2656315F6,25.126415,51.341206,2023-10-02 14:03:33,7ADD17FE-DB9E-4E22-AA90-D0B2656315F6,9,"25.126385949680756,51.34117277654894"
7ADD17FE-DB9E-4E22-AA90-D0B2656315F6,25.126499,51.341196,2023-10-02 14:45:17,7ADD17FE-DB9E-4E22-AA90-D0B2656315F6,9,"25.126385949680756,51.34117277654894"
7ADD17FE-DB9E-4E22-AA90-D0B2656315F6,25.126462,51.341286,2023-10-02 15:48:56,7ADD17FE-DB9E-4E22-AA90-D0B2656315F6,9,"25.126385949680756,51.34117277654894"
7ADD17FE-DB9E-4E22-AA90-D0B2656315F6,25.126421,51.341284,2023-10-02 17:05:54,7ADD17FE-DB9E-4E22-AA90-D0B2656315F6,9,"25.126385949680756,51.34117277654894"
7ADD17FE-DB9E-4E22-AA90-D0B2656315F6,25.12657,51.341194,2023-10-02 17:31:15,7ADD17FE-DB9E-4E22-AA90-D0B2656315F6,9,"25.126385949680756,51.34117277654894"
7ADD17FE-DB9E-4E22-AA90-D0B2656315F6,25.126416,51.341209,2023-10-02 17:51:09,7ADD17FE-DB9E-4E22-AA90-D0B2656315F6,9,"25.126385949680756,51.34117277654894"
7ADD17FE-DB9E-4E22-AA90-D0B2656315F6,25.126447,51.341286,2023-10-02 18:26:08,7ADD17FE-DB9E-4E22-AA90-D0B2656315F6,9,"25.126385949680756,51.34117277654894"
7ADD17FE-DB9E-4E22-AA90-D0B2656315F6,25.12648,51.341201,2023-10-02 18:55:33,7ADD17FE-DB9E-4E22-AA90-D0B2656315F6,9,"25.126385949680756,51.34117277654894"
7ADD17FE-DB9E-4E22-AA90-D0B2656315F6,25.126454,51.341286,2023-10-02 19:17:11,7ADD17FE-DB9E-4E22-AA90-D0B2656315F6,9,"25.126385949680756,51.34117277654894"
7ADD17FE-DB9E-4E22-AA90-D0B2656315F6,25.126291,51.341272,2023-10-02 20:23:58,7ADD17FE-DB9E-4E22-AA90-D0B2656315F6,9,"25.126385949680756,51.34117277654894"
7ADD17FE-DB9E-4E22-AA90-D0B2656315F6,25.126469,51.341286,2023-10-02 21:16:48,7ADD17FE-DB9E-4E22-AA90-D0B2656315F6,9,"25.126385949680756,51.34117277654894"
7ADD17FE-DB9E-4E22-AA90-D0B2656315F6,25.126446,51.341286,2023-10-02 21:49:43,7ADD17FE-DB9E-4E22-AA90-D0B2656315F6,9,"25.126385949680756,51.34117277654894"
7ADD17FE-DB9E-4E22-AA90-D0B2656315F6,25.12642,51.341285,2023-10-02 23:14:23,7ADD17FE-DB9E-4E22-AA90-D0B2656315F6,9,"25.126385949680756,51.34117277654894"
e25d599e-c5c8-4e40-a810-880aaee58b88,25.12658,51.34121,2023-10-01 00:07:54,4645e9fad75cd3da83caa25f63fde71baacde6255c9669ed2e553f6cd82d74e9,9,"25.126385949680756,51.34117277654894"
e25d599e-c5c8-4e40-a810-880aaee58b88,25.1265566,51.3412262,2023-10-01 00:38:52,4645e9fad75cd3da83caa25f63fde71baacde6255c9669ed2e553f6cd82d74e9,9,"25.126385949680756,51.34117277654894"
e25d599e-c5c8-4e40-a810-880aaee58b88,25.12653,51.34121,2023-10-01 00:44:08,4645e9fad75cd3da83caa25f63fde71baacde6255c9669ed2e553f6cd82d74e9,9,"25.126385949680756,51.34117277654894"
e25d599e-c5c8-4e40-a810-880aaee58b88,25.1265564,51.3412264,2023-10-01 00:55:32,4645e9fad75cd3da83caa25f63fde71baacde6255c9669ed2e553f6cd82d74e9,9,"25.126385949680756,51.34117277654894"
e25d599e-c5c8-4e40-a810-880aaee58b88,25.12653,51.34118,2023-10-01 01:00:32,4645e9fad75cd3da83caa25f63fde71baacde6255c9669ed2e553f6cd82d74e9,9,"25.126385949680756,51.34117277654894"
e25d599e-c5c8-4e40-a810-880aaee58b88,25.1265564,51.3412264,2023-10-01 01:01:02,4645e9fad75cd3da83caa25f63fde71baacde6255c9669ed2e553f6cd82d74e9,9,"25.126385949680756,51.34117277654894"
e25d599e-c5c8-4e40-a810-880aaee58b88,25.12656,51.34126,2023-10-01 01:13:58,4645e9fad75cd3da83caa25f63fde71baacde6255c9669ed2e553f6cd82d74e9,9,"25.126385949680756,51.34117277654894"
e25d599e-c5c8-4e40-a810-880aaee58b88,25.1265566,51.3412262,2023-10-01 01:18:04,4645e9fad75cd3da83caa25f63fde71baacde6255c9669ed2e553f6cd82d74e9,9,"25.126385949680756,51.34117277654894"
e25d599e-c5c8-4e40-a810-880aaee58b88,25.12659,51.34122,2023-10-01 01:34:50,4645e9fad75cd3da83caa25f63fde71baacde6255c9669ed2e553f6cd82d74e9,9,"25.126385949680756,51.34117277654894"
e25d599e-c5c8-4e40-a810-880aaee58b88,25.12654,51.34127,2023-10-01 02:33:52,4645e9fad75cd3da83caa25f63fde71baacde6255c9669ed2e553f6cd82d74e9,9,"25.126385949680756,51.34117277654894"
e25d599e-c5c8-4e40-a810-880aaee58b88,25.12657,51.34123,2023-10-01 03:14:32,4645e9fad75cd3da83caa25f63fde71baacde6255c9669ed2e553f6cd82d74e9,9,"25.126385949680756,51.34117277654894"
e25d599e-c5c8-4e40-a810-880aaee58b88,25.1265556,51.3412272,2023-10-01 04:00:32,4645e9fad75cd3da83caa25f63fde71baacde6255c9669ed2e553f6cd82d74e9,9,"25.126385949680756,51.34117277654894"
e25d599e-c5c8-4e40-a810-880aaee58b88,25.12659,51.34128,2023-10-01 04:41:13,4645e9fad75cd3da83caa25f63fde71baacde6255c9669ed2e553f6cd82d74e9,9,"25.126385949680756,51.34117277654894"
e25d599e-c5c8-4e40-a810-880aaee58b88,25.12652,51.34123,2023-10-01 05:00:05,4645e9fad75cd3da83caa25f63fde71baacde6255c9669ed2e553f6cd82d74e9,9,"25.126385949680756,51.34117277654894"
e25d599e-c5c8-4e40-a810-880aaee58b88,25.1265561,51.3412284,2023-10-01 05:00:32,4645e9fad75cd3da83caa25f63fde71baacde6255c9669ed2e553f6cd82d74e9,9,"25.126385949680756,51.34117277654894"
e25d599e-c5c8-4e40-a810-880aaee58b88,25.12654,51.34125,2023-10-01 05:36:32,4645e9fad75cd3da83caa25f63fde71baacde6255c9669ed2e553f6cd82d74e9,9,"25.126385949680756,51.34117277654894"
e25d599e-c5c8-4e40-a810-880aaee58b88,25.12659,51.34123,2023-10-01 06:21:51,4645e9fad75cd3da83caa25f63fde71baacde6255c9669ed2e553f6cd82d74e9,9,"25.126385949680756,51.34117277654894"
e25d599e-c5c8-4e40-a810-880aaee58b88,25.12651,51.34127,2023-10-01 06:28:33,4645e9fad75cd3da83caa25f63fde71baacde6255c9669ed2e553f6cd82d74e9,9,"25.126385949680756,51.34117277654894"
e25d599e-c5c8-4e40-a810-880aaee58b88,25.1265562,51.3412266,2023-10-01 07:35:31,4645e9fad75cd3da83caa25f63fde71baacde6255c9669ed2e553f6cd82d74e9,9,"25.126385949680756,51.34117277654894"
e25d599e-c5c8-4e40-a810-880aaee58b88,25.12655,51.34121,2023-10-01 07:54:01,4645e9fad75cd3da83caa25f63fde71baacde6255c9669ed2e553f6cd82d74e9,9,"25.126385949680756,51.34117277654894"
e25d599e-c5c8-4e40-a810-880aaee58b88,25.12656,51.34122,2023-10-01 08:02:18,4645e9fad75cd3da83caa25f63fde71baacde6255c9669ed2e553f6cd82d74e9,9,"25.126385949680756,51.34117277654894"
e25d599e-c5c8-4e40-a810-880aaee58b88,25.1265547,51.341226,2023-10-01 08:50:12,4645e9fad75cd3da83caa25f63fde71baacde6255c9669ed2e553f6cd82d74e9,9,"25.126385949680756,51.34117277654894"
e25d599e-c5c8-4e40-a810-880aaee58b88,25.1266,51.34128,2023-10-01 09:41:10,4645e9fad75cd3da83caa25f63fde71baacde6255c9669ed2e553f6cd82d74e9,9,"25.126385949680756,51.34117277654894"
e25d599e-c5c8-4e40-a810-880aaee58b88,25.12652,51.34124,2023-10-01 09:53:03,4645e9fad75cd3da83caa25f63fde71baacde6255c9669ed2e553f6cd82d74e9,9,"25.126385949680756,51.34117277654894"
e25d599e-c5c8-4e40-a810-880aaee58b88,25.1265545,51.341226,2023-10-01 09:53:04,4645e9fad75cd3da83caa25f63fde71baacde6255c9669ed2e553f6cd82d74e9,9,"25.126385949680756,51.34117277654894"
e25d599e-c5c8-4e40-a810-880aaee58b88,25.1265561,51.3412268,2023-10-01 10:24:33,4645e9fad75cd3da83caa25f63fde71baacde6255c9669ed2e553f6cd82d74e9,9,"25.126385949680756,51.34117277654894"
e25d599e-c5c8-4e40-a810-880aaee58b88,25.1265561,51.3412268,2023-10-01 12:06:02,4645e9fad75cd3da83caa25f63fde71baacde6255c9669ed2e553f6cd82d74e9,9,"25.126385949680756,51.34117277654894"
e25d599e-c5c8-4e40-a810-880aaee58b88,25.1265566,51.3412261,2023-10-01 13:40:41,4645e9fad75cd3da83caa25f63fde71baacde6255c9669ed2e553f6cd82d74e9,9,"25.126385949680756,51.34117277654894"
e25d599e-c5c8-4e40-a810-880aaee58b88,25.12655,51.34127,2023-10-01 14:03:23,4645e9fad75cd3da83caa25f63fde71baacde6255c9669ed2e553f6cd82d74e9,9,"25.126385949680756,51.34117277654894"
e25d599e-c5c8-4e40-a810-880aaee58b88,25.1265559,51.3412264,2023-10-01 14:33:56,4645e9fad75cd3da83caa25f63fde71baacde6255c9669ed2e553f6cd82d74e9,9,"25.126385949680756,51.34117277654894"
e25d599e-c5c8-4e40-a810-880aaee58b88,25.1265606,51.3412202,2023-10-01 15:02:16,4645e9fad75cd3da83caa25f63fde71baacde6255c9669ed2e553f6cd82d74e9,9,"25.126385949680756,51.34117277654894"
e25d599e-c5c8-4e40-a810-880aaee58b88,25.12656,51.34118,2023-10-01 15:07:35,4645e9fad75cd3da83caa25f63fde71baacde6255c9669ed2e553f6cd82d74e9,9,"25.126385949680756,51.34117277654894"
e25d599e-c5c8-4e40-a810-880aaee58b88,25.12659,51.34127,2023-10-01 15:13:15,4645e9fad75cd3da83caa25f63fde71baacde6255c9669ed2e553f6cd82d74e9,9,"25.126385949680756,51.34117277654894"
e25d599e-c5c8-4e40-a810-880aaee58b88,25.12656,51.34118,2023-10-01 15:47:12,4645e9fad75cd3da83caa25f63fde71baacde6255c9669ed2e553f6cd82d74e9,9,"25.126385949680756,51.34117277654894"
e25d599e-c5c8-4e40-a810-880aaee58b88,25.1265562,51.3412266,2023-10-01 15:58:36,4645e9fad75cd3da83caa25f63fde71baacde6255c9669ed2e553f6cd82d74e9,9,"25.126385949680756,51.34117277654894"
e25d599e-c5c8-4e40-a810-880aaee58b88,25.12656,51.34126,2023-10-01 15:58:43,4645e9fad75cd3da83caa25f63fde71baacde6255c9669ed2e553f6cd82d74e9,9,"25.126385949680756,51.34117277654894"
e25d599e-c5c8-4e40-a810-880aaee58b88,25.1265545,51.341226,2023-10-01 16:10:44,4645e9fad75cd3da83caa25f63fde71baacde6255c9669ed2e553f6cd82d74e9,9,"25.126385949680756,51.34117277654894"
e25d599e-c5c8-4e40-a810-880aaee58b88,25.12655,51.34122,2023-10-01 16:21:54,4645e9fad75cd3da83caa25f63fde71baacde6255c9669ed2e553f6cd82d74e9,9,"25.126385949680756,51.34117277654894"
e25d599e-c5c8-4e40-a810-880aaee58b88,25.1265606,51.3412205,2023-10-01 16:22:20,4645e9fad75cd3da83caa25f63fde71baacde6255c9669ed2e553f6cd82d74e9,9,"25.126385949680756,51.34117277654894"
e25d599e-c5c8-4e40-a810-880aaee58b88,25.1265606,51.3412202,2023-10-01 17:06:42,4645e9fad75cd3da83caa25f63fde71baacde6255c9669ed2e553f6cd82d74e9,9,"25.126385949680756,51.34117277654894"
e25d599e-c5c8-4e40-a810-880aaee58b88,25.126552,51.341226,2023-10-01 17:22:10,4645e9fad75cd3da83caa25f63fde71baacde6255c9669ed2e553f6cd82d74e9,9,"25.126385949680756,51.34117277654894"
e25d599e-c5c8-4e40-a810-880aaee58b88,25.12651,51.34124,2023-10-01 17:43:50,4645e9fad75cd3da83caa25f63fde71baacde6255c9669ed2e553f6cd82d74e9,9,"25.126385949680756,51.34117277654894"
e25d599e-c5c8-4e40-a810-880aaee58b88,25.12657,51.34123,2023-10-01 18:04:08,4645e9fad75cd3da83caa25f63fde71baacde6255c9669ed2e553f6cd82d74e9,9,"25.126385949680756,51.34117277654894"
e25d599e-c5c8-4e40-a810-880aaee58b88,25.126556,51.3412269,2023-10-01 19:39:28,4645e9fad75cd3da83caa25f63fde71baacde6255c9669ed2e553f6cd82d74e9,9,"25.126385949680756,51.34117277654894"
e25d599e-c5c8-4e40-a810-880aaee58b88,25.1265565,51.3412262,2023-10-01 20:06:13,4645e9fad75cd3da83caa25f63fde71baacde6255c9669ed2e553f6cd82d74e9,9,"25.126385949680756,51.34117277654894"
e25d599e-c5c8-4e40-a810-880aaee58b88,25.12654,51.34124,2023-10-01 20:37:59,4645e9fad75cd3da83caa25f63fde71baacde6255c9669ed2e553f6cd82d74e9,9,"25.126385949680756,51.34117277654894"
e25d599e-c5c8-4e40-a810-880aaee58b88,25.1265569,51.3412264,2023-10-01 20:45:32,4645e9fad75cd3da83caa25f63fde71baacde6255c9669ed2e553f6cd82d74e9,9,"25.126385949680756,51.34117277654894"
e25d599e-c5c8-4e40-a810-880aaee58b88,25.12657,51.3412,2023-10-01 21:19:25,4645e9fad75cd3da83caa25f63fde71baacde6255c9669ed2e553f6cd82d74e9,9,"25.126385949680756,51.34117277654894"
e25d599e-c5c8-4e40-a810-880aaee58b88,25.1265605,51.3412206,2023-10-01 23:35:08,4645e9fad75cd3da83caa25f63fde71baacde6255c9669ed2e553f6cd82d74e9,9,"25.126385949680756,51.34117277654894"
e25d599e-c5c8-4e40-a810-880aaee58b88,25.12651,51.34126,2023-10-01 23:53:50,4645e9fad75cd3da83caa25f63fde71baacde6255c9669ed2e553f6cd82d74e9,9,"25.126385949680756,51.34117277654894"
e25d599e-c5c8-4e40-a810-880aaee58b88,25.1265605,51.3412206,2023-10-01 23:54:08,4645e9fad75cd3da83caa25f63fde71baacde6255c9669ed2e553f6cd82d74e9,9,"25.126385949680756,51.34117277654894"
e25d599e-c5c8-4e40-a810-880aaee58b88,25.12656,51.34117,2023-10-02 00:18:52,e25d599e-c5c8-4e40-a810-880aaee58b88,9,"25.126385949680756,51.34117277654894"
e25d599e-c5c8-4e40-a810-880aaee58b88,25.12652,51.34119,2023-10-02 00:45:32,e25d599e-c5c8-4e40-a810-880aaee58b88,9,"25.126385949680756,51.34117277654894"
e25d599e-c5c8-4e40-a810-880aaee58b88,25.12656,51.3412,2023-10-02 00:51:23,e25d599e-c5c8-4e40-a810-880aaee58b88,9,"25.126385949680756,51.34117277654894"
e25d599e-c5c8-4e40-a810-880aaee58b88,25.12654,51.34125,2023-10-02 00:57:38,e25d599e-c5c8-4e40-a810-880aaee58b88,9,"25.126385949680756,51.34117277654894"
e25d599e-c5c8-4e40-a810-880aaee58b88,25.12652,51.34123,2023-10-02 02:30:06,e25d599e-c5c8-4e40-a810-880aaee58b88,9,"25.126385949680756,51.34117277654894"
e25d599e-c5c8-4e40-a810-880aaee58b88,25.12657,51.3412,2023-10-02 02:35:08,e25d599e-c5c8-4e40-a810-880aaee58b88,9,"25.126385949680756,51.34117277654894"
e25d599e-c5c8-4e40-a810-880aaee58b88,25.12658,51.34123,2023-10-02 02:41:36,e25d599e-c5c8-4e40-a810-880aaee58b88,9,"25.126385949680756,51.34117277654894"
e25d599e-c5c8-4e40-a810-880aaee58b88,25.12655,51.34121,2023-10-02 02:43:50,e25d599e-c5c8-4e40-a810-880aaee58b88,9,"25.126385949680756,51.34117277654894"
e25d599e-c5c8-4e40-a810-880aaee58b88,25.12658,51.34123,2023-10-02 02:47:58,e25d599e-c5c8-4e40-a810-880aaee58b88,9,"25.126385949680756,51.34117277654894"
e25d599e-c5c8-4e40-a810-880aaee58b88,25.12654,51.34124,2023-10-02 02:59:36,e25d599e-c5c8-4e40-a810-880aaee58b88,9,"25.126385949680756,51.34117277654894"
e25d599e-c5c8-4e40-a810-880aaee58b88,25.12653,51.34124,2023-10-02 03:05:07,e25d599e-c5c8-4e40-a810-880aaee58b88,9,"25.126385949680756,51.34117277654894"
e25d599e-c5c8-4e40-a810-880aaee58b88,25.12655,51.3412,2023-10-02 03:41:00,e25d599e-c5c8-4e40-a810-880aaee58b88,9,"25.126385949680756,51.34117277654894"
e25d599e-c5c8-4e40-a810-880aaee58b88,25.12658,51.34121,2023-10-02 03:47:01,e25d599e-c5c8-4e40-a810-880aaee58b88,9,"25.126385949680756,51.34117277654894"
e25d599e-c5c8-4e40-a810-880aaee58b88,25.12654,51.34127,2023-10-02 03:53:36,e25d599e-c5c8-4e40-a810-880aaee58b88,9,"25.126385949680756,51.34117277654894"
e25d599e-c5c8-4e40-a810-880aaee58b88,25.12651,51.3412,2023-10-02 04:01:41,e25d599e-c5c8-4e40-a810-880aaee58b88,9,"25.126385949680756,51.34117277654894"
e25d599e-c5c8-4e40-a810-880aaee58b88,25.1266,51.34128,2023-10-02 04:04:47,e25d599e-c5c8-4e40-a810-880aaee58b88,9,"25.126385949680756,51.34117277654894"
e25d599e-c5c8-4e40-a810-880aaee58b88,25.12657,51.34121,2023-10-02 04:11:09,e25d599e-c5c8-4e40-a810-880aaee58b88,9,"25.126385949680756,51.34117277654894"
e25d599e-c5c8-4e40-a810-880aaee58b88,25.12652,51.34126,2023-10-02 04:16:21,e25d599e-c5c8-4e40-a810-880aaee58b88,9,"25.126385949680756,51.34117277654894"
e25d599e-c5c8-4e40-a810-880aaee58b88,25.12659,51.34127,2023-10-02 04:45:04,e25d599e-c5c8-4e40-a810-880aaee58b88,9,"25.126385949680756,51.34117277654894"
e25d599e-c5c8-4e40-a810-880aaee58b88,25.12656,51.34126,2023-10-02 04:51:49,e25d599e-c5c8-4e40-a810-880aaee58b88,9,"25.126385949680756,51.34117277654894"
e25d599e-c5c8-4e40-a810-880aaee58b88,25.1265601,51.3412208,2023-10-02 05:03:22,e25d599e-c5c8-4e40-a810-880aaee58b88,9,"25.126385949680756,51.34117277654894"
e25d599e-c5c8-4e40-a810-880aaee58b88,25.12658,51.34123,2023-10-02 05:03:41,e25d599e-c5c8-4e40-a810-880aaee58b88,9,"25.126385949680756,51.34117277654894"
e25d599e-c5c8-4e40-a810-880aaee58b88,25.12657,51.34119,2023-10-02 05:40:23,e25d599e-c5c8-4e40-a810-880aaee58b88,9,"25.126385949680756,51.34117277654894"
e25d599e-c5c8-4e40-a810-880aaee58b88,25.12658,51.34123,2023-10-02 06:14:49,e25d599e-c5c8-4e40-a810-880aaee58b88,9,"25.126385949680756,51.34117277654894"
e25d599e-c5c8-4e40-a810-880aaee58b88,25.12654,51.34119,2023-10-02 06:26:45,e25d599e-c5c8-4e40-a810-880aaee58b88,9,"25.126385949680756,51.34117277654894"
e25d599e-c5c8-4e40-a810-880aaee58b88,25.12652,51.34124,2023-10-02 06:34:49,e25d599e-c5c8-4e40-a810-880aaee58b88,9,"25.126385949680756,51.34117277654894"
e25d599e-c5c8-4e40-a810-880aaee58b88,25.1265562,51.3412266,2023-10-02 06:40:55,e25d599e-c5c8-4e40-a810-880aaee58b88,9,"25.126385949680756,51.34117277654894"
e25d599e-c5c8-4e40-a810-880aaee58b88,25.12656,51.34122,2023-10-02 06:41:06,e25d599e-c5c8-4e40-a810-880aaee58b88,9,"25.126385949680756,51.34117277654894"
e25d599e-c5c8-4e40-a810-880aaee58b88,25.1265562,51.3412266,2023-10-02 06:47:15,e25d599e-c5c8-4e40-a810-880aaee58b88,9,"25.126385949680756,51.34117277654894"
e25d599e-c5c8-4e40-a810-880aaee58b88,25.12654,51.34127,2023-10-02 06:59:16,e25d599e-c5c8-4e40-a810-880aaee58b88,9,"25.126385949680756,51.34117277654894"
e25d599e-c5c8-4e40-a810-880aaee58b88,25.12655,51.34119,2023-10-02 07:17:42,e25d599e-c5c8-4e40-a810-880aaee58b88,9,"25.126385949680756,51.34117277654894"
e25d599e-c5c8-4e40-a810-880aaee58b88,25.12655,51.34122,2023-10-02 07:23:43,e25d599e-c5c8-4e40-a810-880aaee58b88,9,"25.126385949680756,51.34117277654894"
e25d599e-c5c8-4e40-a810-880aaee58b88,25.12656,51.34124,2023-10-02 07:40:03,e25d599e-c5c8-4e40-a810-880aaee58b88,9,"25.126385949680756,51.34117277654894"
e25d599e-c5c8-4e40-a810-880aaee58b88,25.12651,51.34119,2023-10-02 07:47:03,e25d599e-c5c8-4e40-a810-880aaee58b88,9,"25.126385949680756,51.34117277654894"
e25d599e-c5c8-4e40-a810-880aaee58b88,25.12657,51.34119,2023-10-02 07:52:06,e25d599e-c5c8-4e40-a810-880aaee58b88,9,"25.126385949680756,51.34117277654894"
e25d599e-c5c8-4e40-a810-880aaee58b88,25.12659,51.34118,2023-10-02 07:58:54,e25d599e-c5c8-4e40-a810-880aaee58b88,9,"25.126385949680756,51.34117277654894"
e25d599e-c5c8-4e40-a810-880aaee58b88,25.1266,51.34124,2023-10-02 08:03:55,e25d599e-c5c8-4e40-a810-880aaee58b88,9,"25.126385949680756,51.34117277654894"
e25d599e-c5c8-4e40-a810-880aaee58b88,25.12656,51.34119,2023-10-02 08:19:44,e25d599e-c5c8-4e40-a810-880aaee58b88,9,"25.126385949680756,51.34117277654894"
e25d599e-c5c8-4e40-a810-880aaee58b88,25.12655,51.34124,2023-10-02 08:27:34,e25d599e-c5c8-4e40-a810-880aaee58b88,9,"25.126385949680756,51.34117277654894"
e25d599e-c5c8-4e40-a810-880aaee58b88,25.12658,51.34127,2023-10-02 08:40:14,e25d599e-c5c8-4e40-a810-880aaee58b88,9,"25.126385949680756,51.34117277654894"
e25d599e-c5c8-4e40-a810-880aaee58b88,25.12658,51.3412,2023-10-02 08:44:40,e25d599e-c5c8-4e40-a810-880aaee58b88,9,"25.126385949680756,51.34117277654894"
e25d599e-c5c8-4e40-a810-880aaee58b88,25.12655,51.34126,2023-10-02 08:51:11,e25d599e-c5c8-4e40-a810-880aaee58b88,9,"25.126385949680756,51.34117277654894"
e25d599e-c5c8-4e40-a810-880aaee58b88,25.12659,51.34124,2023-10-02 08:57:32,e25d599e-c5c8-4e40-a810-880aaee58b88,9,"25.126385949680756,51.34117277654894"
e25d599e-c5c8-4e40-a810-880aaee58b88,25.12654,51.34125,2023-10-02 09:08:30,e25d599e-c5c8-4e40-a810-880aaee58b88,9,"25.126385949680756,51.34117277654894"
e25d599e-c5c8-4e40-a810-880aaee58b88,25.12658,51.34122,2023-10-02 09:25:22,e25d599e-c5c8-4e40-a810-880aaee58b88,9,"25.126385949680756,51.34117277654894"
e25d599e-c5c8-4e40-a810-880aaee58b88,25.12652,51.34119,2023-10-02 09:25:23,e25d599e-c5c8-4e40-a810-880aaee58b88,9,"25.126385949680756,51.34117277654894"
e25d599e-c5c8-4e40-a810-880aaee58b88,25.1266,51.34121,2023-10-02 09:30:52,e25d599e-c5c8-4e40-a810-880aaee58b88,9,"25.126385949680756,51.34117277654894"
e25d599e-c5c8-4e40-a810-880aaee58b88,25.12657,51.34117,2023-10-02 09:36:39,e25d599e-c5c8-4e40-a810-880aaee58b88,9,"25.126385949680756,51.34117277654894"
e25d599e-c5c8-4e40-a810-880aaee58b88,25.1265605,51.3412206,2023-10-02 09:37:08,e25d599e-c5c8-4e40-a810-880aaee58b88,9,"25.126385949680756,51.34117277654894"
e25d599e-c5c8-4e40-a810-880aaee58b88,25.12655,51.34125,2023-10-02 10:00:00,e25d599e-c5c8-4e40-a810-880aaee58b88,9,"25.126385949680756,51.34117277654894"
e25d599e-c5c8-4e40-a810-880aaee58b88,25.12652,51.34118,2023-10-02 10:11:32,e25d599e-c5c8-4e40-a810-880aaee58b88,9,"25.126385949680756,51.34117277654894"
e25d599e-c5c8-4e40-a810-880aaee58b88,25.1266,51.34125,2023-10-02 10:28:27,e25d599e-c5c8-4e40-a810-880aaee58b88,9,"25.126385949680756,51.34117277654894"
e25d599e-c5c8-4e40-a810-880aaee58b88,25.12659,51.34123,2023-10-02 10:40:05,e25d599e-c5c8-4e40-a810-880aaee58b88,9,"25.126385949680756,51.34117277654894"
e25d599e-c5c8-4e40-a810-880aaee58b88,25.12657,51.34123,2023-10-02 10:44:57,e25d599e-c5c8-4e40-a810-880aaee58b88,9,"25.126385949680756,51.34117277654894"
e25d599e-c5c8-4e40-a810-880aaee58b88,25.12657,51.34124,2023-10-02 10:51:25,e25d599e-c5c8-4e40-a810-880aaee58b88,9,"25.126385949680756,51.34117277654894"
e25d599e-c5c8-4e40-a810-880aaee58b88,25.12653,51.34127,2023-10-02 11:02:00,e25d599e-c5c8-4e40-a810-880aaee58b88,9,"25.126385949680756,51.34117277654894"
e25d599e-c5c8-4e40-a810-880aaee58b88,25.12652,51.34126,2023-10-02 11:09:13,e25d599e-c5c8-4e40-a810-880aaee58b88,9,"25.126385949680756,51.34117277654894"
e25d599e-c5c8-4e40-a810-880aaee58b88,25.1265546,51.3412261,2023-10-02 11:19:47,e25d599e-c5c8-4e40-a810-880aaee58b88,9,"25.126385949680756,51.34117277654894"
e25d599e-c5c8-4e40-a810-880aaee58b88,25.12653,51.34125,2023-10-02 11:24:57,e25d599e-c5c8-4e40-a810-880aaee58b88,9,"25.126385949680756,51.34117277654894"
e25d599e-c5c8-4e40-a810-880aaee58b88,25.12651,51.34127,2023-10-02 11:37:16,e25d599e-c5c8-4e40-a810-880aaee58b88,9,"25.126385949680756,51.34117277654894"
e25d599e-c5c8-4e40-a810-880aaee58b88,25.1265559,51.341226,2023-10-02 11:54:15,e25d599e-c5c8-4e40-a810-880aaee58b88,9,"25.126385949680756,51.34117277654894"
e25d599e-c5c8-4e40-a810-880aaee58b88,25.12653,51.34122,2023-10-02 11:54:19,e25d599e-c5c8-4e40-a810-880aaee58b88,9,"25.126385949680756,51.34117277654894"
e25d599e-c5c8-4e40-a810-880aaee58b88,25.12653,51.34123,2023-10-02 11:59:57,e25d599e-c5c8-4e40-a810-880aaee58b88,9,"25.126385949680756,51.34117277654894"
e25d599e-c5c8-4e40-a810-880aaee58b88,25.1266,51.34124,2023-10-02 12:05:35,e25d599e-c5c8-4e40-a810-880aaee58b88,9,"25.126385949680756,51.34117277654894"
e25d599e-c5c8-4e40-a810-880aaee58b88,25.12653,51.34121,2023-10-02 12:06:16,e25d599e-c5c8-4e40-a810-880aaee58b88,9,"25.126385949680756,51.34117277654894"
e25d599e-c5c8-4e40-a810-880aaee58b88,25.12656,51.34123,2023-10-02 12:10:49,e25d599e-c5c8-4e40-a810-880aaee58b88,9,"25.126385949680756,51.34117277654894"
e25d599e-c5c8-4e40-a810-880aaee58b88,25.1265566,51.3412261,2023-10-02 12:17:05,e25d599e-c5c8-4e40-a810-880aaee58b88,9,"25.126385949680756,51.34117277654894"
e25d599e-c5c8-4e40-a810-880aaee58b88,25.12657,51.34126,2023-10-02 12:21:34,e25d599e-c5c8-4e40-a810-880aaee58b88,9,"25.126385949680756,51.34117277654894"
e25d599e-c5c8-4e40-a810-880aaee58b88,25.12655,51.34124,2023-10-02 12:28:47,e25d599e-c5c8-4e40-a810-880aaee58b88,9,"25.126385949680756,51.34117277654894"
e25d599e-c5c8-4e40-a810-880aaee58b88,25.1265564,51.3412262,2023-10-02 12:28:53,e25d599e-c5c8-4e40-a810-880aaee58b88,9,"25.126385949680756,51.34117277654894"
e25d599e-c5c8-4e40-a810-880aaee58b88,25.12652,51.34124,2023-10-02 12:34:27,e25d599e-c5c8-4e40-a810-880aaee58b88,9,"25.126385949680756,51.34117277654894"
e25d599e-c5c8-4e40-a810-880aaee58b88,25.12654,51.3412,2023-10-02 12:39:18,e25d599e-c5c8-4e40-a810-880aaee58b88,9,"25.126385949680756,51.34117277654894"
e25d599e-c5c8-4e40-a810-880aaee58b88,25.1266,51.34123,2023-10-02 12:51:20,e25d599e-c5c8-4e40-a810-880aaee58b88,9,"25.126385949680756,51.34117277654894"
e25d599e-c5c8-4e40-a810-880aaee58b88,25.12658,51.34124,2023-10-02 12:56:48,e25d599e-c5c8-4e40-a810-880aaee58b88,9,"25.126385949680756,51.34117277654894"
e25d599e-c5c8-4e40-a810-880aaee58b88,25.12653,51.34122,2023-10-02 13:01:46,e25d599e-c5c8-4e40-a810-880aaee58b88,9,"25.126385949680756,51.34117277654894"
e25d599e-c5c8-4e40-a810-880aaee58b88,25.1265565,51.3412265,2023-10-02 13:01:47,e25d599e-c5c8-4e40-a810-880aaee58b88,9,"25.126385949680756,51.34117277654894"
e25d599e-c5c8-4e40-a810-880aaee58b88,25.12659,51.34118,2023-10-02 13:07:35,e25d599e-c5c8-4e40-a810-880aaee58b88,9,"25.126385949680756,51.34117277654894"
e25d599e-c5c8-4e40-a810-880aaee58b88,25.12652,51.34119,2023-10-02 13:13:49,e25d599e-c5c8-4e40-a810-880aaee58b88,9,"25.126385949680756,51.34117277654894"
e25d599e-c5c8-4e40-a810-880aaee58b88,25.12657,51.34118,2023-10-02 13:20:05,e25d599e-c5c8-4e40-a810-880aaee58b88,9,"25.126385949680756,51.34117277654894"
e25d599e-c5c8-4e40-a810-880aaee58b88,25.12652,51.34123,2023-10-02 13:31:39,e25d599e-c5c8-4e40-a810-880aaee58b88,9,"25.126385949680756,51.34117277654894"
e25d599e-c5c8-4e40-a810-880aaee58b88,25.126556,51.3412266,2023-10-02 13:54:15,e25d599e-c5c8-4e40-a810-880aaee58b88,9,"25.126385949680756,51.34117277654894"
e25d599e-c5c8-4e40-a810-880aaee58b88,25.12659,51.34122,2023-10-02 13:59:56,e25d599e-c5c8-4e40-a810-880aaee58b88,9,"25.126385949680756,51.34117277654894"
e25d599e-c5c8-4e40-a810-880aaee58b88,25.12654,51.34126,2023-10-02 14:05:45,e25d599e-c5c8-4e40-a810-880aaee58b88,9,"25.126385949680756,51.34117277654894"
e25d599e-c5c8-4e40-a810-880aaee58b88,25.1265544,51.3412262,2023-10-02 14:06:03,e25d599e-c5c8-4e40-a810-880aaee58b88,9,"25.126385949680756,51.34117277654894"
e25d599e-c5c8-4e40-a810-880aaee58b88,25.12651,51.34128,2023-10-02 14:18:33,e25d599e-c5c8-4e40-a810-880aaee58b88,9,"25.126385949680756,51.34117277654894"
e25d599e-c5c8-4e40-a810-880aaee58b88,25.12654,51.34124,2023-10-02 14:23:50,e25d599e-c5c8-4e40-a810-880aaee58b88,9,"25.126385949680756,51.34117277654894"
e25d599e-c5c8-4e40-a810-880aaee58b88,25.1266,51.34122,2023-10-02 14:35:35,e25d599e-c5c8-4e40-a810-880aaee58b88,9,"25.126385949680756,51.34117277654894"
e25d599e-c5c8-4e40-a810-880aaee58b88,25.12654,51.34122,2023-10-02 14:41:18,e25d599e-c5c8-4e40-a810-880aaee58b88,9,"25.126385949680756,51.34117277654894"
e25d599e-c5c8-4e40-a810-880aaee58b88,25.12658,51.34121,2023-10-02 14:46:53,e25d599e-c5c8-4e40-a810-880aaee58b88,9,"25.126385949680756,51.34117277654894"
e25d599e-c5c8-4e40-a810-880aaee58b88,25.1266,51.34126,2023-10-02 14:51:51,e25d599e-c5c8-4e40-a810-880aaee58b88,9,"25.126385949680756,51.34117277654894"
e25d599e-c5c8-4e40-a810-880aaee58b88,25.12653,51.34119,2023-10-02 15:03:57,e25d599e-c5c8-4e40-a810-880aaee58b88,9,"25.126385949680756,51.34117277654894"
e25d599e-c5c8-4e40-a810-880aaee58b88,25.12652,51.34127,2023-10-02 15:09:23,e25d599e-c5c8-4e40-a810-880aaee58b88,9,"25.126385949680756,51.34117277654894"
e25d599e-c5c8-4e40-a810-880aaee58b88,25.12657,51.34123,2023-10-02 15:15:42,e25d599e-c5c8-4e40-a810-880aaee58b88,9,"25.126385949680756,51.34117277654894"
e25d599e-c5c8-4e40-a810-880aaee58b88,25.1266,51.34121,2023-10-02 15:26:59,e25d599e-c5c8-4e40-a810-880aaee58b88,9,"25.126385949680756,51.34117277654894"
e25d599e-c5c8-4e40-a810-880aaee58b88,25.1265545,51.3412266,2023-10-02 16:03:18,e25d599e-c5c8-4e40-a810-880aaee58b88,9,"25.126385949680756,51.34117277654894"
e25d599e-c5c8-4e40-a810-880aaee58b88,25.12652,51.34118,2023-10-02 16:08:45,e25d599e-c5c8-4e40-a810-880aaee58b88,9,"25.126385949680756,51.34117277654894"
e25d599e-c5c8-4e40-a810-880aaee58b88,25.1265606,51.3412202,2023-10-02 16:15:32,e25d599e-c5c8-4e40-a810-880aaee58b88,9,"25.126385949680756,51.34117277654894"
e25d599e-c5c8-4e40-a810-880aaee58b88,25.12652,51.34122,2023-10-02 16:15:45,e25d599e-c5c8-4e40-a810-880aaee58b88,9,"25.126385949680756,51.34117277654894"
e25d599e-c5c8-4e40-a810-880aaee58b88,25.12653,51.3412,2023-10-02 16:21:25,e25d599e-c5c8-4e40-a810-880aaee58b88,9,"25.126385949680756,51.34117277654894"
e25d599e-c5c8-4e40-a810-880aaee58b88,25.12654,51.3412,2023-10-02 16:31:01,e25d599e-c5c8-4e40-a810-880aaee58b88,9,"25.126385949680756,51.34117277654894"
e25d599e-c5c8-4e40-a810-880aaee58b88,25.1266,51.34121,2023-10-02 16:36:22,e25d599e-c5c8-4e40-a810-880aaee58b88,9,"25.126385949680756,51.34117277654894"
e25d599e-c5c8-4e40-a810-880aaee58b88,25.12659,51.34123,2023-10-02 16:42:05,e25d599e-c5c8-4e40-a810-880aaee58b88,9,"25.126385949680756,51.34117277654894"
e25d599e-c5c8-4e40-a810-880aaee58b88,25.12657,51.34118,2023-10-02 16:46:20,e25d599e-c5c8-4e40-a810-880aaee58b88,9,"25.126385949680756,51.34117277654894"
e25d599e-c5c8-4e40-a810-880aaee58b88,25.12658,51.34126,2023-10-02 16:59:32,e25d599e-c5c8-4e40-a810-880aaee58b88,9,"25.126385949680756,51.34117277654894"
e25d599e-c5c8-4e40-a810-880aaee58b88,25.12653,51.34126,2023-10-02 17:04:37,e25d599e-c5c8-4e40-a810-880aaee58b88,9,"25.126385949680756,51.34117277654894"
e25d599e-c5c8-4e40-a810-880aaee58b88,25.1266,51.34124,2023-10-02 17:22:19,e25d599e-c5c8-4e40-a810-880aaee58b88,9,"25.126385949680756,51.34117277654894"
e25d599e-c5c8-4e40-a810-880aaee58b88,25.12651,51.34122,2023-10-02 17:32:50,e25d599e-c5c8-4e40-a810-880aaee58b88,9,"25.126385949680756,51.34117277654894"
e25d599e-c5c8-4e40-a810-880aaee58b88,25.12658,51.34124,2023-10-02 17:38:29,e25d599e-c5c8-4e40-a810-880aaee58b88,9,"25.126385949680756,51.34117277654894"
e25d599e-c5c8-4e40-a810-880aaee58b88,25.12651,51.34126,2023-10-02 17:51:07,e25d599e-c5c8-4e40-a810-880aaee58b88,9,"25.126385949680756,51.34117277654894"
e25d599e-c5c8-4e40-a810-880aaee58b88,25.12657,51.34125,2023-10-02 18:03:52,e25d599e-c5c8-4e40-a810-880aaee58b88,9,"25.126385949680756,51.34117277654894"
e25d599e-c5c8-4e40-a810-880aaee58b88,25.12656,51.34127,2023-10-02 18:11:01,e25d599e-c5c8-4e40-a810-880aaee58b88,9,"25.126385949680756,51.34117277654894"
e25d599e-c5c8-4e40-a810-880aaee58b88,25.12659,51.34125,2023-10-02 18:19:11,e25d599e-c5c8-4e40-a810-880aaee58b88,9,"25.126385949680756,51.34117277654894"
e25d599e-c5c8-4e40-a810-880aaee58b88,25.12655,51.34119,2023-10-02 18:30:56,e25d599e-c5c8-4e40-a810-880aaee58b88,9,"25.126385949680756,51.34117277654894"
e25d599e-c5c8-4e40-a810-880aaee58b88,25.1265,51.34125,2023-10-02 18:37:43,e25d599e-c5c8-4e40-a810-880aaee58b88,9,"25.126385949680756,51.34117277654894"
e25d599e-c5c8-4e40-a810-880aaee58b88,25.12654,51.34124,2023-10-02 18:45:26,e25d599e-c5c8-4e40-a810-880aaee58b88,9,"25.126385949680756,51.34117277654894"
e25d599e-c5c8-4e40-a810-880aaee58b88,25.12654,51.34118,2023-10-02 18:58:07,e25d599e-c5c8-4e40-a810-880aaee58b88,9,"25.126385949680756,51.34117277654894"
e25d599e-c5c8-4e40-a810-880aaee58b88,25.12652,51.34128,2023-10-02 19:21:33,e25d599e-c5c8-4e40-a810-880aaee58b88,9,"25.126385949680756,51.34117277654894"
e25d599e-c5c8-4e40-a810-880aaee58b88,25.12653,51.3412,2023-10-02 19:26:30,e25d599e-c5c8-4e40-a810-880aaee58b88,9,"25.126385949680756,51.34117277654894"
e25d599e-c5c8-4e40-a810-880aaee58b88,25.12653,51.34126,2023-10-02 19:34:23,e25d599e-c5c8-4e40-a810-880aaee58b88,9,"25.126385949680756,51.34117277654894"
e25d599e-c5c8-4e40-a810-880aaee58b88,25.12655,51.34121,2023-10-02 19:40:45,e25d599e-c5c8-4e40-a810-880aaee58b88,9,"25.126385949680756,51.34117277654894"
e25d599e-c5c8-4e40-a810-880aaee58b88,25.12651,51.34127,2023-10-02 19:47:48,e25d599e-c5c8-4e40-a810-880aaee58b88,9,"25.126385949680756,51.34117277654894"
e25d599e-c5c8-4e40-a810-880aaee58b88,25.12654,51.34124,2023-10-02 19:52:19,e25d599e-c5c8-4e40-a810-880aaee58b88,9,"25.126385949680756,51.34117277654894"
e25d599e-c5c8-4e40-a810-880aaee58b88,25.1266,51.34125,2023-10-02 19:57:42,e25d599e-c5c8-4e40-a810-880aaee58b88,9,"25.126385949680756,51.34117277654894"
e25d599e-c5c8-4e40-a810-880aaee58b88,25.12652,51.34125,2023-10-02 20:04:08,e25d599e-c5c8-4e40-a810-880aaee58b88,9,"25.126385949680756,51.34117277654894"
e25d599e-c5c8-4e40-a810-880aaee58b88,25.12652,51.34121,2023-10-02 20:10:50,e25d599e-c5c8-4e40-a810-880aaee58b88,9,"25.126385949680756,51.34117277654894"
e25d599e-c5c8-4e40-a810-880aaee58b88,25.12652,51.34123,2023-10-02 20:28:50,e25d599e-c5c8-4e40-a810-880aaee58b88,9,"25.126385949680756,51.34117277654894"
e25d599e-c5c8-4e40-a810-880aaee58b88,25.12652,51.34119,2023-10-02 20:35:50,e25d599e-c5c8-4e40-a810-880aaee58b88,9,"25.126385949680756,51.34117277654894"
e25d599e-c5c8-4e40-a810-880aaee58b88,25.12653,51.34122,2023-10-02 20:55:57,e25d599e-c5c8-4e40-a810-880aaee58b88,9,"25.126385949680756,51.34117277654894"
e25d599e-c5c8-4e40-a810-880aaee58b88,25.12651,51.3412,2023-10-02 21:16:20,e25d599e-c5c8-4e40-a810-880aaee58b88,9,"25.126385949680756,51.34117277654894"
e25d599e-c5c8-4e40-a810-880aaee58b88,25.1265548,51.3412268,2023-10-02 21:20:26,e25d599e-c5c8-4e40-a810-880aaee58b88,9,"25.126385949680756,51.34117277654894"
e25d599e-c5c8-4e40-a810-880aaee58b88,25.12658,51.3412,2023-10-02 21:27:34,e25d599e-c5c8-4e40-a810-880aaee58b88,9,"25.126385949680756,51.34117277654894"
e25d599e-c5c8-4e40-a810-880aaee58b88,25.12653,51.34123,2023-10-02 21:32:41,e25d599e-c5c8-4e40-a810-880aaee58b88,9,"25.126385949680756,51.34117277654894"
e25d599e-c5c8-4e40-a810-880aaee58b88,25.12659,51.34118,2023-10-02 21:38:46,e25d599e-c5c8-4e40-a810-880aaee58b88,9,"25.126385949680756,51.34117277654894"
e25d599e-c5c8-4e40-a810-880aaee58b88,25.12655,51.34125,2023-10-02 21:44:39,e25d599e-c5c8-4e40-a810-880aaee58b88,9,"25.126385949680756,51.34117277654894"
e25d599e-c5c8-4e40-a810-880aaee58b88,25.12656,51.34124,2023-10-02 21:58:21,e25d599e-c5c8-4e40-a810-880aaee58b88,9,"25.126385949680756,51.34117277654894"
e25d599e-c5c8-4e40-a810-880aaee58b88,25.1265544,51.3412266,2023-10-02 22:04:12,e25d599e-c5c8-4e40-a810-880aaee58b88,9,"25.126385949680756,51.34117277654894"
e25d599e-c5c8-4e40-a810-880aaee58b88,25.12652,51.34122,2023-10-02 22:08:56,e25d599e-c5c8-4e40-a810-880aaee58b88,9,"25.126385949680756,51.34117277654894"
e25d599e-c5c8-4e40-a810-880aaee58b88,25.12658,51.34123,2023-10-02 23:18:33,e25d599e-c5c8-4e40-a810-880aaee58b88,9,"25.126385949680756,51.34117277654894"
e25d599e-c5c8-4e40-a810-880aaee58b88,25.12659,51.34121,2023-10-03 07:04:06,e25d599e-c5c8-4e40-a810-880aaee58b88,9,"25.126385949680756,51.34117277654894"
e25d599e-c5c8-4e40-a810-880aaee58b88,25.12652,51.34126,2023-10-03 12:18:06,e25d599e-c5c8-4e40-a810-880aaee58b88,9,"25.126385949680756,51.34117277654894"
e25d599e-c5c8-4e40-a810-880aaee58b88,25.1265561,51.3412268,2023-10-04 22:41:11,e25d599e-c5c8-4e40-a810-880aaee58b88,9,"25.126385949680756,51.34117277654894"
9DAA99FE-AC5E-4E77-AD50-A0C7323192F3,25.126444,51.341286,2023-10-01 00:13:24,8ca7b12c2b3bcc671de86d90f875c753ee2fbdf8802960a7da900b860a01eb99,9,"25.126385949680756,51.34117277654894"
9DAA99FE-AC5E-4E77-AD50-A0C7323192F3,25.12647,51.34122,2023-10-01 00:30:20,8ca7b12c2b3bcc671de86d90f875c753ee2fbdf8802960a7da900b860a01eb99,9,"25.126385949680756,51.34117277654894"
9DAA99FE-AC5E-4E77-AD50-A0C7323192F3,25.12642,51.34123,2023-10-01 00:30:21,8ca7b12c2b3bcc671de86d90f875c753ee2fbdf8802960a7da900b860a01eb99,9,"25.126385949680756,51.34117277654894"
9DAA99FE-AC5E-4E77-AD50-A0C7323192F3,25.12644,51.341286,2023-10-01 02:48:10,8ca7b12c2b3bcc671de86d90f875c753ee2fbdf8802960a7da900b860a01eb99,9,"25.126385949680756,51.34117277654894"
9DAA99FE-AC5E-4E77-AD50-A0C7323192F3,25.1265,51.34129,2023-10-01 13:48:18,8ca7b12c2b3bcc671de86d90f875c753ee2fbdf8802960a7da900b860a01eb99,9,"25.126385949680756,51.34117277654894"
9DAA99FE-AC5E-4E77-AD50-A0C7323192F3,25.126418,51.341206,2023-10-01 14:36:58,8ca7b12c2b3bcc671de86d90f875c753ee2fbdf8802960a7da900b860a01eb99,9,"25.126385949680756,51.34117277654894"
9DAA99FE-AC5E-4E77-AD50-A0C7323192F3,25.12639,51.34123,2023-10-01 14:37:14,8ca7b12c2b3bcc671de86d90f875c753ee2fbdf8802960a7da900b860a01eb99,9,"25.126385949680756,51.34117277654894"
9DAA99FE-AC5E-4E77-AD50-A0C7323192F3,25.126412,51.341284,2023-10-01 15:13:59,8ca7b12c2b3bcc671de86d90f875c753ee2fbdf8802960a7da900b860a01eb99,9,"25.126385949680756,51.34117277654894"
9DAA99FE-AC5E-4E77-AD50-A0C7323192F3,25.126464,51.341209,2023-10-01 16:05:58,8ca7b12c2b3bcc671de86d90f875c753ee2fbdf8802960a7da900b860a01eb99,9,"25.126385949680756,51.34117277654894"
9DAA99FE-AC5E-4E77-AD50-A0C7323192F3,25.126574,51.341192,2023-10-01 16:47:54,8ca7b12c2b3bcc671de86d90f875c753ee2fbdf8802960a7da900b860a01eb99,9,"25.126385949680756,51.34117277654894"
9DAA99FE-AC5E-4E77-AD50-A0C7323192F3,25.126407,51.341289,2023-10-01 17:32:21,8ca7b12c2b3bcc671de86d90f875c753ee2fbdf8802960a7da900b860a01eb99,9,"25.126385949680756,51.34117277654894"
9DAA99FE-AC5E-4E77-AD50-A0C7323192F3,25.126306,51.341271,2023-10-01 17:46:22,8ca7b12c2b3bcc671de86d90f875c753ee2fbdf8802960a7da900b860a01eb99,9,"25.126385949680756,51.34117277654894"
9DAA99FE-AC5E-4E77-AD50-A0C7323192F3,25.12652,51.34132,2023-10-01 17:46:26,8ca7b12c2b3bcc671de86d90f875c753ee2fbdf8802960a7da900b860a01eb99,9,"25.126385949680756,51.34117277654894"
9DAA99FE-AC5E-4E77-AD50-A0C7323192F3,25.12633,51.34117,2023-10-01 18:06:26,8ca7b12c2b3bcc671de86d90f875c753ee2fbdf8802960a7da900b860a01eb99,9,"25.126385949680756,51.34117277654894"
9DAA99FE-AC5E-4E77-AD50-A0C7323192F3,25.12645,51.34128,2023-10-01 19:13:21,8ca7b12c2b3bcc671de86d90f875c753ee2fbdf8802960a7da900b860a01eb99,9,"25.126385949680756,51.34117277654894"
9DAA99FE-AC5E-4E77-AD50-A0C7323192F3,25.1265,51.34128,2023-10-01 21:41:08,8ca7b12c2b3bcc671de86d90f875c753ee2fbdf8802960a7da900b860a01eb99,9,"25.126385949680756,51.34117277654894"
9DAA99FE-AC5E-4E77-AD50-A0C7323192F3,25.12643,51.34133,2023-10-01 22:42:35,8ca7b12c2b3bcc671de86d90f875c753ee2fbdf8802960a7da900b860a01eb99,9,"25.126385949680756,51.34117277654894"
9DAA99FE-AC5E-4E77-AD50-A0C7323192F3,25.12636,51.34122,2023-10-02 00:42:39,9DAA99FE-AC5E-4E77-AD50-A0C7323192F3,9,"25.126385949680756,51.34117277654894"
9DAA99FE-AC5E-4E77-AD50-A0C7323192F3,25.12643,51.3413,2023-10-02 02:43:19,9DAA99FE-AC5E-4E77-AD50-A0C7323192F3,9,"25.126385949680756,51.34117277654894"
9DAA99FE-AC5E-4E77-AD50-A0C7323192F3,25.12649,51.34129,2023-10-02 05:47:26,9DAA99FE-AC5E-4E77-AD50-A0C7323192F3,9,"25.126385949680756,51.34117277654894"
9DAA99FE-AC5E-4E77-AD50-A0C7323192F3,25.12643,51.34129,2023-10-02 06:34:02,9DAA99FE-AC5E-4E77-AD50-A0C7323192F3,9,"25.126385949680756,51.34117277654894"
9DAA99FE-AC5E-4E77-AD50-A0C7323192F3,25.12659,51.34123,2023-10-02 08:19:15,9DAA99FE-AC5E-4E77-AD50-A0C7323192F3,9,"25.126385949680756,51.34117277654894"
9DAA99FE-AC5E-4E77-AD50-A0C7323192F3,25.12651,51.34125,2023-10-02 08:38:30,9DAA99FE-AC5E-4E77-AD50-A0C7323192F3,9,"25.126385949680756,51.34117277654894"
9DAA99FE-AC5E-4E77-AD50-A0C7323192F3,25.126461,51.341286,2023-10-02 08:38:33,9DAA99FE-AC5E-4E77-AD50-A0C7323192F3,9,"25.126385949680756,51.34117277654894"
9DAA99FE-AC5E-4E77-AD50-A0C7323192F3,25.12641,51.34121,2023-10-02 09:40:03,9DAA99FE-AC5E-4E77-AD50-A0C7323192F3,9,"25.126385949680756,51.34117277654894"
9DAA99FE-AC5E-4E77-AD50-A0C7323192F3,25.12644,51.34128,2023-10-02 10:42:35,9DAA99FE-AC5E-4E77-AD50-A0C7323192F3,9,"25.126385949680756,51.34117277654894"
9DAA99FE-AC5E-4E77-AD50-A0C7323192F3,25.12652,51.3413,2023-10-02 11:22:46,9DAA99FE-AC5E-4E77-AD50-A0C7323192F3,9,"25.126385949680756,51.34117277654894"
9DAA99FE-AC5E-4E77-AD50-A0C7323192F3,25.12621,51.34122,2023-10-02 12:02:37,9DAA99FE-AC5E-4E77-AD50-A0C7323192F3,9,"25.126385949680756,51.34117277654894"
9DAA99FE-AC5E-4E77-AD50-A0C7323192F3,25.12645,51.34129,2023-10-02 12:21:38,9DAA99FE-AC5E-4E77-AD50-A0C7323192F3,9,"25.126385949680756,51.34117277654894"
9DAA99FE-AC5E-4E77-AD50-A0C7323192F3,25.12653,51.34121,2023-10-02 12:42:33,9DAA99FE-AC5E-4E77-AD50-A0C7323192F3,9,"25.126385949680756,51.34117277654894"
9DAA99FE-AC5E-4E77-AD50-A0C7323192F3,25.12639,51.3413,2023-10-02 13:24:23,9DAA99FE-AC5E-4E77-AD50-A0C7323192F3,9,"25.126385949680756,51.34117277654894"
9DAA99FE-AC5E-4E77-AD50-A0C7323192F3,25.12651,51.34126,2023-10-02 13:43:05,9DAA99FE-AC5E-4E77-AD50-A0C7323192F3,9,"25.126385949680756,51.34117277654894"
9DAA99FE-AC5E-4E77-AD50-A0C7323192F3,25.12644,51.34123,2023-10-02 14:03:57,9DAA99FE-AC5E-4E77-AD50-A0C7323192F3,9,"25.126385949680756,51.34117277654894"
9DAA99FE-AC5E-4E77-AD50-A0C7323192F3,25.126479,51.341281,2023-10-02 14:24:36,9DAA99FE-AC5E-4E77-AD50-A0C7323192F3,9,"25.126385949680756,51.34117277654894"
9DAA99FE-AC5E-4E77-AD50-A0C7323192F3,25.126499,51.341196,2023-10-02 14:45:17,9DAA99FE-AC5E-4E77-AD50-A0C7323192F3,9,"25.126385949680756,51.34117277654894"
9DAA99FE-AC5E-4E77-AD50-A0C7323192F3,25.12649,51.34133,2023-10-02 15:48:50,9DAA99FE-AC5E-4E77-AD50-A0C7323192F3,9,"25.126385949680756,51.34117277654894"
9DAA99FE-AC5E-4E77-AD50-A0C7323192F3,25.12642,51.34131,2023-10-02 17:05:47,9DAA99FE-AC5E-4E77-AD50-A0C7323192F3,9,"25.126385949680756,51.34117277654894"
9DAA99FE-AC5E-4E77-AD50-A0C7323192F3,25.1266,51.34121,2023-10-02 17:31:15,9DAA99FE-AC5E-4E77-AD50-A0C7323192F3,9,"25.126385949680756,51.34117277654894"
9DAA99FE-AC5E-4E77-AD50-A0C7323192F3,25.12644,51.34117,2023-10-02 17:50:49,9DAA99FE-AC5E-4E77-AD50-A0C7323192F3,9,"25.126385949680756,51.34117277654894"
9DAA99FE-AC5E-4E77-AD50-A0C7323192F3,25.12646,51.34128,2023-10-02 18:26:17,9DAA99FE-AC5E-4E77-AD50-A0C7323192F3,9,"25.126385949680756,51.34117277654894"
9DAA99FE-AC5E-4E77-AD50-A0C7323192F3,25.12645,51.34128,2023-10-02 19:17:08,9DAA99FE-AC5E-4E77-AD50-A0C7323192F3,9,"25.126385949680756,51.34117277654894"
9DAA99FE-AC5E-4E77-AD50-A0C7323192F3,25.12625,51.34124,2023-10-02 20:24:18,9DAA99FE-AC5E-4E77-AD50-A0C7323192F3,9,"25.126385949680756,51.34117277654894"
9DAA99FE-AC5E-4E77-AD50-A0C7323192F3,25.12644,51.34134,2023-10-02 20:50:45,9DAA99FE-AC5E-4E77-AD50-A0C7323192F3,9,"25.126385949680756,51.34117277654894"
9DAA99FE-AC5E-4E77-AD50-A0C7323192F3,25.12641,51.3413,2023-10-02 21:49:38,9DAA99FE-AC5E-4E77-AD50-A0C7323192F3,9,"25.126385949680756,51.34117277654894"
9DAA99FE-AC5E-4E77-AD50-A0C7323192F3,25.12644,51.34122,2023-10-02 22:11:24,9DAA99FE-AC5E-4E77-AD50-A0C7323192F3,9,"25.126385949680756,51.34117277654894"
9DAA99FE-AC5E-4E77-AD50-A0C7323192F3,25.12646,51.34117,2023-10-02 22:43:31,9DAA99FE-AC5E-4E77-AD50-A0C7323192F3,9,"25.126385949680756,51.34117277654894"
9DAA99FE-AC5E-4E77-AD50-A0C7323192F3,25.126477,51.341286,2023-10-02 23:01:40,9DAA99FE-AC5E-4E77-AD50-A0C7323192F3,9,"25.126385949680756,51.34117277654894"
9DAA99FE-AC5E-4E77-AD50-A0C7323192F3,25.12642,51.341285,2023-10-02 23:14:23,9DAA99FE-AC5E-4E77-AD50-A0C7323192F3,9,"25.126385949680756,51.34117277654894"
260be903-b676-4f11-aeda-ad733264c5bf,25.1262122,51.3409724,2023-10-01 03:44:41,fb903b08d538c99ddf6b8775f5a706fe2180986c2b87c06131c2e00e20a7b2f8,9,"25.126385949680756,51.34117277654894"
d3a87c79-1d2c-448d-a999-93939d99e9cc,25.12616,51.34106,2023-10-02 16:49:25,d3a87c79-1d2c-448d-a999-93939d99e9cc,9,"25.126385949680756,51.34117277654894"
d3a87c79-1d2c-448d-a999-93939d99e9cc,25.12607,51.34115,2023-10-05 04:28:57,d3a87c79-1d2c-448d-a999-93939d99e9cc,9,"25.126385949680756,51.34117277654894"
e59a971e-b9b4-4e80-a430-440ddee94c44,25.126554,51.3412266,2023-10-01 00:13:52,b4ccda3b14913ffcd23d1e58a6a515805e0e7b2293df8741d3713fefaa219a3c,9,"25.126385949680756,51.34117277654894"
e59a971e-b9b4-4e80-a430-440ddee94c44,25.1265566,51.3412267,2023-10-01 03:14:14,b4ccda3b14913ffcd23d1e58a6a515805e0e7b2293df8741d3713fefaa219a3c,9,"25.126385949680756,51.34117277654894"
e59a971e-b9b4-4e80-a430-440ddee94c44,25.1265567,51.3412278,2023-10-01 03:36:06,b4ccda3b14913ffcd23d1e58a6a515805e0e7b2293df8741d3713fefaa219a3c,9,"25.126385949680756,51.34117277654894"
e59a971e-b9b4-4e80-a430-440ddee94c44,25.1265565,51.3412265,2023-10-01 04:29:13,b4ccda3b14913ffcd23d1e58a6a515805e0e7b2293df8741d3713fefaa219a3c,9,"25.126385949680756,51.34117277654894"
e59a971e-b9b4-4e80-a430-440ddee94c44,25.1265576,51.3412278,2023-10-01 05:12:22,b4ccda3b14913ffcd23d1e58a6a515805e0e7b2293df8741d3713fefaa219a3c,9,"25.126385949680756,51.34117277654894"
e59a971e-b9b4-4e80-a430-440ddee94c44,25.1265566,51.3412261,2023-10-01 05:57:16,b4ccda3b14913ffcd23d1e58a6a515805e0e7b2293df8741d3713fefaa219a3c,9,"25.126385949680756,51.34117277654894"
e59a971e-b9b4-4e80-a430-440ddee94c44,25.1265566,51.3412261,2023-10-01 06:02:46,b4ccda3b14913ffcd23d1e58a6a515805e0e7b2293df8741d3713fefaa219a3c,9,"25.126385949680756,51.34117277654894"
e59a971e-b9b4-4e80-a430-440ddee94c44,25.1265605,51.3412206,2023-10-01 06:58:47,b4ccda3b14913ffcd23d1e58a6a515805e0e7b2293df8741d3713fefaa219a3c,9,"25.126385949680756,51.34117277654894"
e59a971e-b9b4-4e80-a430-440ddee94c44,25.1265562,51.3412266,2023-10-01 07:35:31,b4ccda3b14913ffcd23d1e58a6a515805e0e7b2293df8741d3713fefaa219a3c,9,"25.126385949680756,51.34117277654894"
e59a971e-b9b4-4e80-a430-440ddee94c44,25.1265562,51.3412268,2023-10-01 07:46:41,b4ccda3b14913ffcd23d1e58a6a515805e0e7b2293df8741d3713fefaa219a3c,9,"25.126385949680756,51.34117277654894"
e59a971e-b9b4-4e80-a430-440ddee94c44,25.1265561,51.3412268,2023-10-01 10:24:33,b4ccda3b14913ffcd23d1e58a6a515805e0e7b2293df8741d3713fefaa219a3c,9,"25.126385949680756,51.34117277654894"
e59a971e-b9b4-4e80-a430-440ddee94c44,25.1265562,51.3412266,2023-10-01 10:56:12,b4ccda3b14913ffcd23d1e58a6a515805e0e7b2293df8741d3713fefaa219a3c,9,"25.126385949680756,51.34117277654894"
e59a971e-b9b4-4e80-a430-440ddee94c44,25.1265605,51.3412206,2023-10-01 11:07:51,b4ccda3b14913ffcd23d1e58a6a515805e0e7b2293df8741d3713fefaa219a3c,9,"25.126385949680756,51.34117277654894"
e59a971e-b9b4-4e80-a430-440ddee94c44,25.1265605,51.3412206,2023-10-01 11:26:13,b4ccda3b14913ffcd23d1e58a6a515805e0e7b2293df8741d3713fefaa219a3c,9,"25.126385949680756,51.34117277654894"
e59a971e-b9b4-4e80-a430-440ddee94c44,25.1265566,51.3412267,2023-10-01 12:21:46,b4ccda3b14913ffcd23d1e58a6a515805e0e7b2293df8741d3713fefaa219a3c,9,"25.126385949680756,51.34117277654894"
e59a971e-b9b4-4e80-a430-440ddee94c44,25.126554,51.3412268,2023-10-01 12:45:13,b4ccda3b14913ffcd23d1e58a6a515805e0e7b2293df8741d3713fefaa219a3c,9,"25.126385949680756,51.34117277654894"
e59a971e-b9b4-4e80-a430-440ddee94c44,25.1265566,51.3412261,2023-10-01 13:16:03,b4ccda3b14913ffcd23d1e58a6a515805e0e7b2293df8741d3713fefaa219a3c,9,"25.126385949680756,51.34117277654894"
e59a971e-b9b4-4e80-a430-440ddee94c44,25.126556,51.3412269,2023-10-01 21:19:18,b4ccda3b14913ffcd23d1e58a6a515805e0e7b2293df8741d3713fefaa219a3c,9,"25.126385949680756,51.34117277654894"
e59a971e-b9b4-4e80-a430-440ddee94c44,25.126556,51.3412269,2023-10-01 21:45:28,b4ccda3b14913ffcd23d1e58a6a515805e0e7b2293df8741d3713fefaa219a3c,9,"25.126385949680756,51.34117277654894"
e59a971e-b9b4-4e80-a430-440ddee94c44,25.1265561,51.3412266,2023-10-02 02:43:35,e59a971e-b9b4-4e80-a430-440ddee94c44,9,"25.126385949680756,51.34117277654894"
e59a971e-b9b4-4e80-a430-440ddee94c44,25.1265561,51.3412266,2023-10-02 02:53:31,e59a971e-b9b4-4e80-a430-440ddee94c44,9,"25.126385949680756,51.34117277654894"
e59a971e-b9b4-4e80-a430-440ddee94c44,25.1265561,51.3412266,2023-10-02 02:59:51,e59a971e-b9b4-4e80-a430-440ddee94c44,9,"25.126385949680756,51.34117277654894"
e59a971e-b9b4-4e80-a430-440ddee94c44,25.1265601,51.3412208,2023-10-02 04:11:11,e59a971e-b9b4-4e80-a430-440ddee94c44,9,"25.126385949680756,51.34117277654894"
e59a971e-b9b4-4e80-a430-440ddee94c44,25.1265601,51.3412208,2023-10-02 05:03:22,e59a971e-b9b4-4e80-a430-440ddee94c44,9,"25.126385949680756,51.34117277654894"
e59a971e-b9b4-4e80-a430-440ddee94c44,25.1265601,51.3412208,2023-10-02 05:46:15,e59a971e-b9b4-4e80-a430-440ddee94c44,9,"25.126385949680756,51.34117277654894"
e59a971e-b9b4-4e80-a430-440ddee94c44,25.1265566,51.3412267,2023-10-02 06:21:38,e59a971e-b9b4-4e80-a430-440ddee94c44,9,"25.126385949680756,51.34117277654894"
e59a971e-b9b4-4e80-a430-440ddee94c44,25.1265566,51.3412267,2023-10-02 06:26:48,e59a971e-b9b4-4e80-a430-440ddee94c44,9,"25.126385949680756,51.34117277654894"
e59a971e-b9b4-4e80-a430-440ddee94c44,25.1265562,51.3412266,2023-10-02 06:47:16,e59a971e-b9b4-4e80-a430-440ddee94c44,9,"25.126385949680756,51.34117277654894"
e59a971e-b9b4-4e80-a430-440ddee94c44,25.1265561,51.3412266,2023-10-02 07:06:21,e59a971e-b9b4-4e80-a430-440ddee94c44,9,"25.126385949680756,51.34117277654894"
e59a971e-b9b4-4e80-a430-440ddee94c44,25.126554,51.3412268,2023-10-02 07:35:43,e59a971e-b9b4-4e80-a430-440ddee94c44,9,"25.126385949680756,51.34117277654894"
e59a971e-b9b4-4e80-a430-440ddee94c44,25.1265564,51.3412265,2023-10-02 07:46:36,e59a971e-b9b4-4e80-a430-440ddee94c44,9,"25.126385949680756,51.34117277654894"
e59a971e-b9b4-4e80-a430-440ddee94c44,25.1265605,51.3412206,2023-10-02 08:04:23,e59a971e-b9b4-4e80-a430-440ddee94c44,9,"25.126385949680756,51.34117277654894"
e59a971e-b9b4-4e80-a430-440ddee94c44,25.1265606,51.3412202,2023-10-02 08:20:08,e59a971e-b9b4-4e80-a430-440ddee94c44,9,"25.126385949680756,51.34117277654894"
e59a971e-b9b4-4e80-a430-440ddee94c44,25.1265556,51.3412266,2023-10-02 09:08:50,e59a971e-b9b4-4e80-a430-440ddee94c44,9,"25.126385949680756,51.34117277654894"
e59a971e-b9b4-4e80-a430-440ddee94c44,25.1265559,51.3412264,2023-10-02 09:13:29,e59a971e-b9b4-4e80-a430-440ddee94c44,9,"25.126385949680756,51.34117277654894"
e59a971e-b9b4-4e80-a430-440ddee94c44,25.1265605,51.3412206,2023-10-02 10:11:10,e59a971e-b9b4-4e80-a430-440ddee94c44,9,"25.126385949680756,51.34117277654894"
e59a971e-b9b4-4e80-a430-440ddee94c44,25.1265559,51.3412264,2023-10-02 10:22:43,e59a971e-b9b4-4e80-a430-440ddee94c44,9,"25.126385949680756,51.34117277654894"
e59a971e-b9b4-4e80-a430-440ddee94c44,25.1265561,51.3412266,2023-10-02 10:51:15,e59a971e-b9b4-4e80-a430-440ddee94c44,9,"25.126385949680756,51.34117277654894"
e59a971e-b9b4-4e80-a430-440ddee94c44,25.1265565,51.341226,2023-10-02 10:57:06,e59a971e-b9b4-4e80-a430-440ddee94c44,9,"25.126385949680756,51.34117277654894"
e59a971e-b9b4-4e80-a430-440ddee94c44,25.1265605,51.3412206,2023-10-02 11:08:54,e59a971e-b9b4-4e80-a430-440ddee94c44,9,"25.126385949680756,51.34117277654894"
e59a971e-b9b4-4e80-a430-440ddee94c44,25.1265546,51.3412267,2023-10-02 11:42:07,e59a971e-b9b4-4e80-a430-440ddee94c44,9,"25.126385949680756,51.34117277654894"
e59a971e-b9b4-4e80-a430-440ddee94c44,25.1265556,51.3412266,2023-10-02 11:48:52,e59a971e-b9b4-4e80-a430-440ddee94c44,9,"25.126385949680756,51.34117277654894"
e59a971e-b9b4-4e80-a430-440ddee94c44,25.1265606,51.3412201,2023-10-02 12:05:12,e59a971e-b9b4-4e80-a430-440ddee94c44,9,"25.126385949680756,51.34117277654894"
e59a971e-b9b4-4e80-a430-440ddee94c44,25.1265565,51.3412265,2023-10-02 12:11:14,e59a971e-b9b4-4e80-a430-440ddee94c44,9,"25.126385949680756,51.34117277654894"
e59a971e-b9b4-4e80-a430-440ddee94c44,25.1265564,51.3412262,2023-10-02 12:28:53,e59a971e-b9b4-4e80-a430-440ddee94c44,9,"25.126385949680756,51.34117277654894"
e59a971e-b9b4-4e80-a430-440ddee94c44,25.1265564,51.3412264,2023-10-02 12:45:48,e59a971e-b9b4-4e80-a430-440ddee94c44,9,"25.126385949680756,51.34117277654894"
e59a971e-b9b4-4e80-a430-440ddee94c44,25.1265562,51.3412268,2023-10-02 13:27:58,e59a971e-b9b4-4e80-a430-440ddee94c44,9,"25.126385949680756,51.34117277654894"
e59a971e-b9b4-4e80-a430-440ddee94c44,25.1265546,51.3412269,2023-10-02 13:37:24,e59a971e-b9b4-4e80-a430-440ddee94c44,9,"25.126385949680756,51.34117277654894"
e59a971e-b9b4-4e80-a430-440ddee94c44,25.126556,51.3412266,2023-10-02 13:54:15,e59a971e-b9b4-4e80-a430-440ddee94c44,9,"25.126385949680756,51.34117277654894"
e59a971e-b9b4-4e80-a430-440ddee94c44,25.1265561,51.3412266,2023-10-02 14:23:39,e59a971e-b9b4-4e80-a430-440ddee94c44,9,"25.126385949680756,51.34117277654894"
e59a971e-b9b4-4e80-a430-440ddee94c44,25.1265605,51.3412206,2023-10-02 14:29:44,e59a971e-b9b4-4e80-a430-440ddee94c44,9,"25.126385949680756,51.34117277654894"
e59a971e-b9b4-4e80-a430-440ddee94c44,25.1265561,51.3412268,2023-10-02 14:41:08,e59a971e-b9b4-4e80-a430-440ddee94c44,9,"25.126385949680756,51.34117277654894"
e59a971e-b9b4-4e80-a430-440ddee94c44,25.1265566,51.3412267,2023-10-02 15:21:14,e59a971e-b9b4-4e80-a430-440ddee94c44,9,"25.126385949680756,51.34117277654894"
e59a971e-b9b4-4e80-a430-440ddee94c44,25.1265569,51.3412264,2023-10-02 15:52:03,e59a971e-b9b4-4e80-a430-440ddee94c44,9,"25.126385949680756,51.34117277654894"
e59a971e-b9b4-4e80-a430-440ddee94c44,25.1265568,51.3412266,2023-10-02 16:46:49,e59a971e-b9b4-4e80-a430-440ddee94c44,9,"25.126385949680756,51.34117277654894"
e59a971e-b9b4-4e80-a430-440ddee94c44,25.1265565,51.3412264,2023-10-02 17:10:26,e59a971e-b9b4-4e80-a430-440ddee94c44,9,"25.126385949680756,51.34117277654894"
e59a971e-b9b4-4e80-a430-440ddee94c44,25.1265548,51.3412268,2023-10-02 17:22:15,e59a971e-b9b4-4e80-a430-440ddee94c44,9,"25.126385949680756,51.34117277654894"
e59a971e-b9b4-4e80-a430-440ddee94c44,25.1265545,51.3412251,2023-10-02 17:33:12,e59a971e-b9b4-4e80-a430-440ddee94c44,9,"25.126385949680756,51.34117277654894"
e59a971e-b9b4-4e80-a430-440ddee94c44,25.1265541,51.3412256,2023-10-02 18:45:33,e59a971e-b9b4-4e80-a430-440ddee94c44,9,"25.126385949680756,51.34117277654894"
e59a971e-b9b4-4e80-a430-440ddee94c44,25.1265541,51.3412256,2023-10-02 18:51:29,e59a971e-b9b4-4e80-a430-440ddee94c44,9,"25.126385949680756,51.34117277654894"
e59a971e-b9b4-4e80-a430-440ddee94c44,25.1265542,51.3412259,2023-10-02 18:58:02,e59a971e-b9b4-4e80-a430-440ddee94c44,9,"25.126385949680756,51.34117277654894"
e59a971e-b9b4-4e80-a430-440ddee94c44,25.1265545,51.3412269,2023-10-02 21:06:11,e59a971e-b9b4-4e80-a430-440ddee94c44,9,"25.126385949680756,51.34117277654894"
e59a971e-b9b4-4e80-a430-440ddee94c44,25.1265548,51.3412268,2023-10-02 21:20:26,e59a971e-b9b4-4e80-a430-440ddee94c44,9,"25.126385949680756,51.34117277654894"
e59a971e-b9b4-4e80-a430-440ddee94c44,25.1265542,51.3412274,2023-10-02 21:27:22,e59a971e-b9b4-4e80-a430-440ddee94c44,9,"25.126385949680756,51.34117277654894"
e59a971e-b9b4-4e80-a430-440ddee94c44,25.1265544,51.3412266,2023-10-02 21:38:47,e59a971e-b9b4-4e80-a430-440ddee94c44,9,"25.126385949680756,51.34117277654894"
e59a971e-b9b4-4e80-a430-440ddee94c44,25.1265546,51.3412262,2023-10-02 21:58:02,e59a971e-b9b4-4e80-a430-440ddee94c44,9,"25.126385949680756,51.34117277654894"
e59a971e-b9b4-4e80-a430-440ddee94c44,25.1265546,51.3412262,2023-10-02 22:09:12,e59a971e-b9b4-4e80-a430-440ddee94c44,9,"25.126385949680756,51.34117277654894"
e59a971e-b9b4-4e80-a430-440ddee94c44,25.1265542,51.3412274,2023-10-02 23:18:20,e59a971e-b9b4-4e80-a430-440ddee94c44,9,"25.126385949680756,51.34117277654894"
e25d599e-c5c8-4e40-a810-880aaee58b88,25.12653,51.34249,2023-10-02 01:45:25,e25d599e-c5c8-4e40-a810-880aaee58b88,9,"25.126385949680756,51.34225379696292"
e25d599e-c5c8-4e40-a810-880aaee58b88,25.12699,51.34165,2023-10-02 01:10:41,e25d599e-c5c8-4e40-a810-880aaee58b88,9,"25.126838135547235,51.341713286755926"
e25d599e-c5c8-4e40-a810-880aaee58b88,25.12692,51.34172,2023-10-02 01:21:31,e25d599e-c5c8-4e40-a810-880aaee58b88,9,"25.126838135547235,51.341713286755926"
e25d599e-c5c8-4e40-a810-880aaee58b88,25.12695,51.34193,2023-10-02 01:35:26,e25d599e-c5c8-4e40-a810-880aaee58b88,9,"25.126838135547235,51.341713286755926"
e25d599e-c5c8-4e40-a810-880aaee58b88,25.12673,51.34191,2023-10-02 02:13:23,e25d599e-c5c8-4e40-a810-880aaee58b88,9,"25.126838135547235,51.341713286755926"
e25d599e-c5c8-4e40-a810-880aaee58b88,25.12679,51.34189,2023-10-04 02:13:29,e25d599e-c5c8-4e40-a810-880aaee58b88,9,"25.126838135547235,51.341713286755926"
e25d599e-c5c8-4e40-a810-880aaee58b88,25.12723,51.34173,2023-10-02 04:40:03,e25d599e-c5c8-4e40-a810-880aaee58b88,9,"25.127290321413714,51.341713286755926"
e25d599e-c5c8-4e40-a810-880aaee58b88,25.12731,51.34178,2023-10-02 05:11:18,e25d599e-c5c8-4e40-a810-880aaee58b88,9,"25.127290321413714,51.341713286755926"
e25d599e-c5c8-4e40-a810-880aaee58b88,25.12724,51.34172,2023-10-02 05:23:22,e25d599e-c5c8-4e40-a810-880aaee58b88,9,"25.127290321413714,51.341713286755926"
e25d599e-c5c8-4e40-a810-880aaee58b88,25.12723,51.34175,2023-10-02 05:25:07,e25d599e-c5c8-4e40-a810-880aaee58b88,9,"25.127290321413714,51.341713286755926"
e25d599e-c5c8-4e40-a810-880aaee58b88,25.1273,51.3418,2023-10-02 05:28:53,e25d599e-c5c8-4e40-a810-880aaee58b88,9,"25.127290321413714,51.341713286755926"
e25d599e-c5c8-4e40-a810-880aaee58b88,25.12727,51.34175,2023-10-02 05:35:24,e25d599e-c5c8-4e40-a810-880aaee58b88,9,"25.127290321413714,51.341713286755926"
e59a971e-b9b4-4e80-a430-440ddee94c44,25.1272675,51.3417599,2023-10-02 05:29:15,e59a971e-b9b4-4e80-a430-440ddee94c44,9,"25.127290321413714,51.341713286755926"
e25d599e-c5c8-4e40-a810-880aaee58b88,25.12879,51.33351,2023-10-01 01:55:16,4645e9fad75cd3da83caa25f63fde71baacde6255c9669ed2e553f6cd82d74e9,9,"25.12864687901315,51.33360563365103"
e25d599e-c5c8-4e40-a810-880aaee58b88,25.1287669,51.3334926,2023-10-01 01:55:34,4645e9fad75cd3da83caa25f63fde71baacde6255c9669ed2e553f6cd82d74e9,9,"25.12864687901315,51.33360563365103"
e25d599e-c5c8-4e40-a810-880aaee58b88,25.12872,51.33359,2023-10-01 02:00:14,4645e9fad75cd3da83caa25f63fde71baacde6255c9669ed2e553f6cd82d74e9,9,"25.12864687901315,51.33360563365103"
e25d599e-c5c8-4e40-a810-880aaee58b88,25.1288,51.33349,2023-10-02 02:01:12,e25d599e-c5c8-4e40-a810-880aaee58b88,9,"25.12864687901315,51.33360563365103"
e25d599e-c5c8-4e40-a810-880aaee58b88,25.1287854,51.3335011,2023-10-02 02:01:30,e25d599e-c5c8-4e40-a810-880aaee58b88,9,"25.12864687901315,51.33360563365103"
e25d599e-c5c8-4e40-a810-880aaee58b88,25.12907,51.3342,2023-10-02 01:53:38,e25d599e-c5c8-4e40-a810-880aaee58b88,9,"25.12909906487963,51.33414614385803"
e25d599e-c5c8-4e40-a810-880aaee58b88,25.12911,51.3342,2023-10-02 03:11:06,e25d599e-c5c8-4e40-a810-880aaee58b88,9,"25.12909906487963,51.33414614385803"
e25d599e-c5c8-4e40-a810-880aaee58b88,25.12911,51.33414,2023-10-02 03:29:10,e25d599e-c5c8-4e40-a810-880aaee58b88,9,"25.12909906487963,51.33414614385803"
e25d599e-c5c8-4e40-a810-880aaee58b88,25.70545,47.69927,2023-10-05 05:25:32,e25d599e-c5c8-4e40-a810-880aaee58b88,9,"25.70563604463979,47.69921500182951"
e25d599e-c5c8-4e40-a810-880aaee58b88,26.16208,48.5543,2023-10-05 05:18:27,e25d599e-c5c8-4e40-a810-880aaee58b88,9,"26.161891583916653,48.554302149292575"
e59a971e-b9b4-4e80-a430-440ddee94c44,26.1621184,48.5543453,2023-10-05 05:18:31,e59a971e-b9b4-4e80-a430-440ddee94c44,9,"26.161891583916653,48.554302149292575"
e59a971e-b9b4-4e80-a430-440ddee94c44,26.1621654,48.5543053,2023-10-05 05:18:44,e59a971e-b9b4-4e80-a430-440ddee94c44,9,"26.161891583916653,48.554302149292575"
