,device_id,location_latitude,location_longitude,usage_timeframe,grid,main_id,service_provider_id,location_name,provinance,country,city,lat_long
0,79bbd379-5c9e-4d7c-ac7f-84119eec9a3f,33.9273076,35.61004,1696723503000,"33.92705337601968,35.610433967325605",95cca195-2b5e-4a9b-ab9f-48995eeb5d1f,9.0,95cca195-2b5e-4a9b-ab9f-48995eeb5d1f,Mont-Liban,LB,Djounie,"['33.98083', '35.61778']"
1,79bbd379-5c9e-4d7c-ac7f-84119eec9a3f,33.9273076,35.61004,1696723503000,"33.92705337601968,35.610433967325605",95cca195-2b5e-4a9b-ab9f-48995eeb5d1f,9.0,95cca195-2b5e-4a9b-ab9f-48995eeb5d1f,Mont-Liban,LB,Djounie,"['33.98083', '35.61778']"
2,79bbd379-5c9e-4d7c-ac7f-84119eec9a3f,33.9273076,35.61004,1696724034000,"33.92705337601968,35.610433967325605",95cca195-2b5e-4a9b-ab9f-48995eeb5d1f,9.0,95cca195-2b5e-4a9b-ab9f-48995eeb5d1f,Mont-Liban,LB,Djounie,"['33.98083', '35.61778']"
3,79bbd379-5c9e-4d7c-ac7f-84119eec9a3f,33.9273076,35.61004,1696724034000,"33.92705337601968,35.610433967325605",95cca195-2b5e-4a9b-ab9f-48995eeb5d1f,9.0,95cca195-2b5e-4a9b-ab9f-48995eeb5d1f,Mont-Liban,LB,Djounie,"['33.98083', '35.61778']"
4,79bbd379-5c9e-4d7c-ac7f-84119eec9a3f,33.9273076,35.61004,1696724414000,"33.92705337601968,35.610433967325605",95cca195-2b5e-4a9b-ab9f-48995eeb5d1f,9.0,95cca195-2b5e-4a9b-ab9f-48995eeb5d1f,Mont-Liban,LB,Djounie,"['33.98083', '35.61778']"
5,79bbd379-5c9e-4d7c-ac7f-84119eec9a3f,33.9273076,35.61004,1696724414000,"33.92705337601968,35.610433967325605",95cca195-2b5e-4a9b-ab9f-48995eeb5d1f,9.0,95cca195-2b5e-4a9b-ab9f-48995eeb5d1f,Mont-Liban,LB,Djounie,"['33.98083', '35.61778']"
6,79bbd379-5c9e-4d7c-ac7f-84119eec9a3f,33.9308069,35.6114727,1696724877000,"33.93067086295151,35.6115149877396",95cca195-2b5e-4a9b-ab9f-48995eeb5d1f,9.0,95cca195-2b5e-4a9b-ab9f-48995eeb5d1f,Mont-Liban,LB,Djounie,"['33.98083', '35.61778']"
7,79bbd379-5c9e-4d7c-ac7f-84119eec9a3f,33.9308069,35.6114727,1696724877000,"33.93067086295151,35.6115149877396",95cca195-2b5e-4a9b-ab9f-48995eeb5d1f,9.0,95cca195-2b5e-4a9b-ab9f-48995eeb5d1f,Mont-Liban,LB,Djounie,"['33.98083', '35.61778']"
8,79bbd379-5c9e-4d7c-ac7f-84119eec9a3f,33.9304568,35.6128525,1696725378000,"33.93067086295151,35.61259600815358",95cca195-2b5e-4a9b-ab9f-48995eeb5d1f,9.0,95cca195-2b5e-4a9b-ab9f-48995eeb5d1f,Mont-Liban,LB,Djounie,"['33.98083', '35.61778']"
9,79bbd379-5c9e-4d7c-ac7f-84119eec9a3f,33.9304568,35.6128525,1696725378000,"33.93067086295151,35.61259600815358",95cca195-2b5e-4a9b-ab9f-48995eeb5d1f,9.0,95cca195-2b5e-4a9b-ab9f-48995eeb5d1f,Mont-Liban,LB,Djounie,"['33.98083', '35.61778']"
10,79bbd379-5c9e-4d7c-ac7f-84119eec9a3f,33.9304568,35.6128525,1696725935000,"33.93067086295151,35.61259600815358",95cca195-2b5e-4a9b-ab9f-48995eeb5d1f,9.0,95cca195-2b5e-4a9b-ab9f-48995eeb5d1f,Mont-Liban,LB,Djounie,"['33.98083', '35.61778']"
11,79bbd379-5c9e-4d7c-ac7f-84119eec9a3f,33.9304568,35.6128525,1696725935000,"33.93067086295151,35.61259600815358",95cca195-2b5e-4a9b-ab9f-48995eeb5d1f,9.0,95cca195-2b5e-4a9b-ab9f-48995eeb5d1f,Mont-Liban,LB,Djounie,"['33.98083', '35.61778']"
12,79bbd379-5c9e-4d7c-ac7f-84119eec9a3f,33.9304901,35.6128706,1696726482000,"33.93067086295151,35.61259600815358",95cca195-2b5e-4a9b-ab9f-48995eeb5d1f,9.0,95cca195-2b5e-4a9b-ab9f-48995eeb5d1f,Mont-Liban,LB,Djounie,"['33.98083', '35.61778']"
13,79bbd379-5c9e-4d7c-ac7f-84119eec9a3f,33.9304901,35.6128706,1696726482000,"33.93067086295151,35.61259600815358",95cca195-2b5e-4a9b-ab9f-48995eeb5d1f,9.0,95cca195-2b5e-4a9b-ab9f-48995eeb5d1f,Mont-Liban,LB,Djounie,"['33.98083', '35.61778']"
14,79bbd379-5c9e-4d7c-ac7f-84119eec9a3f,33.9304901,35.6128706,1696727232000,"33.93067086295151,35.61259600815358",95cca195-2b5e-4a9b-ab9f-48995eeb5d1f,9.0,95cca195-2b5e-4a9b-ab9f-48995eeb5d1f,Mont-Liban,LB,Djounie,"['33.98083', '35.61778']"
15,79bbd379-5c9e-4d7c-ac7f-84119eec9a3f,33.9304901,35.6128706,1696727232000,"33.93067086295151,35.61259600815358",95cca195-2b5e-4a9b-ab9f-48995eeb5d1f,9.0,95cca195-2b5e-4a9b-ab9f-48995eeb5d1f,Mont-Liban,LB,Djounie,"['33.98083', '35.61778']"
16,79bbd379-5c9e-4d7c-ac7f-84119eec9a3f,33.9304901,35.6128706,1696727642000,"33.93067086295151,35.61259600815358",95cca195-2b5e-4a9b-ab9f-48995eeb5d1f,9.0,95cca195-2b5e-4a9b-ab9f-48995eeb5d1f,Mont-Liban,LB,Djounie,"['33.98083', '35.61778']"
17,79bbd379-5c9e-4d7c-ac7f-84119eec9a3f,33.9304901,35.6128706,1696727642000,"33.93067086295151,35.61259600815358",95cca195-2b5e-4a9b-ab9f-48995eeb5d1f,9.0,95cca195-2b5e-4a9b-ab9f-48995eeb5d1f,Mont-Liban,LB,Djounie,"['33.98083', '35.61778']"
18,79bbd379-5c9e-4d7c-ac7f-84119eec9a3f,33.9273076,35.61004,1696728052000,"33.92705337601968,35.610433967325605",95cca195-2b5e-4a9b-ab9f-48995eeb5d1f,9.0,95cca195-2b5e-4a9b-ab9f-48995eeb5d1f,Mont-Liban,LB,Djounie,"['33.98083', '35.61778']"
19,79bbd379-5c9e-4d7c-ac7f-84119eec9a3f,33.9273076,35.61004,1696728052000,"33.92705337601968,35.610433967325605",95cca195-2b5e-4a9b-ab9f-48995eeb5d1f,9.0,95cca195-2b5e-4a9b-ab9f-48995eeb5d1f,Mont-Liban,LB,Djounie,"['33.98083', '35.61778']"
20,79bbd379-5c9e-4d7c-ac7f-84119eec9a3f,33.9273076,35.61004,1696728479000,"33.92705337601968,35.610433967325605",95cca195-2b5e-4a9b-ab9f-48995eeb5d1f,9.0,95cca195-2b5e-4a9b-ab9f-48995eeb5d1f,Mont-Liban,LB,Djounie,"['33.98083', '35.61778']"
21,79bbd379-5c9e-4d7c-ac7f-84119eec9a3f,33.9273076,35.61004,1696728479000,"33.92705337601968,35.610433967325605",95cca195-2b5e-4a9b-ab9f-48995eeb5d1f,9.0,95cca195-2b5e-4a9b-ab9f-48995eeb5d1f,Mont-Liban,LB,Djounie,"['33.98083', '35.61778']"
22,79bbd379-5c9e-4d7c-ac7f-84119eec9a3f,33.9273076,35.61004,1696728482000,"33.92705337601968,35.610433967325605",95cca195-2b5e-4a9b-ab9f-48995eeb5d1f,9.0,95cca195-2b5e-4a9b-ab9f-48995eeb5d1f,Mont-Liban,LB,Djounie,"['33.98083', '35.61778']"
23,79bbd379-5c9e-4d7c-ac7f-84119eec9a3f,33.9273076,35.61004,1696728482000,"33.92705337601968,35.610433967325605",95cca195-2b5e-4a9b-ab9f-48995eeb5d1f,9.0,95cca195-2b5e-4a9b-ab9f-48995eeb5d1f,Mont-Liban,LB,Djounie,"['33.98083', '35.61778']"
24,79bbd379-5c9e-4d7c-ac7f-84119eec9a3f,33.9273076,35.61004,1696728977000,"33.92705337601968,35.610433967325605",95cca195-2b5e-4a9b-ab9f-48995eeb5d1f,9.0,95cca195-2b5e-4a9b-ab9f-48995eeb5d1f,Mont-Liban,LB,Djounie,"['33.98083', '35.61778']"
25,79bbd379-5c9e-4d7c-ac7f-84119eec9a3f,33.9273076,35.61004,1696728977000,"33.92705337601968,35.610433967325605",95cca195-2b5e-4a9b-ab9f-48995eeb5d1f,9.0,95cca195-2b5e-4a9b-ab9f-48995eeb5d1f,Mont-Liban,LB,Djounie,"['33.98083', '35.61778']"
26,79bbd379-5c9e-4d7c-ac7f-84119eec9a3f,33.9273076,35.61004,1696729482000,"33.92705337601968,35.610433967325605",95cca195-2b5e-4a9b-ab9f-48995eeb5d1f,9.0,95cca195-2b5e-4a9b-ab9f-48995eeb5d1f,Mont-Liban,LB,Djounie,"['33.98083', '35.61778']"
27,79bbd379-5c9e-4d7c-ac7f-84119eec9a3f,33.9273076,35.61004,1696729482000,"33.92705337601968,35.610433967325605",95cca195-2b5e-4a9b-ab9f-48995eeb5d1f,9.0,95cca195-2b5e-4a9b-ab9f-48995eeb5d1f,Mont-Liban,LB,Djounie,"['33.98083', '35.61778']"
28,79bbd379-5c9e-4d7c-ac7f-84119eec9a3f,33.9308069,35.6114727,1696730290000,"33.93067086295151,35.6115149877396",95cca195-2b5e-4a9b-ab9f-48995eeb5d1f,9.0,95cca195-2b5e-4a9b-ab9f-48995eeb5d1f,Mont-Liban,LB,Djounie,"['33.98083', '35.61778']"
29,79bbd379-5c9e-4d7c-ac7f-84119eec9a3f,33.9308069,35.6114727,1696730290000,"33.93067086295151,35.6115149877396",95cca195-2b5e-4a9b-ab9f-48995eeb5d1f,9.0,95cca195-2b5e-4a9b-ab9f-48995eeb5d1f,Mont-Liban,LB,Djounie,"['33.98083', '35.61778']"
30,79bbd379-5c9e-4d7c-ac7f-84119eec9a3f,33.9308069,35.6114727,1696730987000,"33.93067086295151,35.6115149877396",95cca195-2b5e-4a9b-ab9f-48995eeb5d1f,9.0,95cca195-2b5e-4a9b-ab9f-48995eeb5d1f,Mont-Liban,LB,Djounie,"['33.98083', '35.61778']"
31,79bbd379-5c9e-4d7c-ac7f-84119eec9a3f,33.9308069,35.6114727,1696730987000,"33.93067086295151,35.6115149877396",95cca195-2b5e-4a9b-ab9f-48995eeb5d1f,9.0,95cca195-2b5e-4a9b-ab9f-48995eeb5d1f,Mont-Liban,LB,Djounie,"['33.98083', '35.61778']"
32,79bbd379-5c9e-4d7c-ac7f-84119eec9a3f,33.9308069,35.6114727,1696731460000,"33.93067086295151,35.6115149877396",95cca195-2b5e-4a9b-ab9f-48995eeb5d1f,9.0,95cca195-2b5e-4a9b-ab9f-48995eeb5d1f,Mont-Liban,LB,Djounie,"['33.98083', '35.61778']"
33,79bbd379-5c9e-4d7c-ac7f-84119eec9a3f,33.9308069,35.6114727,1696731460000,"33.93067086295151,35.6115149877396",95cca195-2b5e-4a9b-ab9f-48995eeb5d1f,9.0,95cca195-2b5e-4a9b-ab9f-48995eeb5d1f,Mont-Liban,LB,Djounie,"['33.98083', '35.61778']"
34,79bbd379-5c9e-4d7c-ac7f-84119eec9a3f,33.9308069,35.6114727,1696731891000,"33.93067086295151,35.6115149877396",95cca195-2b5e-4a9b-ab9f-48995eeb5d1f,9.0,95cca195-2b5e-4a9b-ab9f-48995eeb5d1f,Mont-Liban,LB,Djounie,"['33.98083', '35.61778']"
35,79bbd379-5c9e-4d7c-ac7f-84119eec9a3f,33.9308069,35.6114727,1696731891000,"33.93067086295151,35.6115149877396",95cca195-2b5e-4a9b-ab9f-48995eeb5d1f,9.0,95cca195-2b5e-4a9b-ab9f-48995eeb5d1f,Mont-Liban,LB,Djounie,"['33.98083', '35.61778']"
36,79bbd379-5c9e-4d7c-ac7f-84119eec9a3f,33.9304967,35.6128789,1696732345000,"33.93067086295151,35.61259600815358",95cca195-2b5e-4a9b-ab9f-48995eeb5d1f,9.0,95cca195-2b5e-4a9b-ab9f-48995eeb5d1f,Mont-Liban,LB,Djounie,"['33.98083', '35.61778']"
37,79bbd379-5c9e-4d7c-ac7f-84119eec9a3f,33.9304967,35.6128789,1696732345000,"33.93067086295151,35.61259600815358",95cca195-2b5e-4a9b-ab9f-48995eeb5d1f,9.0,95cca195-2b5e-4a9b-ab9f-48995eeb5d1f,Mont-Liban,LB,Djounie,"['33.98083', '35.61778']"
38,79bbd379-5c9e-4d7c-ac7f-84119eec9a3f,33.9304967,35.6128789,1696735500000,"33.93067086295151,35.61259600815358",95cca195-2b5e-4a9b-ab9f-48995eeb5d1f,9.0,95cca195-2b5e-4a9b-ab9f-48995eeb5d1f,Mont-Liban,LB,Djounie,"['33.98083', '35.61778']"
39,79bbd379-5c9e-4d7c-ac7f-84119eec9a3f,33.9304967,35.6128789,1696735500000,"33.93067086295151,35.61259600815358",95cca195-2b5e-4a9b-ab9f-48995eeb5d1f,9.0,95cca195-2b5e-4a9b-ab9f-48995eeb5d1f,Mont-Liban,LB,Djounie,"['33.98083', '35.61778']"
40,79bbd379-5c9e-4d7c-ac7f-84119eec9a3f,33.9304274,35.6128776,1696735508000,"33.93067086295151,35.61259600815358",95cca195-2b5e-4a9b-ab9f-48995eeb5d1f,9.0,95cca195-2b5e-4a9b-ab9f-48995eeb5d1f,Mont-Liban,LB,Djounie,"['33.98083', '35.61778']"
41,79bbd379-5c9e-4d7c-ac7f-84119eec9a3f,33.9304274,35.6128776,1696735508000,"33.93067086295151,35.61259600815358",95cca195-2b5e-4a9b-ab9f-48995eeb5d1f,9.0,95cca195-2b5e-4a9b-ab9f-48995eeb5d1f,Mont-Liban,LB,Djounie,"['33.98083', '35.61778']"
42,79bbd379-5c9e-4d7c-ac7f-84119eec9a3f,33.9304274,35.6128776,1696736092000,"33.93067086295151,35.61259600815358",95cca195-2b5e-4a9b-ab9f-48995eeb5d1f,9.0,95cca195-2b5e-4a9b-ab9f-48995eeb5d1f,Mont-Liban,LB,Djounie,"['33.98083', '35.61778']"
43,79bbd379-5c9e-4d7c-ac7f-84119eec9a3f,33.9304274,35.6128776,1696736092000,"33.93067086295151,35.61259600815358",95cca195-2b5e-4a9b-ab9f-48995eeb5d1f,9.0,95cca195-2b5e-4a9b-ab9f-48995eeb5d1f,Mont-Liban,LB,Djounie,"['33.98083', '35.61778']"
44,79bbd379-5c9e-4d7c-ac7f-84119eec9a3f,33.9304274,35.6128776,1696736552000,"33.93067086295151,35.61259600815358",95cca195-2b5e-4a9b-ab9f-48995eeb5d1f,9.0,95cca195-2b5e-4a9b-ab9f-48995eeb5d1f,Mont-Liban,LB,Djounie,"['33.98083', '35.61778']"
45,79bbd379-5c9e-4d7c-ac7f-84119eec9a3f,33.9304274,35.6128776,1696736552000,"33.93067086295151,35.61259600815358",95cca195-2b5e-4a9b-ab9f-48995eeb5d1f,9.0,95cca195-2b5e-4a9b-ab9f-48995eeb5d1f,Mont-Liban,LB,Djounie,"['33.98083', '35.61778']"
46,79bbd379-5c9e-4d7c-ac7f-84119eec9a3f,33.9304274,35.6128776,1696737167000,"33.93067086295151,35.61259600815358",95cca195-2b5e-4a9b-ab9f-48995eeb5d1f,9.0,95cca195-2b5e-4a9b-ab9f-48995eeb5d1f,Mont-Liban,LB,Djounie,"['33.98083', '35.61778']"
47,79bbd379-5c9e-4d7c-ac7f-84119eec9a3f,33.9304274,35.6128776,1696737167000,"33.93067086295151,35.61259600815358",95cca195-2b5e-4a9b-ab9f-48995eeb5d1f,9.0,95cca195-2b5e-4a9b-ab9f-48995eeb5d1f,Mont-Liban,LB,Djounie,"['33.98083', '35.61778']"
48,79bbd379-5c9e-4d7c-ac7f-84119eec9a3f,33.9304957,35.6128708,1696737771000,"33.93067086295151,35.61259600815358",95cca195-2b5e-4a9b-ab9f-48995eeb5d1f,9.0,95cca195-2b5e-4a9b-ab9f-48995eeb5d1f,Mont-Liban,LB,Djounie,"['33.98083', '35.61778']"
49,79bbd379-5c9e-4d7c-ac7f-84119eec9a3f,33.9304957,35.6128708,1696737771000,"33.93067086295151,35.61259600815358",95cca195-2b5e-4a9b-ab9f-48995eeb5d1f,9.0,95cca195-2b5e-4a9b-ab9f-48995eeb5d1f,Mont-Liban,LB,Djounie,"['33.98083', '35.61778']"
50,79bbd379-5c9e-4d7c-ac7f-84119eec9a3f,33.9304957,35.6128708,1696738339000,"33.93067086295151,35.61259600815358",95cca195-2b5e-4a9b-ab9f-48995eeb5d1f,9.0,95cca195-2b5e-4a9b-ab9f-48995eeb5d1f,Mont-Liban,LB,Djounie,"['33.98083', '35.61778']"
51,79bbd379-5c9e-4d7c-ac7f-84119eec9a3f,33.9304957,35.6128708,1696738339000,"33.93067086295151,35.61259600815358",95cca195-2b5e-4a9b-ab9f-48995eeb5d1f,9.0,95cca195-2b5e-4a9b-ab9f-48995eeb5d1f,Mont-Liban,LB,Djounie,"['33.98083', '35.61778']"
52,79bbd379-5c9e-4d7c-ac7f-84119eec9a3f,33.9304957,35.6128708,1696738711000,"33.93067086295151,35.61259600815358",95cca195-2b5e-4a9b-ab9f-48995eeb5d1f,9.0,95cca195-2b5e-4a9b-ab9f-48995eeb5d1f,Mont-Liban,LB,Djounie,"['33.98083', '35.61778']"
53,79bbd379-5c9e-4d7c-ac7f-84119eec9a3f,33.9304957,35.6128708,1696738711000,"33.93067086295151,35.61259600815358",95cca195-2b5e-4a9b-ab9f-48995eeb5d1f,9.0,95cca195-2b5e-4a9b-ab9f-48995eeb5d1f,Mont-Liban,LB,Djounie,"['33.98083', '35.61778']"
54,79bbd379-5c9e-4d7c-ac7f-84119eec9a3f,33.9304957,35.6128708,1696739106000,"33.93067086295151,35.61259600815358",95cca195-2b5e-4a9b-ab9f-48995eeb5d1f,9.0,95cca195-2b5e-4a9b-ab9f-48995eeb5d1f,Mont-Liban,LB,Djounie,"['33.98083', '35.61778']"
55,79bbd379-5c9e-4d7c-ac7f-84119eec9a3f,33.9304957,35.6128708,1696739106000,"33.93067086295151,35.61259600815358",95cca195-2b5e-4a9b-ab9f-48995eeb5d1f,9.0,95cca195-2b5e-4a9b-ab9f-48995eeb5d1f,Mont-Liban,LB,Djounie,"['33.98083', '35.61778']"
56,79bbd379-5c9e-4d7c-ac7f-84119eec9a3f,33.9308069,35.6114727,1696739837000,"33.93067086295151,35.6115149877396",95cca195-2b5e-4a9b-ab9f-48995eeb5d1f,9.0,95cca195-2b5e-4a9b-ab9f-48995eeb5d1f,Mont-Liban,LB,Djounie,"['33.98083', '35.61778']"
57,79bbd379-5c9e-4d7c-ac7f-84119eec9a3f,33.9308069,35.6114727,1696739837000,"33.93067086295151,35.6115149877396",95cca195-2b5e-4a9b-ab9f-48995eeb5d1f,9.0,95cca195-2b5e-4a9b-ab9f-48995eeb5d1f,Mont-Liban,LB,Djounie,"['33.98083', '35.61778']"
58,79bbd379-5c9e-4d7c-ac7f-84119eec9a3f,33.9308069,35.6114727,1696740282000,"33.93067086295151,35.6115149877396",95cca195-2b5e-4a9b-ab9f-48995eeb5d1f,9.0,95cca195-2b5e-4a9b-ab9f-48995eeb5d1f,Mont-Liban,LB,Djounie,"['33.98083', '35.61778']"
59,79bbd379-5c9e-4d7c-ac7f-84119eec9a3f,33.9308069,35.6114727,1696740282000,"33.93067086295151,35.6115149877396",95cca195-2b5e-4a9b-ab9f-48995eeb5d1f,9.0,95cca195-2b5e-4a9b-ab9f-48995eeb5d1f,Mont-Liban,LB,Djounie,"['33.98083', '35.61778']"
60,79bbd379-5c9e-4d7c-ac7f-84119eec9a3f,33.9308069,35.6114727,1696741023000,"33.93067086295151,35.6115149877396",95cca195-2b5e-4a9b-ab9f-48995eeb5d1f,9.0,95cca195-2b5e-4a9b-ab9f-48995eeb5d1f,Mont-Liban,LB,Djounie,"['33.98083', '35.61778']"
61,79bbd379-5c9e-4d7c-ac7f-84119eec9a3f,33.9308069,35.6114727,1696741023000,"33.93067086295151,35.6115149877396",95cca195-2b5e-4a9b-ab9f-48995eeb5d1f,9.0,95cca195-2b5e-4a9b-ab9f-48995eeb5d1f,Mont-Liban,LB,Djounie,"['33.98083', '35.61778']"
62,79bbd379-5c9e-4d7c-ac7f-84119eec9a3f,33.9305058,35.6128811,1696741938000,"33.93067086295151,35.61259600815358",95cca195-2b5e-4a9b-ab9f-48995eeb5d1f,9.0,95cca195-2b5e-4a9b-ab9f-48995eeb5d1f,Mont-Liban,LB,Djounie,"['33.98083', '35.61778']"
63,79bbd379-5c9e-4d7c-ac7f-84119eec9a3f,33.9305058,35.6128811,1696741938000,"33.93067086295151,35.61259600815358",95cca195-2b5e-4a9b-ab9f-48995eeb5d1f,9.0,95cca195-2b5e-4a9b-ab9f-48995eeb5d1f,Mont-Liban,LB,Djounie,"['33.98083', '35.61778']"
64,79bbd379-5c9e-4d7c-ac7f-84119eec9a3f,33.9305058,35.6128811,1696742348000,"33.93067086295151,35.61259600815358",95cca195-2b5e-4a9b-ab9f-48995eeb5d1f,9.0,95cca195-2b5e-4a9b-ab9f-48995eeb5d1f,Mont-Liban,LB,Djounie,"['33.98083', '35.61778']"
65,79bbd379-5c9e-4d7c-ac7f-84119eec9a3f,33.9305058,35.6128811,1696742348000,"33.93067086295151,35.61259600815358",95cca195-2b5e-4a9b-ab9f-48995eeb5d1f,9.0,95cca195-2b5e-4a9b-ab9f-48995eeb5d1f,Mont-Liban,LB,Djounie,"['33.98083', '35.61778']"
66,79bbd379-5c9e-4d7c-ac7f-84119eec9a3f,33.9305058,35.6128811,1696742758000,"33.93067086295151,35.61259600815358",95cca195-2b5e-4a9b-ab9f-48995eeb5d1f,9.0,95cca195-2b5e-4a9b-ab9f-48995eeb5d1f,Mont-Liban,LB,Djounie,"['33.98083', '35.61778']"
67,79bbd379-5c9e-4d7c-ac7f-84119eec9a3f,33.9305058,35.6128811,1696742758000,"33.93067086295151,35.61259600815358",95cca195-2b5e-4a9b-ab9f-48995eeb5d1f,9.0,95cca195-2b5e-4a9b-ab9f-48995eeb5d1f,Mont-Liban,LB,Djounie,"['33.98083', '35.61778']"
68,79bbd379-5c9e-4d7c-ac7f-84119eec9a3f,33.93056,35.6128649,1696743387000,"33.93067086295151,35.61259600815358",95cca195-2b5e-4a9b-ab9f-48995eeb5d1f,9.0,95cca195-2b5e-4a9b-ab9f-48995eeb5d1f,Mont-Liban,LB,Djounie,"['33.98083', '35.61778']"
69,79bbd379-5c9e-4d7c-ac7f-84119eec9a3f,33.93056,35.6128649,1696743387000,"33.93067086295151,35.61259600815358",95cca195-2b5e-4a9b-ab9f-48995eeb5d1f,9.0,95cca195-2b5e-4a9b-ab9f-48995eeb5d1f,Mont-Liban,LB,Djounie,"['33.98083', '35.61778']"
70,79bbd379-5c9e-4d7c-ac7f-84119eec9a3f,33.93056,35.6128649,1696743837000,"33.93067086295151,35.61259600815358",95cca195-2b5e-4a9b-ab9f-48995eeb5d1f,9.0,95cca195-2b5e-4a9b-ab9f-48995eeb5d1f,Mont-Liban,LB,Djounie,"['33.98083', '35.61778']"
71,79bbd379-5c9e-4d7c-ac7f-84119eec9a3f,33.93056,35.6128649,1696743837000,"33.93067086295151,35.61259600815358",95cca195-2b5e-4a9b-ab9f-48995eeb5d1f,9.0,95cca195-2b5e-4a9b-ab9f-48995eeb5d1f,Mont-Liban,LB,Djounie,"['33.98083', '35.61778']"
72,79bbd379-5c9e-4d7c-ac7f-84119eec9a3f,33.93056,35.6128649,1696744247000,"33.93067086295151,35.61259600815358",95cca195-2b5e-4a9b-ab9f-48995eeb5d1f,9.0,95cca195-2b5e-4a9b-ab9f-48995eeb5d1f,Mont-Liban,LB,Djounie,"['33.98083', '35.61778']"
73,79bbd379-5c9e-4d7c-ac7f-84119eec9a3f,33.93056,35.6128649,1696744247000,"33.93067086295151,35.61259600815358",95cca195-2b5e-4a9b-ab9f-48995eeb5d1f,9.0,95cca195-2b5e-4a9b-ab9f-48995eeb5d1f,Mont-Liban,LB,Djounie,"['33.98083', '35.61778']"
74,79bbd379-5c9e-4d7c-ac7f-84119eec9a3f,33.93056,35.6128649,1696744657000,"33.93067086295151,35.61259600815358",95cca195-2b5e-4a9b-ab9f-48995eeb5d1f,9.0,95cca195-2b5e-4a9b-ab9f-48995eeb5d1f,Mont-Liban,LB,Djounie,"['33.98083', '35.61778']"
75,79bbd379-5c9e-4d7c-ac7f-84119eec9a3f,33.93056,35.6128649,1696744657000,"33.93067086295151,35.61259600815358",95cca195-2b5e-4a9b-ab9f-48995eeb5d1f,9.0,95cca195-2b5e-4a9b-ab9f-48995eeb5d1f,Mont-Liban,LB,Djounie,"['33.98083', '35.61778']"
76,79bbd379-5c9e-4d7c-ac7f-84119eec9a3f,33.93056,35.6128649,1696745067000,"33.93067086295151,35.61259600815358",95cca195-2b5e-4a9b-ab9f-48995eeb5d1f,9.0,95cca195-2b5e-4a9b-ab9f-48995eeb5d1f,Mont-Liban,LB,Djounie,"['33.98083', '35.61778']"
77,79bbd379-5c9e-4d7c-ac7f-84119eec9a3f,33.93056,35.6128649,1696745067000,"33.93067086295151,35.61259600815358",95cca195-2b5e-4a9b-ab9f-48995eeb5d1f,9.0,95cca195-2b5e-4a9b-ab9f-48995eeb5d1f,Mont-Liban,LB,Djounie,"['33.98083', '35.61778']"
78,79bbd379-5c9e-4d7c-ac7f-84119eec9a3f,33.930555,35.612876,1696745539000,"33.93067086295151,35.61259600815358",95cca195-2b5e-4a9b-ab9f-48995eeb5d1f,9.0,95cca195-2b5e-4a9b-ab9f-48995eeb5d1f,Mont-Liban,LB,Djounie,"['33.98083', '35.61778']"
79,79bbd379-5c9e-4d7c-ac7f-84119eec9a3f,33.930555,35.612876,1696745539000,"33.93067086295151,35.61259600815358",95cca195-2b5e-4a9b-ab9f-48995eeb5d1f,9.0,95cca195-2b5e-4a9b-ab9f-48995eeb5d1f,Mont-Liban,LB,Djounie,"['33.98083', '35.61778']"
80,79bbd379-5c9e-4d7c-ac7f-84119eec9a3f,33.9305746,35.6128864,1696746033000,"33.93067086295151,35.61259600815358",95cca195-2b5e-4a9b-ab9f-48995eeb5d1f,9.0,95cca195-2b5e-4a9b-ab9f-48995eeb5d1f,Mont-Liban,LB,Djounie,"['33.98083', '35.61778']"
81,79bbd379-5c9e-4d7c-ac7f-84119eec9a3f,33.9305746,35.6128864,1696746033000,"33.93067086295151,35.61259600815358",95cca195-2b5e-4a9b-ab9f-48995eeb5d1f,9.0,95cca195-2b5e-4a9b-ab9f-48995eeb5d1f,Mont-Liban,LB,Djounie,"['33.98083', '35.61778']"
82,79bbd379-5c9e-4d7c-ac7f-84119eec9a3f,33.9305882,35.6128871,1696746631000,"33.93067086295151,35.61259600815358",95cca195-2b5e-4a9b-ab9f-48995eeb5d1f,9.0,95cca195-2b5e-4a9b-ab9f-48995eeb5d1f,Mont-Liban,LB,Djounie,"['33.98083', '35.61778']"
83,79bbd379-5c9e-4d7c-ac7f-84119eec9a3f,33.9305882,35.6128871,1696746631000,"33.93067086295151,35.61259600815358",95cca195-2b5e-4a9b-ab9f-48995eeb5d1f,9.0,95cca195-2b5e-4a9b-ab9f-48995eeb5d1f,Mont-Liban,LB,Djounie,"['33.98083', '35.61778']"
84,79bbd379-5c9e-4d7c-ac7f-84119eec9a3f,33.9304604,35.6128512,1696747112000,"33.93067086295151,35.61259600815358",95cca195-2b5e-4a9b-ab9f-48995eeb5d1f,9.0,95cca195-2b5e-4a9b-ab9f-48995eeb5d1f,Mont-Liban,LB,Djounie,"['33.98083', '35.61778']"
85,79bbd379-5c9e-4d7c-ac7f-84119eec9a3f,33.9304604,35.6128512,1696747112000,"33.93067086295151,35.61259600815358",95cca195-2b5e-4a9b-ab9f-48995eeb5d1f,9.0,95cca195-2b5e-4a9b-ab9f-48995eeb5d1f,Mont-Liban,LB,Djounie,"['33.98083', '35.61778']"
86,79bbd379-5c9e-4d7c-ac7f-84119eec9a3f,33.9308069,35.6114727,1696747696000,"33.93067086295151,35.6115149877396",95cca195-2b5e-4a9b-ab9f-48995eeb5d1f,9.0,95cca195-2b5e-4a9b-ab9f-48995eeb5d1f,Mont-Liban,LB,Djounie,"['33.98083', '35.61778']"
87,79bbd379-5c9e-4d7c-ac7f-84119eec9a3f,33.9308069,35.6114727,1696747696000,"33.93067086295151,35.6115149877396",95cca195-2b5e-4a9b-ab9f-48995eeb5d1f,9.0,95cca195-2b5e-4a9b-ab9f-48995eeb5d1f,Mont-Liban,LB,Djounie,"['33.98083', '35.61778']"
88,79bbd379-5c9e-4d7c-ac7f-84119eec9a3f,33.9308069,35.6114727,1696748126000,"33.93067086295151,35.6115149877396",95cca195-2b5e-4a9b-ab9f-48995eeb5d1f,9.0,95cca195-2b5e-4a9b-ab9f-48995eeb5d1f,Mont-Liban,LB,Djounie,"['33.98083', '35.61778']"
89,79bbd379-5c9e-4d7c-ac7f-84119eec9a3f,33.9308069,35.6114727,1696748126000,"33.93067086295151,35.6115149877396",95cca195-2b5e-4a9b-ab9f-48995eeb5d1f,9.0,95cca195-2b5e-4a9b-ab9f-48995eeb5d1f,Mont-Liban,LB,Djounie,"['33.98083', '35.61778']"
90,79bbd379-5c9e-4d7c-ac7f-84119eec9a3f,33.9304511,35.6128526,1696748682000,"33.93067086295151,35.61259600815358",95cca195-2b5e-4a9b-ab9f-48995eeb5d1f,9.0,95cca195-2b5e-4a9b-ab9f-48995eeb5d1f,Mont-Liban,LB,Djounie,"['33.98083', '35.61778']"
91,79bbd379-5c9e-4d7c-ac7f-84119eec9a3f,33.9304511,35.6128526,1696748682000,"33.93067086295151,35.61259600815358",95cca195-2b5e-4a9b-ab9f-48995eeb5d1f,9.0,95cca195-2b5e-4a9b-ab9f-48995eeb5d1f,Mont-Liban,LB,Djounie,"['33.98083', '35.61778']"
92,79bbd379-5c9e-4d7c-ac7f-84119eec9a3f,33.9304511,35.6128526,1696749110000,"33.93067086295151,35.61259600815358",95cca195-2b5e-4a9b-ab9f-48995eeb5d1f,9.0,95cca195-2b5e-4a9b-ab9f-48995eeb5d1f,Mont-Liban,LB,Djounie,"['33.98083', '35.61778']"
93,79bbd379-5c9e-4d7c-ac7f-84119eec9a3f,33.9304511,35.6128526,1696749110000,"33.93067086295151,35.61259600815358",95cca195-2b5e-4a9b-ab9f-48995eeb5d1f,9.0,95cca195-2b5e-4a9b-ab9f-48995eeb5d1f,Mont-Liban,LB,Djounie,"['33.98083', '35.61778']"
94,79bbd379-5c9e-4d7c-ac7f-84119eec9a3f,33.9304694,35.6128509,1696749907000,"33.93067086295151,35.61259600815358",95cca195-2b5e-4a9b-ab9f-48995eeb5d1f,9.0,95cca195-2b5e-4a9b-ab9f-48995eeb5d1f,Mont-Liban,LB,Djounie,"['33.98083', '35.61778']"
95,79bbd379-5c9e-4d7c-ac7f-84119eec9a3f,33.9304694,35.6128509,1696749907000,"33.93067086295151,35.61259600815358",95cca195-2b5e-4a9b-ab9f-48995eeb5d1f,9.0,95cca195-2b5e-4a9b-ab9f-48995eeb5d1f,Mont-Liban,LB,Djounie,"['33.98083', '35.61778']"
96,79bbd379-5c9e-4d7c-ac7f-84119eec9a3f,33.9304694,35.6128509,1696750708000,"33.93067086295151,35.61259600815358",95cca195-2b5e-4a9b-ab9f-48995eeb5d1f,9.0,95cca195-2b5e-4a9b-ab9f-48995eeb5d1f,Mont-Liban,LB,Djounie,"['33.98083', '35.61778']"
97,79bbd379-5c9e-4d7c-ac7f-84119eec9a3f,33.9304694,35.6128509,1696750708000,"33.93067086295151,35.61259600815358",95cca195-2b5e-4a9b-ab9f-48995eeb5d1f,9.0,95cca195-2b5e-4a9b-ab9f-48995eeb5d1f,Mont-Liban,LB,Djounie,"['33.98083', '35.61778']"
98,79bbd379-5c9e-4d7c-ac7f-84119eec9a3f,33.9304694,35.6128509,1696751232000,"33.93067086295151,35.61259600815358",95cca195-2b5e-4a9b-ab9f-48995eeb5d1f,9.0,95cca195-2b5e-4a9b-ab9f-48995eeb5d1f,Mont-Liban,LB,Djounie,"['33.98083', '35.61778']"
99,79bbd379-5c9e-4d7c-ac7f-84119eec9a3f,33.9304694,35.6128509,1696751232000,"33.93067086295151,35.61259600815358",95cca195-2b5e-4a9b-ab9f-48995eeb5d1f,9.0,95cca195-2b5e-4a9b-ab9f-48995eeb5d1f,Mont-Liban,LB,Djounie,"['33.98083', '35.61778']"
100,79bbd379-5c9e-4d7c-ac7f-84119eec9a3f,33.9304694,35.6128509,1696751618000,"33.93067086295151,35.61259600815358",95cca195-2b5e-4a9b-ab9f-48995eeb5d1f,9.0,95cca195-2b5e-4a9b-ab9f-48995eeb5d1f,Mont-Liban,LB,Djounie,"['33.98083', '35.61778']"
101,79bbd379-5c9e-4d7c-ac7f-84119eec9a3f,33.9304694,35.6128509,1696751618000,"33.93067086295151,35.61259600815358",95cca195-2b5e-4a9b-ab9f-48995eeb5d1f,9.0,95cca195-2b5e-4a9b-ab9f-48995eeb5d1f,Mont-Liban,LB,Djounie,"['33.98083', '35.61778']"
102,79bbd379-5c9e-4d7c-ac7f-84119eec9a3f,33.9304146,35.6128814,1696752075000,"33.93067086295151,35.61259600815358",95cca195-2b5e-4a9b-ab9f-48995eeb5d1f,9.0,95cca195-2b5e-4a9b-ab9f-48995eeb5d1f,Mont-Liban,LB,Djounie,"['33.98083', '35.61778']"
103,79bbd379-5c9e-4d7c-ac7f-84119eec9a3f,33.9304146,35.6128814,1696752075000,"33.93067086295151,35.61259600815358",95cca195-2b5e-4a9b-ab9f-48995eeb5d1f,9.0,95cca195-2b5e-4a9b-ab9f-48995eeb5d1f,Mont-Liban,LB,Djounie,"['33.98083', '35.61778']"
104,79bbd379-5c9e-4d7c-ac7f-84119eec9a3f,33.9304146,35.6128814,1696752139000,"33.93067086295151,35.61259600815358",95cca195-2b5e-4a9b-ab9f-48995eeb5d1f,9.0,95cca195-2b5e-4a9b-ab9f-48995eeb5d1f,Mont-Liban,LB,Djounie,"['33.98083', '35.61778']"
105,79bbd379-5c9e-4d7c-ac7f-84119eec9a3f,33.9304146,35.6128814,1696752139000,"33.93067086295151,35.61259600815358",95cca195-2b5e-4a9b-ab9f-48995eeb5d1f,9.0,95cca195-2b5e-4a9b-ab9f-48995eeb5d1f,Mont-Liban,LB,Djounie,"['33.98083', '35.61778']"
106,79bbd379-5c9e-4d7c-ac7f-84119eec9a3f,33.9304146,35.6128814,1696752555000,"33.93067086295151,35.61259600815358",95cca195-2b5e-4a9b-ab9f-48995eeb5d1f,9.0,95cca195-2b5e-4a9b-ab9f-48995eeb5d1f,Mont-Liban,LB,Djounie,"['33.98083', '35.61778']"
107,79bbd379-5c9e-4d7c-ac7f-84119eec9a3f,33.9304146,35.6128814,1696752555000,"33.93067086295151,35.61259600815358",95cca195-2b5e-4a9b-ab9f-48995eeb5d1f,9.0,95cca195-2b5e-4a9b-ab9f-48995eeb5d1f,Mont-Liban,LB,Djounie,"['33.98083', '35.61778']"
108,79bbd379-5c9e-4d7c-ac7f-84119eec9a3f,33.9304146,35.6128814,1696753172000,"33.93067086295151,35.61259600815358",95cca195-2b5e-4a9b-ab9f-48995eeb5d1f,9.0,95cca195-2b5e-4a9b-ab9f-48995eeb5d1f,Mont-Liban,LB,Djounie,"['33.98083', '35.61778']"
109,79bbd379-5c9e-4d7c-ac7f-84119eec9a3f,33.9304146,35.6128814,1696753172000,"33.93067086295151,35.61259600815358",95cca195-2b5e-4a9b-ab9f-48995eeb5d1f,9.0,95cca195-2b5e-4a9b-ab9f-48995eeb5d1f,Mont-Liban,LB,Djounie,"['33.98083', '35.61778']"
110,79bbd379-5c9e-4d7c-ac7f-84119eec9a3f,33.9304146,35.6128814,1696753832000,"33.93067086295151,35.61259600815358",95cca195-2b5e-4a9b-ab9f-48995eeb5d1f,9.0,95cca195-2b5e-4a9b-ab9f-48995eeb5d1f,Mont-Liban,LB,Djounie,"['33.98083', '35.61778']"
111,79bbd379-5c9e-4d7c-ac7f-84119eec9a3f,33.9304146,35.6128814,1696753832000,"33.93067086295151,35.61259600815358",95cca195-2b5e-4a9b-ab9f-48995eeb5d1f,9.0,95cca195-2b5e-4a9b-ab9f-48995eeb5d1f,Mont-Liban,LB,Djounie,"['33.98083', '35.61778']"
112,79bbd379-5c9e-4d7c-ac7f-84119eec9a3f,33.9308069,35.6114727,1696754320000,"33.93067086295151,35.6115149877396",95cca195-2b5e-4a9b-ab9f-48995eeb5d1f,9.0,95cca195-2b5e-4a9b-ab9f-48995eeb5d1f,Mont-Liban,LB,Djounie,"['33.98083', '35.61778']"
113,79bbd379-5c9e-4d7c-ac7f-84119eec9a3f,33.9308069,35.6114727,1696754320000,"33.93067086295151,35.6115149877396",95cca195-2b5e-4a9b-ab9f-48995eeb5d1f,9.0,95cca195-2b5e-4a9b-ab9f-48995eeb5d1f,Mont-Liban,LB,Djounie,"['33.98083', '35.61778']"
114,79bbd379-5c9e-4d7c-ac7f-84119eec9a3f,33.9308069,35.6114727,1696754786000,"33.93067086295151,35.6115149877396",95cca195-2b5e-4a9b-ab9f-48995eeb5d1f,9.0,95cca195-2b5e-4a9b-ab9f-48995eeb5d1f,Mont-Liban,LB,Djounie,"['33.98083', '35.61778']"
115,79bbd379-5c9e-4d7c-ac7f-84119eec9a3f,33.9308069,35.6114727,1696754786000,"33.93067086295151,35.6115149877396",95cca195-2b5e-4a9b-ab9f-48995eeb5d1f,9.0,95cca195-2b5e-4a9b-ab9f-48995eeb5d1f,Mont-Liban,LB,Djounie,"['33.98083', '35.61778']"
116,79bbd379-5c9e-4d7c-ac7f-84119eec9a3f,33.9308069,35.6114727,1696755219000,"33.93067086295151,35.6115149877396",95cca195-2b5e-4a9b-ab9f-48995eeb5d1f,9.0,95cca195-2b5e-4a9b-ab9f-48995eeb5d1f,Mont-Liban,LB,Djounie,"['33.98083', '35.61778']"
117,79bbd379-5c9e-4d7c-ac7f-84119eec9a3f,33.9308069,35.6114727,1696755219000,"33.93067086295151,35.6115149877396",95cca195-2b5e-4a9b-ab9f-48995eeb5d1f,9.0,95cca195-2b5e-4a9b-ab9f-48995eeb5d1f,Mont-Liban,LB,Djounie,"['33.98083', '35.61778']"
118,79bbd379-5c9e-4d7c-ac7f-84119eec9a3f,33.9308069,35.6114727,1696755732000,"33.93067086295151,35.6115149877396",95cca195-2b5e-4a9b-ab9f-48995eeb5d1f,9.0,95cca195-2b5e-4a9b-ab9f-48995eeb5d1f,Mont-Liban,LB,Djounie,"['33.98083', '35.61778']"
119,79bbd379-5c9e-4d7c-ac7f-84119eec9a3f,33.9308069,35.6114727,1696755732000,"33.93067086295151,35.6115149877396",95cca195-2b5e-4a9b-ab9f-48995eeb5d1f,9.0,95cca195-2b5e-4a9b-ab9f-48995eeb5d1f,Mont-Liban,LB,Djounie,"['33.98083', '35.61778']"
120,79bbd379-5c9e-4d7c-ac7f-84119eec9a3f,33.930464,35.6128746,1696756165000,"33.93067086295151,35.61259600815358",95cca195-2b5e-4a9b-ab9f-48995eeb5d1f,9.0,95cca195-2b5e-4a9b-ab9f-48995eeb5d1f,Mont-Liban,LB,Djounie,"['33.98083', '35.61778']"
121,79bbd379-5c9e-4d7c-ac7f-84119eec9a3f,33.930464,35.6128746,1696756165000,"33.93067086295151,35.61259600815358",95cca195-2b5e-4a9b-ab9f-48995eeb5d1f,9.0,95cca195-2b5e-4a9b-ab9f-48995eeb5d1f,Mont-Liban,LB,Djounie,"['33.98083', '35.61778']"
122,79bbd379-5c9e-4d7c-ac7f-84119eec9a3f,33.9305568,35.6128818,1696756690000,"33.93067086295151,35.61259600815358",95cca195-2b5e-4a9b-ab9f-48995eeb5d1f,9.0,95cca195-2b5e-4a9b-ab9f-48995eeb5d1f,Mont-Liban,LB,Djounie,"['33.98083', '35.61778']"
123,79bbd379-5c9e-4d7c-ac7f-84119eec9a3f,33.9305568,35.6128818,1696756690000,"33.93067086295151,35.61259600815358",95cca195-2b5e-4a9b-ab9f-48995eeb5d1f,9.0,95cca195-2b5e-4a9b-ab9f-48995eeb5d1f,Mont-Liban,LB,Djounie,"['33.98083', '35.61778']"
124,79bbd379-5c9e-4d7c-ac7f-84119eec9a3f,33.9273076,35.61004,1696757525000,"33.92705337601968,35.610433967325605",95cca195-2b5e-4a9b-ab9f-48995eeb5d1f,9.0,95cca195-2b5e-4a9b-ab9f-48995eeb5d1f,Mont-Liban,LB,Djounie,"['33.98083', '35.61778']"
125,79bbd379-5c9e-4d7c-ac7f-84119eec9a3f,33.9273076,35.61004,1696757525000,"33.92705337601968,35.610433967325605",95cca195-2b5e-4a9b-ab9f-48995eeb5d1f,9.0,95cca195-2b5e-4a9b-ab9f-48995eeb5d1f,Mont-Liban,LB,Djounie,"['33.98083', '35.61778']"
126,79bbd379-5c9e-4d7c-ac7f-84119eec9a3f,33.9167668,35.6015565,1696757989000,"33.91710528695715,35.601785804013716",95cca195-2b5e-4a9b-ab9f-48995eeb5d1f,9.0,95cca195-2b5e-4a9b-ab9f-48995eeb5d1f,Mont-Liban,LB,Jdaidet el Matn,"['33.89056', '35.56639']"
127,79bbd379-5c9e-4d7c-ac7f-84119eec9a3f,33.9167668,35.6015565,1696757989000,"33.91710528695715,35.601785804013716",95cca195-2b5e-4a9b-ab9f-48995eeb5d1f,9.0,95cca195-2b5e-4a9b-ab9f-48995eeb5d1f,Mont-Liban,LB,Jdaidet el Matn,"['33.89056', '35.56639']"
128,79bbd379-5c9e-4d7c-ac7f-84119eec9a3f,33.915384,35.6017601,1696758144000,"33.91529654349124,35.601785804013716",95cca195-2b5e-4a9b-ab9f-48995eeb5d1f,9.0,95cca195-2b5e-4a9b-ab9f-48995eeb5d1f,Mont-Liban,LB,Jdaidet el Matn,"['33.89056', '35.56639']"
129,79bbd379-5c9e-4d7c-ac7f-84119eec9a3f,33.915384,35.6017601,1696758144000,"33.91529654349124,35.601785804013716",95cca195-2b5e-4a9b-ab9f-48995eeb5d1f,9.0,95cca195-2b5e-4a9b-ab9f-48995eeb5d1f,Mont-Liban,LB,Jdaidet el Matn,"['33.89056', '35.56639']"
130,79bbd379-5c9e-4d7c-ac7f-84119eec9a3f,33.9153025,35.6017876,1696758147000,"33.91529654349124,35.601785804013716",95cca195-2b5e-4a9b-ab9f-48995eeb5d1f,9.0,95cca195-2b5e-4a9b-ab9f-48995eeb5d1f,Mont-Liban,LB,Jdaidet el Matn,"['33.89056', '35.56639']"
131,79bbd379-5c9e-4d7c-ac7f-84119eec9a3f,33.9153025,35.6017876,1696758147000,"33.91529654349124,35.601785804013716",95cca195-2b5e-4a9b-ab9f-48995eeb5d1f,9.0,95cca195-2b5e-4a9b-ab9f-48995eeb5d1f,Mont-Liban,LB,Jdaidet el Matn,"['33.89056', '35.56639']"
132,79bbd379-5c9e-4d7c-ac7f-84119eec9a3f,33.9155428,35.6020221,1696758450000,"33.91529654349124,35.601785804013716",95cca195-2b5e-4a9b-ab9f-48995eeb5d1f,9.0,95cca195-2b5e-4a9b-ab9f-48995eeb5d1f,Mont-Liban,LB,Jdaidet el Matn,"['33.89056', '35.56639']"
133,79bbd379-5c9e-4d7c-ac7f-84119eec9a3f,33.9155428,35.6020221,1696758450000,"33.91529654349124,35.601785804013716",95cca195-2b5e-4a9b-ab9f-48995eeb5d1f,9.0,95cca195-2b5e-4a9b-ab9f-48995eeb5d1f,Mont-Liban,LB,Jdaidet el Matn,"['33.89056', '35.56639']"
134,79bbd379-5c9e-4d7c-ac7f-84119eec9a3f,33.9154166,35.6019889,1696758894000,"33.91529654349124,35.601785804013716",95cca195-2b5e-4a9b-ab9f-48995eeb5d1f,9.0,95cca195-2b5e-4a9b-ab9f-48995eeb5d1f,Mont-Liban,LB,Jdaidet el Matn,"['33.89056', '35.56639']"
135,79bbd379-5c9e-4d7c-ac7f-84119eec9a3f,33.9154166,35.6019889,1696758894000,"33.91529654349124,35.601785804013716",95cca195-2b5e-4a9b-ab9f-48995eeb5d1f,9.0,95cca195-2b5e-4a9b-ab9f-48995eeb5d1f,Mont-Liban,LB,Jdaidet el Matn,"['33.89056', '35.56639']"
136,79bbd379-5c9e-4d7c-ac7f-84119eec9a3f,33.9152929,35.6016909,1696759316000,"33.91529654349124,35.601785804013716",95cca195-2b5e-4a9b-ab9f-48995eeb5d1f,9.0,95cca195-2b5e-4a9b-ab9f-48995eeb5d1f,Mont-Liban,LB,Jdaidet el Matn,"['33.89056', '35.56639']"
137,79bbd379-5c9e-4d7c-ac7f-84119eec9a3f,33.9152929,35.6016909,1696759316000,"33.91529654349124,35.601785804013716",95cca195-2b5e-4a9b-ab9f-48995eeb5d1f,9.0,95cca195-2b5e-4a9b-ab9f-48995eeb5d1f,Mont-Liban,LB,Jdaidet el Matn,"['33.89056', '35.56639']"
138,79bbd379-5c9e-4d7c-ac7f-84119eec9a3f,33.9318516,35.6138894,1696759774000,"33.931575234684466,35.613677028567565",95cca195-2b5e-4a9b-ab9f-48995eeb5d1f,9.0,95cca195-2b5e-4a9b-ab9f-48995eeb5d1f,Mont-Liban,LB,Djounie,"['33.98083', '35.61778']"
139,79bbd379-5c9e-4d7c-ac7f-84119eec9a3f,33.9318516,35.6138894,1696759774000,"33.931575234684466,35.613677028567565",95cca195-2b5e-4a9b-ab9f-48995eeb5d1f,9.0,95cca195-2b5e-4a9b-ab9f-48995eeb5d1f,Mont-Liban,LB,Djounie,"['33.98083', '35.61778']"
140,79bbd379-5c9e-4d7c-ac7f-84119eec9a3f,33.9305668,35.612869,1696760245000,"33.93067086295151,35.61259600815358",95cca195-2b5e-4a9b-ab9f-48995eeb5d1f,9.0,95cca195-2b5e-4a9b-ab9f-48995eeb5d1f,Mont-Liban,LB,Djounie,"['33.98083', '35.61778']"
141,79bbd379-5c9e-4d7c-ac7f-84119eec9a3f,33.9305668,35.612869,1696760245000,"33.93067086295151,35.61259600815358",95cca195-2b5e-4a9b-ab9f-48995eeb5d1f,9.0,95cca195-2b5e-4a9b-ab9f-48995eeb5d1f,Mont-Liban,LB,Djounie,"['33.98083', '35.61778']"
142,79bbd379-5c9e-4d7c-ac7f-84119eec9a3f,33.9305596,35.6128764,1696760729000,"33.93067086295151,35.61259600815358",95cca195-2b5e-4a9b-ab9f-48995eeb5d1f,9.0,95cca195-2b5e-4a9b-ab9f-48995eeb5d1f,Mont-Liban,LB,Djounie,"['33.98083', '35.61778']"
143,79bbd379-5c9e-4d7c-ac7f-84119eec9a3f,33.9305596,35.6128764,1696760729000,"33.93067086295151,35.61259600815358",95cca195-2b5e-4a9b-ab9f-48995eeb5d1f,9.0,95cca195-2b5e-4a9b-ab9f-48995eeb5d1f,Mont-Liban,LB,Djounie,"['33.98083', '35.61778']"
144,79bbd379-5c9e-4d7c-ac7f-84119eec9a3f,33.9327212,35.5922916,1696761220000,"33.932479606417424,35.59205662028784",95cca195-2b5e-4a9b-ab9f-48995eeb5d1f,9.0,95cca195-2b5e-4a9b-ab9f-48995eeb5d1f,Mont-Liban,LB,Jdaidet el Matn,"['33.89056', '35.56639']"
145,79bbd379-5c9e-4d7c-ac7f-84119eec9a3f,33.9327212,35.5922916,1696761220000,"33.932479606417424,35.59205662028784",95cca195-2b5e-4a9b-ab9f-48995eeb5d1f,9.0,95cca195-2b5e-4a9b-ab9f-48995eeb5d1f,Mont-Liban,LB,Jdaidet el Matn,"['33.89056', '35.56639']"
146,79bbd379-5c9e-4d7c-ac7f-84119eec9a3f,33.9013621,35.5714276,1696761661000,"33.90173096749688,35.5715172324221",95cca195-2b5e-4a9b-ab9f-48995eeb5d1f,9.0,95cca195-2b5e-4a9b-ab9f-48995eeb5d1f,Mont-Liban,LB,Jdaidet el Matn,"['33.89056', '35.56639']"
147,79bbd379-5c9e-4d7c-ac7f-84119eec9a3f,33.9013621,35.5714276,1696761661000,"33.90173096749688,35.5715172324221",95cca195-2b5e-4a9b-ab9f-48995eeb5d1f,9.0,95cca195-2b5e-4a9b-ab9f-48995eeb5d1f,Mont-Liban,LB,Jdaidet el Matn,"['33.89056', '35.56639']"
148,79bbd379-5c9e-4d7c-ac7f-84119eec9a3f,33.8943708,35.5401765,1696762157000,"33.89449599363322,35.540167640416506",95cca195-2b5e-4a9b-ab9f-48995eeb5d1f,9.0,95cca195-2b5e-4a9b-ab9f-48995eeb5d1f,Mont-Liban,LB,Jdaidet el Matn,"['33.89056', '35.56639']"
149,79bbd379-5c9e-4d7c-ac7f-84119eec9a3f,33.8943708,35.5401765,1696762157000,"33.89449599363322,35.540167640416506",95cca195-2b5e-4a9b-ab9f-48995eeb5d1f,9.0,95cca195-2b5e-4a9b-ab9f-48995eeb5d1f,Mont-Liban,LB,Jdaidet el Matn,"['33.89056', '35.56639']"
150,79bbd379-5c9e-4d7c-ac7f-84119eec9a3f,33.8944174,35.5403242,1696762580000,"33.89449599363322,35.540167640416506",95cca195-2b5e-4a9b-ab9f-48995eeb5d1f,9.0,95cca195-2b5e-4a9b-ab9f-48995eeb5d1f,Mont-Liban,LB,Jdaidet el Matn,"['33.89056', '35.56639']"
151,79bbd379-5c9e-4d7c-ac7f-84119eec9a3f,33.8944174,35.5403242,1696762580000,"33.89449599363322,35.540167640416506",95cca195-2b5e-4a9b-ab9f-48995eeb5d1f,9.0,95cca195-2b5e-4a9b-ab9f-48995eeb5d1f,Mont-Liban,LB,Jdaidet el Matn,"['33.89056', '35.56639']"
152,79bbd379-5c9e-4d7c-ac7f-84119eec9a3f,33.8945092,35.5402985,1696763079000,"33.89449599363322,35.540167640416506",95cca195-2b5e-4a9b-ab9f-48995eeb5d1f,9.0,95cca195-2b5e-4a9b-ab9f-48995eeb5d1f,Mont-Liban,LB,Jdaidet el Matn,"['33.89056', '35.56639']"
153,79bbd379-5c9e-4d7c-ac7f-84119eec9a3f,33.8945092,35.5402985,1696763079000,"33.89449599363322,35.540167640416506",95cca195-2b5e-4a9b-ab9f-48995eeb5d1f,9.0,95cca195-2b5e-4a9b-ab9f-48995eeb5d1f,Mont-Liban,LB,Jdaidet el Matn,"['33.89056', '35.56639']"
154,79bbd379-5c9e-4d7c-ac7f-84119eec9a3f,33.8975976,35.5641191,1696763821000,"33.897209108832094,35.563950089524205",95cca195-2b5e-4a9b-ab9f-48995eeb5d1f,9.0,95cca195-2b5e-4a9b-ab9f-48995eeb5d1f,Mont-Liban,LB,Jdaidet el Matn,"['33.89056', '35.56639']"
155,79bbd379-5c9e-4d7c-ac7f-84119eec9a3f,33.8975976,35.5641191,1696763821000,"33.897209108832094,35.563950089524205",95cca195-2b5e-4a9b-ab9f-48995eeb5d1f,9.0,95cca195-2b5e-4a9b-ab9f-48995eeb5d1f,Mont-Liban,LB,Jdaidet el Matn,"['33.89056', '35.56639']"
156,79bbd379-5c9e-4d7c-ac7f-84119eec9a3f,33.897595,35.5641125,1696763825000,"33.897209108832094,35.563950089524205",95cca195-2b5e-4a9b-ab9f-48995eeb5d1f,9.0,95cca195-2b5e-4a9b-ab9f-48995eeb5d1f,Mont-Liban,LB,Jdaidet el Matn,"['33.89056', '35.56639']"
157,79bbd379-5c9e-4d7c-ac7f-84119eec9a3f,33.897595,35.5641125,1696763825000,"33.897209108832094,35.563950089524205",95cca195-2b5e-4a9b-ab9f-48995eeb5d1f,9.0,95cca195-2b5e-4a9b-ab9f-48995eeb5d1f,Mont-Liban,LB,Jdaidet el Matn,"['33.89056', '35.56639']"
158,79bbd379-5c9e-4d7c-ac7f-84119eec9a3f,33.8976506,35.5641416,1696763836000,"33.897209108832094,35.563950089524205",95cca195-2b5e-4a9b-ab9f-48995eeb5d1f,9.0,95cca195-2b5e-4a9b-ab9f-48995eeb5d1f,Mont-Liban,LB,Jdaidet el Matn,"['33.89056', '35.56639']"
159,79bbd379-5c9e-4d7c-ac7f-84119eec9a3f,33.8976506,35.5641416,1696763836000,"33.897209108832094,35.563950089524205",95cca195-2b5e-4a9b-ab9f-48995eeb5d1f,9.0,95cca195-2b5e-4a9b-ab9f-48995eeb5d1f,Mont-Liban,LB,Jdaidet el Matn,"['33.89056', '35.56639']"
160,79bbd379-5c9e-4d7c-ac7f-84119eec9a3f,33.8976748,35.564144,1696763839000,"33.89811348056505,35.563950089524205",95cca195-2b5e-4a9b-ab9f-48995eeb5d1f,9.0,95cca195-2b5e-4a9b-ab9f-48995eeb5d1f,Mont-Liban,LB,Jdaidet el Matn,"['33.89056', '35.56639']"
161,79bbd379-5c9e-4d7c-ac7f-84119eec9a3f,33.8976748,35.564144,1696763839000,"33.89811348056505,35.563950089524205",95cca195-2b5e-4a9b-ab9f-48995eeb5d1f,9.0,95cca195-2b5e-4a9b-ab9f-48995eeb5d1f,Mont-Liban,LB,Jdaidet el Matn,"['33.89056', '35.56639']"
162,79bbd379-5c9e-4d7c-ac7f-84119eec9a3f,33.8979646,35.5662998,1696764340000,"33.89811348056505,35.566112130352174",95cca195-2b5e-4a9b-ab9f-48995eeb5d1f,9.0,95cca195-2b5e-4a9b-ab9f-48995eeb5d1f,Mont-Liban,LB,Jdaidet el Matn,"['33.89056', '35.56639']"
163,79bbd379-5c9e-4d7c-ac7f-84119eec9a3f,33.8979646,35.5662998,1696764340000,"33.89811348056505,35.566112130352174",95cca195-2b5e-4a9b-ab9f-48995eeb5d1f,9.0,95cca195-2b5e-4a9b-ab9f-48995eeb5d1f,Mont-Liban,LB,Jdaidet el Matn,"['33.89056', '35.56639']"
164,79bbd379-5c9e-4d7c-ac7f-84119eec9a3f,33.8974515,35.564189,1696764813000,"33.897209108832094,35.563950089524205",95cca195-2b5e-4a9b-ab9f-48995eeb5d1f,9.0,95cca195-2b5e-4a9b-ab9f-48995eeb5d1f,Mont-Liban,LB,Jdaidet el Matn,"['33.89056', '35.56639']"
165,79bbd379-5c9e-4d7c-ac7f-84119eec9a3f,33.8974515,35.564189,1696764813000,"33.897209108832094,35.563950089524205",95cca195-2b5e-4a9b-ab9f-48995eeb5d1f,9.0,95cca195-2b5e-4a9b-ab9f-48995eeb5d1f,Mont-Liban,LB,Jdaidet el Matn,"['33.89056', '35.56639']"
166,79bbd379-5c9e-4d7c-ac7f-84119eec9a3f,33.8974264,35.5641886,1696765350000,"33.897209108832094,35.563950089524205",95cca195-2b5e-4a9b-ab9f-48995eeb5d1f,9.0,95cca195-2b5e-4a9b-ab9f-48995eeb5d1f,Mont-Liban,LB,Jdaidet el Matn,"['33.89056', '35.56639']"
167,79bbd379-5c9e-4d7c-ac7f-84119eec9a3f,33.8974264,35.5641886,1696765350000,"33.897209108832094,35.563950089524205",95cca195-2b5e-4a9b-ab9f-48995eeb5d1f,9.0,95cca195-2b5e-4a9b-ab9f-48995eeb5d1f,Mont-Liban,LB,Jdaidet el Matn,"['33.89056', '35.56639']"
168,79bbd379-5c9e-4d7c-ac7f-84119eec9a3f,33.8973262,35.5641726,1696765899000,"33.897209108832094,35.563950089524205",95cca195-2b5e-4a9b-ab9f-48995eeb5d1f,9.0,95cca195-2b5e-4a9b-ab9f-48995eeb5d1f,Mont-Liban,LB,Jdaidet el Matn,"['33.89056', '35.56639']"
169,79bbd379-5c9e-4d7c-ac7f-84119eec9a3f,33.8973262,35.5641726,1696765899000,"33.897209108832094,35.563950089524205",95cca195-2b5e-4a9b-ab9f-48995eeb5d1f,9.0,95cca195-2b5e-4a9b-ab9f-48995eeb5d1f,Mont-Liban,LB,Jdaidet el Matn,"['33.89056', '35.56639']"
170,79bbd379-5c9e-4d7c-ac7f-84119eec9a3f,33.8974619,35.5641671,1696766458000,"33.897209108832094,35.563950089524205",95cca195-2b5e-4a9b-ab9f-48995eeb5d1f,9.0,95cca195-2b5e-4a9b-ab9f-48995eeb5d1f,Mont-Liban,LB,Jdaidet el Matn,"['33.89056', '35.56639']"
171,79bbd379-5c9e-4d7c-ac7f-84119eec9a3f,33.8974619,35.5641671,1696766458000,"33.897209108832094,35.563950089524205",95cca195-2b5e-4a9b-ab9f-48995eeb5d1f,9.0,95cca195-2b5e-4a9b-ab9f-48995eeb5d1f,Mont-Liban,LB,Jdaidet el Matn,"['33.89056', '35.56639']"
172,79bbd379-5c9e-4d7c-ac7f-84119eec9a3f,33.9273076,35.61004,1696803114000,"33.92705337601968,35.610433967325605",95cca195-2b5e-4a9b-ab9f-48995eeb5d1f,9.0,95cca195-2b5e-4a9b-ab9f-48995eeb5d1f,Mont-Liban,LB,Djounie,"['33.98083', '35.61778']"
173,79bbd379-5c9e-4d7c-ac7f-84119eec9a3f,33.9273076,35.61004,1696803114000,"33.92705337601968,35.610433967325605",95cca195-2b5e-4a9b-ab9f-48995eeb5d1f,9.0,95cca195-2b5e-4a9b-ab9f-48995eeb5d1f,Mont-Liban,LB,Djounie,"['33.98083', '35.61778']"
174,79bbd379-5c9e-4d7c-ac7f-84119eec9a3f,33.9273076,35.61004,1696803281000,"33.92705337601968,35.610433967325605",95cca195-2b5e-4a9b-ab9f-48995eeb5d1f,9.0,95cca195-2b5e-4a9b-ab9f-48995eeb5d1f,Mont-Liban,LB,Djounie,"['33.98083', '35.61778']"
175,79bbd379-5c9e-4d7c-ac7f-84119eec9a3f,33.9273076,35.61004,1696803281000,"33.92705337601968,35.610433967325605",95cca195-2b5e-4a9b-ab9f-48995eeb5d1f,9.0,95cca195-2b5e-4a9b-ab9f-48995eeb5d1f,Mont-Liban,LB,Djounie,"['33.98083', '35.61778']"
176,79bbd379-5c9e-4d7c-ac7f-84119eec9a3f,33.9304978,35.6128848,1696803288000,"33.93067086295151,35.61259600815358",95cca195-2b5e-4a9b-ab9f-48995eeb5d1f,9.0,95cca195-2b5e-4a9b-ab9f-48995eeb5d1f,Mont-Liban,LB,Djounie,"['33.98083', '35.61778']"
177,79bbd379-5c9e-4d7c-ac7f-84119eec9a3f,33.9304978,35.6128848,1696803288000,"33.93067086295151,35.61259600815358",95cca195-2b5e-4a9b-ab9f-48995eeb5d1f,9.0,95cca195-2b5e-4a9b-ab9f-48995eeb5d1f,Mont-Liban,LB,Djounie,"['33.98083', '35.61778']"
178,79bbd379-5c9e-4d7c-ac7f-84119eec9a3f,33.9304978,35.6128848,1696803920000,"33.93067086295151,35.61259600815358",95cca195-2b5e-4a9b-ab9f-48995eeb5d1f,9.0,95cca195-2b5e-4a9b-ab9f-48995eeb5d1f,Mont-Liban,LB,Djounie,"['33.98083', '35.61778']"
179,79bbd379-5c9e-4d7c-ac7f-84119eec9a3f,33.9304978,35.6128848,1696803920000,"33.93067086295151,35.61259600815358",95cca195-2b5e-4a9b-ab9f-48995eeb5d1f,9.0,95cca195-2b5e-4a9b-ab9f-48995eeb5d1f,Mont-Liban,LB,Djounie,"['33.98083', '35.61778']"
180,79bbd379-5c9e-4d7c-ac7f-84119eec9a3f,33.9304978,35.6128848,1696804462000,"33.93067086295151,35.61259600815358",95cca195-2b5e-4a9b-ab9f-48995eeb5d1f,9.0,95cca195-2b5e-4a9b-ab9f-48995eeb5d1f,Mont-Liban,LB,Djounie,"['33.98083', '35.61778']"
181,79bbd379-5c9e-4d7c-ac7f-84119eec9a3f,33.9304978,35.6128848,1696804462000,"33.93067086295151,35.61259600815358",95cca195-2b5e-4a9b-ab9f-48995eeb5d1f,9.0,95cca195-2b5e-4a9b-ab9f-48995eeb5d1f,Mont-Liban,LB,Djounie,"['33.98083', '35.61778']"
182,79bbd379-5c9e-4d7c-ac7f-84119eec9a3f,33.9304978,35.6128848,1696805044000,"33.93067086295151,35.61259600815358",95cca195-2b5e-4a9b-ab9f-48995eeb5d1f,9.0,95cca195-2b5e-4a9b-ab9f-48995eeb5d1f,Mont-Liban,LB,Djounie,"['33.98083', '35.61778']"
183,79bbd379-5c9e-4d7c-ac7f-84119eec9a3f,33.9304978,35.6128848,1696805044000,"33.93067086295151,35.61259600815358",95cca195-2b5e-4a9b-ab9f-48995eeb5d1f,9.0,95cca195-2b5e-4a9b-ab9f-48995eeb5d1f,Mont-Liban,LB,Djounie,"['33.98083', '35.61778']"
184,79bbd379-5c9e-4d7c-ac7f-84119eec9a3f,33.9304978,35.6128848,1696805451000,"33.93067086295151,35.61259600815358",95cca195-2b5e-4a9b-ab9f-48995eeb5d1f,9.0,95cca195-2b5e-4a9b-ab9f-48995eeb5d1f,Mont-Liban,LB,Djounie,"['33.98083', '35.61778']"
185,79bbd379-5c9e-4d7c-ac7f-84119eec9a3f,33.9304978,35.6128848,1696805451000,"33.93067086295151,35.61259600815358",95cca195-2b5e-4a9b-ab9f-48995eeb5d1f,9.0,95cca195-2b5e-4a9b-ab9f-48995eeb5d1f,Mont-Liban,LB,Djounie,"['33.98083', '35.61778']"
186,79bbd379-5c9e-4d7c-ac7f-84119eec9a3f,33.9304902,35.6128854,1696805894000,"33.93067086295151,35.61259600815358",95cca195-2b5e-4a9b-ab9f-48995eeb5d1f,9.0,95cca195-2b5e-4a9b-ab9f-48995eeb5d1f,Mont-Liban,LB,Djounie,"['33.98083', '35.61778']"
187,79bbd379-5c9e-4d7c-ac7f-84119eec9a3f,33.9304902,35.6128854,1696805894000,"33.93067086295151,35.61259600815358",95cca195-2b5e-4a9b-ab9f-48995eeb5d1f,9.0,95cca195-2b5e-4a9b-ab9f-48995eeb5d1f,Mont-Liban,LB,Djounie,"['33.98083', '35.61778']"
188,79bbd379-5c9e-4d7c-ac7f-84119eec9a3f,33.9304902,35.6128854,1696806311000,"33.93067086295151,35.61259600815358",95cca195-2b5e-4a9b-ab9f-48995eeb5d1f,9.0,95cca195-2b5e-4a9b-ab9f-48995eeb5d1f,Mont-Liban,LB,Djounie,"['33.98083', '35.61778']"
189,79bbd379-5c9e-4d7c-ac7f-84119eec9a3f,33.9304902,35.6128854,1696806311000,"33.93067086295151,35.61259600815358",95cca195-2b5e-4a9b-ab9f-48995eeb5d1f,9.0,95cca195-2b5e-4a9b-ab9f-48995eeb5d1f,Mont-Liban,LB,Djounie,"['33.98083', '35.61778']"
190,79bbd379-5c9e-4d7c-ac7f-84119eec9a3f,33.9304902,35.6128854,1696806882000,"33.93067086295151,35.61259600815358",95cca195-2b5e-4a9b-ab9f-48995eeb5d1f,9.0,95cca195-2b5e-4a9b-ab9f-48995eeb5d1f,Mont-Liban,LB,Djounie,"['33.98083', '35.61778']"
191,79bbd379-5c9e-4d7c-ac7f-84119eec9a3f,33.9304902,35.6128854,1696806882000,"33.93067086295151,35.61259600815358",95cca195-2b5e-4a9b-ab9f-48995eeb5d1f,9.0,95cca195-2b5e-4a9b-ab9f-48995eeb5d1f,Mont-Liban,LB,Djounie,"['33.98083', '35.61778']"
192,79bbd379-5c9e-4d7c-ac7f-84119eec9a3f,33.9304902,35.6128854,1696807345000,"33.93067086295151,35.61259600815358",95cca195-2b5e-4a9b-ab9f-48995eeb5d1f,9.0,95cca195-2b5e-4a9b-ab9f-48995eeb5d1f,Mont-Liban,LB,Djounie,"['33.98083', '35.61778']"
193,79bbd379-5c9e-4d7c-ac7f-84119eec9a3f,33.9304902,35.6128854,1696807345000,"33.93067086295151,35.61259600815358",95cca195-2b5e-4a9b-ab9f-48995eeb5d1f,9.0,95cca195-2b5e-4a9b-ab9f-48995eeb5d1f,Mont-Liban,LB,Djounie,"['33.98083', '35.61778']"
194,79bbd379-5c9e-4d7c-ac7f-84119eec9a3f,33.930498,35.6128824,1696807784000,"33.93067086295151,35.61259600815358",95cca195-2b5e-4a9b-ab9f-48995eeb5d1f,9.0,95cca195-2b5e-4a9b-ab9f-48995eeb5d1f,Mont-Liban,LB,Djounie,"['33.98083', '35.61778']"
195,79bbd379-5c9e-4d7c-ac7f-84119eec9a3f,33.930498,35.6128824,1696807784000,"33.93067086295151,35.61259600815358",95cca195-2b5e-4a9b-ab9f-48995eeb5d1f,9.0,95cca195-2b5e-4a9b-ab9f-48995eeb5d1f,Mont-Liban,LB,Djounie,"['33.98083', '35.61778']"
196,79bbd379-5c9e-4d7c-ac7f-84119eec9a3f,33.930498,35.6128824,1696808234000,"33.93067086295151,35.61259600815358",95cca195-2b5e-4a9b-ab9f-48995eeb5d1f,9.0,95cca195-2b5e-4a9b-ab9f-48995eeb5d1f,Mont-Liban,LB,Djounie,"['33.98083', '35.61778']"
197,79bbd379-5c9e-4d7c-ac7f-84119eec9a3f,33.930498,35.6128824,1696808234000,"33.93067086295151,35.61259600815358",95cca195-2b5e-4a9b-ab9f-48995eeb5d1f,9.0,95cca195-2b5e-4a9b-ab9f-48995eeb5d1f,Mont-Liban,LB,Djounie,"['33.98083', '35.61778']"
198,79bbd379-5c9e-4d7c-ac7f-84119eec9a3f,33.930498,35.6128824,1696808682000,"33.93067086295151,35.61259600815358",95cca195-2b5e-4a9b-ab9f-48995eeb5d1f,9.0,95cca195-2b5e-4a9b-ab9f-48995eeb5d1f,Mont-Liban,LB,Djounie,"['33.98083', '35.61778']"
199,79bbd379-5c9e-4d7c-ac7f-84119eec9a3f,33.930498,35.6128824,1696808682000,"33.93067086295151,35.61259600815358",95cca195-2b5e-4a9b-ab9f-48995eeb5d1f,9.0,95cca195-2b5e-4a9b-ab9f-48995eeb5d1f,Mont-Liban,LB,Djounie,"['33.98083', '35.61778']"
200,79bbd379-5c9e-4d7c-ac7f-84119eec9a3f,33.930498,35.6128824,1696809138000,"33.93067086295151,35.61259600815358",95cca195-2b5e-4a9b-ab9f-48995eeb5d1f,9.0,95cca195-2b5e-4a9b-ab9f-48995eeb5d1f,Mont-Liban,LB,Djounie,"['33.98083', '35.61778']"
201,79bbd379-5c9e-4d7c-ac7f-84119eec9a3f,33.930498,35.6128824,1696809138000,"33.93067086295151,35.61259600815358",95cca195-2b5e-4a9b-ab9f-48995eeb5d1f,9.0,95cca195-2b5e-4a9b-ab9f-48995eeb5d1f,Mont-Liban,LB,Djounie,"['33.98083', '35.61778']"
202,79bbd379-5c9e-4d7c-ac7f-84119eec9a3f,33.9308069,35.6114727,1696903261000,"33.93067086295151,35.6115149877396",95cca195-2b5e-4a9b-ab9f-48995eeb5d1f,9.0,95cca195-2b5e-4a9b-ab9f-48995eeb5d1f,Mont-Liban,LB,Djounie,"['33.98083', '35.61778']"
203,79bbd379-5c9e-4d7c-ac7f-84119eec9a3f,33.9308069,35.6114727,1696903261000,"33.93067086295151,35.6115149877396",95cca195-2b5e-4a9b-ab9f-48995eeb5d1f,9.0,95cca195-2b5e-4a9b-ab9f-48995eeb5d1f,Mont-Liban,LB,Djounie,"['33.98083', '35.61778']"
204,79bbd379-5c9e-4d7c-ac7f-84119eec9a3f,33.9305076,35.6128866,1696911402000,"33.93067086295151,35.61259600815358",95cca195-2b5e-4a9b-ab9f-48995eeb5d1f,9.0,95cca195-2b5e-4a9b-ab9f-48995eeb5d1f,Mont-Liban,LB,Djounie,"['33.98083', '35.61778']"
205,79bbd379-5c9e-4d7c-ac7f-84119eec9a3f,33.9305076,35.6128866,1696911402000,"33.93067086295151,35.61259600815358",95cca195-2b5e-4a9b-ab9f-48995eeb5d1f,9.0,95cca195-2b5e-4a9b-ab9f-48995eeb5d1f,Mont-Liban,LB,Djounie,"['33.98083', '35.61778']"
206,79bbd379-5c9e-4d7c-ac7f-84119eec9a3f,33.9377416,35.6336865,1696933701000,"33.93790583681516,35.634216416433304",95cca195-2b5e-4a9b-ab9f-48995eeb5d1f,9.0,95cca195-2b5e-4a9b-ab9f-48995eeb5d1f,Mont-Liban,LB,Djounie,"['33.98083', '35.61778']"
207,79bbd379-5c9e-4d7c-ac7f-84119eec9a3f,33.9377416,35.6336865,1696933701000,"33.93790583681516,35.634216416433304",95cca195-2b5e-4a9b-ab9f-48995eeb5d1f,9.0,95cca195-2b5e-4a9b-ab9f-48995eeb5d1f,Mont-Liban,LB,Djounie,"['33.98083', '35.61778']"
208,79bbd379-5c9e-4d7c-ac7f-84119eec9a3f,33.9377456,35.633684,1696933758000,"33.93790583681516,35.634216416433304",95cca195-2b5e-4a9b-ab9f-48995eeb5d1f,9.0,95cca195-2b5e-4a9b-ab9f-48995eeb5d1f,Mont-Liban,LB,Djounie,"['33.98083', '35.61778']"
209,79bbd379-5c9e-4d7c-ac7f-84119eec9a3f,33.9377456,35.633684,1696933758000,"33.93790583681516,35.634216416433304",95cca195-2b5e-4a9b-ab9f-48995eeb5d1f,9.0,95cca195-2b5e-4a9b-ab9f-48995eeb5d1f,Mont-Liban,LB,Djounie,"['33.98083', '35.61778']"
210,79bbd379-5c9e-4d7c-ac7f-84119eec9a3f,33.9305595,35.6128851,1696945962000,"33.93067086295151,35.61259600815358",95cca195-2b5e-4a9b-ab9f-48995eeb5d1f,9.0,95cca195-2b5e-4a9b-ab9f-48995eeb5d1f,Mont-Liban,LB,Djounie,"['33.98083', '35.61778']"
211,79bbd379-5c9e-4d7c-ac7f-84119eec9a3f,33.9305595,35.6128851,1696945962000,"33.93067086295151,35.61259600815358",95cca195-2b5e-4a9b-ab9f-48995eeb5d1f,9.0,95cca195-2b5e-4a9b-ab9f-48995eeb5d1f,Mont-Liban,LB,Djounie,"['33.98083', '35.61778']"
212,79bbd379-5c9e-4d7c-ac7f-84119eec9a3f,33.930568,35.6128526,1696946926000,"33.93067086295151,35.61259600815358",95cca195-2b5e-4a9b-ab9f-48995eeb5d1f,9.0,95cca195-2b5e-4a9b-ab9f-48995eeb5d1f,Mont-Liban,LB,Djounie,"['33.98083', '35.61778']"
213,79bbd379-5c9e-4d7c-ac7f-84119eec9a3f,33.930568,35.6128526,1696946926000,"33.93067086295151,35.61259600815358",95cca195-2b5e-4a9b-ab9f-48995eeb5d1f,9.0,95cca195-2b5e-4a9b-ab9f-48995eeb5d1f,Mont-Liban,LB,Djounie,"['33.98083', '35.61778']"
214,79bbd379-5c9e-4d7c-ac7f-84119eec9a3f,33.9276091,35.612778,1696947388000,"33.927957747752636,35.61259600815358",95cca195-2b5e-4a9b-ab9f-48995eeb5d1f,9.0,95cca195-2b5e-4a9b-ab9f-48995eeb5d1f,Mont-Liban,LB,Djounie,"['33.98083', '35.61778']"
215,79bbd379-5c9e-4d7c-ac7f-84119eec9a3f,33.9276091,35.612778,1696947388000,"33.927957747752636,35.61259600815358",95cca195-2b5e-4a9b-ab9f-48995eeb5d1f,9.0,95cca195-2b5e-4a9b-ab9f-48995eeb5d1f,Mont-Liban,LB,Djounie,"['33.98083', '35.61778']"
216,79bbd379-5c9e-4d7c-ac7f-84119eec9a3f,33.9208417,35.6036688,1696947883000,"33.920722773888976,35.60394784484169",95cca195-2b5e-4a9b-ab9f-48995eeb5d1f,9.0,95cca195-2b5e-4a9b-ab9f-48995eeb5d1f,Mont-Liban,LB,Jdaidet el Matn,"['33.89056', '35.56639']"
217,79bbd379-5c9e-4d7c-ac7f-84119eec9a3f,33.9208417,35.6036688,1696947883000,"33.920722773888976,35.60394784484169",95cca195-2b5e-4a9b-ab9f-48995eeb5d1f,9.0,95cca195-2b5e-4a9b-ab9f-48995eeb5d1f,Mont-Liban,LB,Jdaidet el Matn,"['33.89056', '35.56639']"
218,79bbd379-5c9e-4d7c-ac7f-84119eec9a3f,33.915347,35.6018065,1696948827000,"33.91529654349124,35.601785804013716",95cca195-2b5e-4a9b-ab9f-48995eeb5d1f,9.0,95cca195-2b5e-4a9b-ab9f-48995eeb5d1f,Mont-Liban,LB,Jdaidet el Matn,"['33.89056', '35.56639']"
219,79bbd379-5c9e-4d7c-ac7f-84119eec9a3f,33.915347,35.6018065,1696948827000,"33.91529654349124,35.601785804013716",95cca195-2b5e-4a9b-ab9f-48995eeb5d1f,9.0,95cca195-2b5e-4a9b-ab9f-48995eeb5d1f,Mont-Liban,LB,Jdaidet el Matn,"['33.89056', '35.56639']"
220,79bbd379-5c9e-4d7c-ac7f-84119eec9a3f,33.9303562,35.6127679,1696950844000,"33.93067086295151,35.61259600815358",95cca195-2b5e-4a9b-ab9f-48995eeb5d1f,9.0,95cca195-2b5e-4a9b-ab9f-48995eeb5d1f,Mont-Liban,LB,Djounie,"['33.98083', '35.61778']"
221,79bbd379-5c9e-4d7c-ac7f-84119eec9a3f,33.9303562,35.6127679,1696950844000,"33.93067086295151,35.61259600815358",95cca195-2b5e-4a9b-ab9f-48995eeb5d1f,9.0,95cca195-2b5e-4a9b-ab9f-48995eeb5d1f,Mont-Liban,LB,Djounie,"['33.98083', '35.61778']"
222,79bbd379-5c9e-4d7c-ac7f-84119eec9a3f,33.9304964,35.6128845,1696954112000,"33.93067086295151,35.61259600815358",95cca195-2b5e-4a9b-ab9f-48995eeb5d1f,9.0,95cca195-2b5e-4a9b-ab9f-48995eeb5d1f,Mont-Liban,LB,Djounie,"['33.98083', '35.61778']"
223,79bbd379-5c9e-4d7c-ac7f-84119eec9a3f,33.9304964,35.6128845,1696954112000,"33.93067086295151,35.61259600815358",95cca195-2b5e-4a9b-ab9f-48995eeb5d1f,9.0,95cca195-2b5e-4a9b-ab9f-48995eeb5d1f,Mont-Liban,LB,Djounie,"['33.98083', '35.61778']"
224,79bbd379-5c9e-4d7c-ac7f-84119eec9a3f,33.9304964,35.6128845,1696955023000,"33.93067086295151,35.61259600815358",95cca195-2b5e-4a9b-ab9f-48995eeb5d1f,9.0,95cca195-2b5e-4a9b-ab9f-48995eeb5d1f,Mont-Liban,LB,Djounie,"['33.98083', '35.61778']"
225,79bbd379-5c9e-4d7c-ac7f-84119eec9a3f,33.9304964,35.6128845,1696955023000,"33.93067086295151,35.61259600815358",95cca195-2b5e-4a9b-ab9f-48995eeb5d1f,9.0,95cca195-2b5e-4a9b-ab9f-48995eeb5d1f,Mont-Liban,LB,Djounie,"['33.98083', '35.61778']"
226,79bbd379-5c9e-4d7c-ac7f-84119eec9a3f,33.9305526,35.6128756,1696956864000,"33.93067086295151,35.61259600815358",95cca195-2b5e-4a9b-ab9f-48995eeb5d1f,9.0,95cca195-2b5e-4a9b-ab9f-48995eeb5d1f,Mont-Liban,LB,Djounie,"['33.98083', '35.61778']"
227,79bbd379-5c9e-4d7c-ac7f-84119eec9a3f,33.9305526,35.6128756,1696956864000,"33.93067086295151,35.61259600815358",95cca195-2b5e-4a9b-ab9f-48995eeb5d1f,9.0,95cca195-2b5e-4a9b-ab9f-48995eeb5d1f,Mont-Liban,LB,Djounie,"['33.98083', '35.61778']"
228,79bbd379-5c9e-4d7c-ac7f-84119eec9a3f,33.9308069,35.6114727,1696976862000,"33.93067086295151,35.6115149877396",95cca195-2b5e-4a9b-ab9f-48995eeb5d1f,9.0,95cca195-2b5e-4a9b-ab9f-48995eeb5d1f,Mont-Liban,LB,Djounie,"['33.98083', '35.61778']"
229,79bbd379-5c9e-4d7c-ac7f-84119eec9a3f,33.9308069,35.6114727,1696976862000,"33.93067086295151,35.6115149877396",95cca195-2b5e-4a9b-ab9f-48995eeb5d1f,9.0,95cca195-2b5e-4a9b-ab9f-48995eeb5d1f,Mont-Liban,LB,Djounie,"['33.98083', '35.61778']"
230,79bbd379-5c9e-4d7c-ac7f-84119eec9a3f,33.9308069,35.6114727,1696978571000,"33.93067086295151,35.6115149877396",95cca195-2b5e-4a9b-ab9f-48995eeb5d1f,9.0,95cca195-2b5e-4a9b-ab9f-48995eeb5d1f,Mont-Liban,LB,Djounie,"['33.98083', '35.61778']"
231,79bbd379-5c9e-4d7c-ac7f-84119eec9a3f,33.9308069,35.6114727,1696978571000,"33.93067086295151,35.6115149877396",95cca195-2b5e-4a9b-ab9f-48995eeb5d1f,9.0,95cca195-2b5e-4a9b-ab9f-48995eeb5d1f,Mont-Liban,LB,Djounie,"['33.98083', '35.61778']"
232,79bbd379-5c9e-4d7c-ac7f-84119eec9a3f,33.9273076,35.61004,1696980880000,"33.92705337601968,35.610433967325605",95cca195-2b5e-4a9b-ab9f-48995eeb5d1f,9.0,95cca195-2b5e-4a9b-ab9f-48995eeb5d1f,Mont-Liban,LB,Djounie,"['33.98083', '35.61778']"
233,79bbd379-5c9e-4d7c-ac7f-84119eec9a3f,33.9273076,35.61004,1696980880000,"33.92705337601968,35.610433967325605",95cca195-2b5e-4a9b-ab9f-48995eeb5d1f,9.0,95cca195-2b5e-4a9b-ab9f-48995eeb5d1f,Mont-Liban,LB,Djounie,"['33.98083', '35.61778']"
234,79bbd379-5c9e-4d7c-ac7f-84119eec9a3f,33.9274956,35.6104081,1697167560000,"33.92705337601968,35.610433967325605",95cca195-2b5e-4a9b-ab9f-48995eeb5d1f,9.0,95cca195-2b5e-4a9b-ab9f-48995eeb5d1f,Mont-Liban,LB,Djounie,"['33.98083', '35.61778']"
235,79bbd379-5c9e-4d7c-ac7f-84119eec9a3f,33.9274956,35.6104081,1697167560000,"33.92705337601968,35.610433967325605",95cca195-2b5e-4a9b-ab9f-48995eeb5d1f,9.0,95cca195-2b5e-4a9b-ab9f-48995eeb5d1f,Mont-Liban,LB,Djounie,"['33.98083', '35.61778']"
236,79bbd379-5c9e-4d7c-ac7f-84119eec9a3f,33.9304905,35.6128701,1697168114000,"33.93067086295151,35.61259600815358",95cca195-2b5e-4a9b-ab9f-48995eeb5d1f,9.0,95cca195-2b5e-4a9b-ab9f-48995eeb5d1f,Mont-Liban,LB,Djounie,"['33.98083', '35.61778']"
237,79bbd379-5c9e-4d7c-ac7f-84119eec9a3f,33.9304905,35.6128701,1697168114000,"33.93067086295151,35.61259600815358",95cca195-2b5e-4a9b-ab9f-48995eeb5d1f,9.0,95cca195-2b5e-4a9b-ab9f-48995eeb5d1f,Mont-Liban,LB,Djounie,"['33.98083', '35.61778']"
238,79bbd379-5c9e-4d7c-ac7f-84119eec9a3f,33.9304554,35.6128571,1697169876000,"33.93067086295151,35.61259600815358",95cca195-2b5e-4a9b-ab9f-48995eeb5d1f,9.0,95cca195-2b5e-4a9b-ab9f-48995eeb5d1f,Mont-Liban,LB,Djounie,"['33.98083', '35.61778']"
239,79bbd379-5c9e-4d7c-ac7f-84119eec9a3f,33.9304554,35.6128571,1697169876000,"33.93067086295151,35.61259600815358",95cca195-2b5e-4a9b-ab9f-48995eeb5d1f,9.0,95cca195-2b5e-4a9b-ab9f-48995eeb5d1f,Mont-Liban,LB,Djounie,"['33.98083', '35.61778']"
240,79bbd379-5c9e-4d7c-ac7f-84119eec9a3f,33.9304524,35.6128766,1697171634000,"33.93067086295151,35.61259600815358",95cca195-2b5e-4a9b-ab9f-48995eeb5d1f,9.0,95cca195-2b5e-4a9b-ab9f-48995eeb5d1f,Mont-Liban,LB,Djounie,"['33.98083', '35.61778']"
241,79bbd379-5c9e-4d7c-ac7f-84119eec9a3f,33.9304524,35.6128766,1697171634000,"33.93067086295151,35.61259600815358",95cca195-2b5e-4a9b-ab9f-48995eeb5d1f,9.0,95cca195-2b5e-4a9b-ab9f-48995eeb5d1f,Mont-Liban,LB,Djounie,"['33.98083', '35.61778']"
242,79bbd379-5c9e-4d7c-ac7f-84119eec9a3f,33.9304768,35.6128475,1697181462000,"33.93067086295151,35.61259600815358",95cca195-2b5e-4a9b-ab9f-48995eeb5d1f,9.0,95cca195-2b5e-4a9b-ab9f-48995eeb5d1f,Mont-Liban,LB,Djounie,"['33.98083', '35.61778']"
243,79bbd379-5c9e-4d7c-ac7f-84119eec9a3f,33.9304768,35.6128475,1697181462000,"33.93067086295151,35.61259600815358",95cca195-2b5e-4a9b-ab9f-48995eeb5d1f,9.0,95cca195-2b5e-4a9b-ab9f-48995eeb5d1f,Mont-Liban,LB,Djounie,"['33.98083', '35.61778']"
244,79bbd379-5c9e-4d7c-ac7f-84119eec9a3f,33.9303685,35.6126919,1697183948000,"33.93067086295151,35.61259600815358",95cca195-2b5e-4a9b-ab9f-48995eeb5d1f,9.0,95cca195-2b5e-4a9b-ab9f-48995eeb5d1f,Mont-Liban,LB,Djounie,"['33.98083', '35.61778']"
245,79bbd379-5c9e-4d7c-ac7f-84119eec9a3f,33.9303685,35.6126919,1697183948000,"33.93067086295151,35.61259600815358",95cca195-2b5e-4a9b-ab9f-48995eeb5d1f,9.0,95cca195-2b5e-4a9b-ab9f-48995eeb5d1f,Mont-Liban,LB,Djounie,"['33.98083', '35.61778']"
246,79bbd379-5c9e-4d7c-ac7f-84119eec9a3f,33.930497,35.6128868,1697185461000,"33.93067086295151,35.61259600815358",95cca195-2b5e-4a9b-ab9f-48995eeb5d1f,9.0,95cca195-2b5e-4a9b-ab9f-48995eeb5d1f,Mont-Liban,LB,Djounie,"['33.98083', '35.61778']"
247,79bbd379-5c9e-4d7c-ac7f-84119eec9a3f,33.930497,35.6128868,1697185461000,"33.93067086295151,35.61259600815358",95cca195-2b5e-4a9b-ab9f-48995eeb5d1f,9.0,95cca195-2b5e-4a9b-ab9f-48995eeb5d1f,Mont-Liban,LB,Djounie,"['33.98083', '35.61778']"
248,79bbd379-5c9e-4d7c-ac7f-84119eec9a3f,33.8970247,35.5613814,1697193430000,"33.897209108832094,35.56178804869623",95cca195-2b5e-4a9b-ab9f-48995eeb5d1f,9.0,95cca195-2b5e-4a9b-ab9f-48995eeb5d1f,Mont-Liban,LB,Jdaidet el Matn,"['33.89056', '35.56639']"
249,79bbd379-5c9e-4d7c-ac7f-84119eec9a3f,33.8970247,35.5613814,1697193430000,"33.897209108832094,35.56178804869623",95cca195-2b5e-4a9b-ab9f-48995eeb5d1f,9.0,95cca195-2b5e-4a9b-ab9f-48995eeb5d1f,Mont-Liban,LB,Jdaidet el Matn,"['33.89056', '35.56639']"
250,79bbd379-5c9e-4d7c-ac7f-84119eec9a3f,33.8970909,35.5613877,1697193886000,"33.897209108832094,35.56178804869623",95cca195-2b5e-4a9b-ab9f-48995eeb5d1f,9.0,95cca195-2b5e-4a9b-ab9f-48995eeb5d1f,Mont-Liban,LB,Jdaidet el Matn,"['33.89056', '35.56639']"
251,79bbd379-5c9e-4d7c-ac7f-84119eec9a3f,33.8970909,35.5613877,1697193886000,"33.897209108832094,35.56178804869623",95cca195-2b5e-4a9b-ab9f-48995eeb5d1f,9.0,95cca195-2b5e-4a9b-ab9f-48995eeb5d1f,Mont-Liban,LB,Jdaidet el Matn,"['33.89056', '35.56639']"
252,79bbd379-5c9e-4d7c-ac7f-84119eec9a3f,33.8970206,35.5613781,1697196275000,"33.897209108832094,35.56178804869623",95cca195-2b5e-4a9b-ab9f-48995eeb5d1f,9.0,95cca195-2b5e-4a9b-ab9f-48995eeb5d1f,Mont-Liban,LB,Jdaidet el Matn,"['33.89056', '35.56639']"
253,79bbd379-5c9e-4d7c-ac7f-84119eec9a3f,33.8970206,35.5613781,1697196275000,"33.897209108832094,35.56178804869623",95cca195-2b5e-4a9b-ab9f-48995eeb5d1f,9.0,95cca195-2b5e-4a9b-ab9f-48995eeb5d1f,Mont-Liban,LB,Jdaidet el Matn,"['33.89056', '35.56639']"
254,79bbd379-5c9e-4d7c-ac7f-84119eec9a3f,33.8970491,35.561377,1697197633000,"33.897209108832094,35.56178804869623",95cca195-2b5e-4a9b-ab9f-48995eeb5d1f,9.0,95cca195-2b5e-4a9b-ab9f-48995eeb5d1f,Mont-Liban,LB,Jdaidet el Matn,"['33.89056', '35.56639']"
255,79bbd379-5c9e-4d7c-ac7f-84119eec9a3f,33.8970491,35.561377,1697197633000,"33.897209108832094,35.56178804869623",95cca195-2b5e-4a9b-ab9f-48995eeb5d1f,9.0,95cca195-2b5e-4a9b-ab9f-48995eeb5d1f,Mont-Liban,LB,Jdaidet el Matn,"['33.89056', '35.56639']"
256,79bbd379-5c9e-4d7c-ac7f-84119eec9a3f,33.8970959,35.5613786,1697199595000,"33.897209108832094,35.56178804869623",95cca195-2b5e-4a9b-ab9f-48995eeb5d1f,9.0,95cca195-2b5e-4a9b-ab9f-48995eeb5d1f,Mont-Liban,LB,Jdaidet el Matn,"['33.89056', '35.56639']"
257,79bbd379-5c9e-4d7c-ac7f-84119eec9a3f,33.8970959,35.5613786,1697199595000,"33.897209108832094,35.56178804869623",95cca195-2b5e-4a9b-ab9f-48995eeb5d1f,9.0,95cca195-2b5e-4a9b-ab9f-48995eeb5d1f,Mont-Liban,LB,Jdaidet el Matn,"['33.89056', '35.56639']"
258,79bbd379-5c9e-4d7c-ac7f-84119eec9a3f,33.8971829,35.5613869,1697200510000,"33.897209108832094,35.56178804869623",95cca195-2b5e-4a9b-ab9f-48995eeb5d1f,9.0,95cca195-2b5e-4a9b-ab9f-48995eeb5d1f,Mont-Liban,LB,Jdaidet el Matn,"['33.89056', '35.56639']"
259,79bbd379-5c9e-4d7c-ac7f-84119eec9a3f,33.8971829,35.5613869,1697200510000,"33.897209108832094,35.56178804869623",95cca195-2b5e-4a9b-ab9f-48995eeb5d1f,9.0,95cca195-2b5e-4a9b-ab9f-48995eeb5d1f,Mont-Liban,LB,Jdaidet el Matn,"['33.89056', '35.56639']"
260,79bbd379-5c9e-4d7c-ac7f-84119eec9a3f,33.9305595,35.6128768,1697205935000,"33.93067086295151,35.61259600815358",95cca195-2b5e-4a9b-ab9f-48995eeb5d1f,9.0,95cca195-2b5e-4a9b-ab9f-48995eeb5d1f,Mont-Liban,LB,Djounie,"['33.98083', '35.61778']"
261,79bbd379-5c9e-4d7c-ac7f-84119eec9a3f,33.9305595,35.6128768,1697205935000,"33.93067086295151,35.61259600815358",95cca195-2b5e-4a9b-ab9f-48995eeb5d1f,9.0,95cca195-2b5e-4a9b-ab9f-48995eeb5d1f,Mont-Liban,LB,Djounie,"['33.98083', '35.61778']"
262,79bbd379-5c9e-4d7c-ac7f-84119eec9a3f,33.9304174,35.6128706,1697233306000,"33.93067086295151,35.61259600815358",95cca195-2b5e-4a9b-ab9f-48995eeb5d1f,9.0,95cca195-2b5e-4a9b-ab9f-48995eeb5d1f,Mont-Liban,LB,Djounie,"['33.98083', '35.61778']"
263,79bbd379-5c9e-4d7c-ac7f-84119eec9a3f,33.9304174,35.6128706,1697233306000,"33.93067086295151,35.61259600815358",95cca195-2b5e-4a9b-ab9f-48995eeb5d1f,9.0,95cca195-2b5e-4a9b-ab9f-48995eeb5d1f,Mont-Liban,LB,Djounie,"['33.98083', '35.61778']"
264,79bbd379-5c9e-4d7c-ac7f-84119eec9a3f,33.9304965,35.6128705,1697238916000,"33.93067086295151,35.61259600815358",95cca195-2b5e-4a9b-ab9f-48995eeb5d1f,9.0,95cca195-2b5e-4a9b-ab9f-48995eeb5d1f,Mont-Liban,LB,Djounie,"['33.98083', '35.61778']"
265,79bbd379-5c9e-4d7c-ac7f-84119eec9a3f,33.9304965,35.6128705,1697238916000,"33.93067086295151,35.61259600815358",95cca195-2b5e-4a9b-ab9f-48995eeb5d1f,9.0,95cca195-2b5e-4a9b-ab9f-48995eeb5d1f,Mont-Liban,LB,Djounie,"['33.98083', '35.61778']"
