,Device_ID_geo,Location_Name,Service_Provider_ID,Latitude,Longitude,Timestamp,Cluster
1,b799f49f-81b1-491b-ab99-9092bc8c7325,b799f49f-81b1-491b-ab99-9092bc8c7325,9,33.89216,35.49209,2023-09-26 01:06:11,0
2,b799f49f-81b1-491b-ab99-9092bc8c7325,b799f49f-81b1-491b-ab99-9092bc8c7325,9,33.8922,35.49205,2023-09-26 01:12:06,0
3,b799f49f-81b1-491b-ab99-9092bc8c7325,b799f49f-81b1-491b-ab99-9092bc8c7325,9,33.89221,35.49208,2023-09-26 01:18:56,0
4,b799f49f-81b1-491b-ab99-9092bc8c7325,b799f49f-81b1-491b-ab99-9092bc8c7325,9,33.89217,35.49202,2023-09-26 01:26:01,0
5,b799f49f-81b1-491b-ab99-9092bc8c7325,b799f49f-81b1-491b-ab99-9092bc8c7325,9,33.89222,35.49206,2023-09-26 01:41:13,0
6,b799f49f-81b1-491b-ab99-9092bc8c7325,b799f49f-81b1-491b-ab99-9092bc8c7325,9,33.89218,35.49206,2023-09-26 01:47:01,0
7,b799f49f-81b1-491b-ab99-9092bc8c7325,b799f49f-81b1-491b-ab99-9092bc8c7325,9,33.89213,35.49204,2023-09-26 01:55:59,0
8,b799f49f-81b1-491b-ab99-9092bc8c7325,b799f49f-81b1-491b-ab99-9092bc8c7325,9,33.89214,35.4921,2023-09-26 02:01:08,0
9,b799f49f-81b1-491b-ab99-9092bc8c7325,b799f49f-81b1-491b-ab99-9092bc8c7325,9,33.89212,35.4921,2023-09-26 02:14:41,0
10,b799f49f-81b1-491b-ab99-9092bc8c7325,b799f49f-81b1-491b-ab99-9092bc8c7325,9,33.89217,35.49209,2023-09-26 02:19:33,0
11,b799f49f-81b1-491b-ab99-9092bc8c7325,b799f49f-81b1-491b-ab99-9092bc8c7325,9,33.89217,35.49204,2023-09-26 02:26:21,0
12,b799f49f-81b1-491b-ab99-9092bc8c7325,b799f49f-81b1-491b-ab99-9092bc8c7325,9,33.89217,35.49205,2023-09-26 02:31:26,0
13,b799f49f-81b1-491b-ab99-9092bc8c7325,b799f49f-81b1-491b-ab99-9092bc8c7325,9,33.89214,35.49206,2023-09-26 02:32:42,0
14,b799f49f-81b1-491b-ab99-9092bc8c7325,b799f49f-81b1-491b-ab99-9092bc8c7325,9,33.89214,35.49208,2023-09-26 02:37:53,0
15,b799f49f-81b1-491b-ab99-9092bc8c7325,b799f49f-81b1-491b-ab99-9092bc8c7325,9,33.89213,35.49204,2023-09-26 02:47:37,0
16,b799f49f-81b1-491b-ab99-9092bc8c7325,b799f49f-81b1-491b-ab99-9092bc8c7325,9,33.89182,35.492,2023-09-26 08:51:46,0
17,b799f49f-81b1-491b-ab99-9092bc8c7325,b799f49f-81b1-491b-ab99-9092bc8c7325,9,33.89197,35.49203,2023-09-26 08:58:21,0
18,b799f49f-81b1-491b-ab99-9092bc8c7325,b799f49f-81b1-491b-ab99-9092bc8c7325,9,33.89192,35.49192,2023-09-26 09:03:55,0
19,b799f49f-81b1-491b-ab99-9092bc8c7325,b799f49f-81b1-491b-ab99-9092bc8c7325,9,33.89185,35.49204,2023-09-26 09:11:01,0
20,b799f49f-81b1-491b-ab99-9092bc8c7325,b799f49f-81b1-491b-ab99-9092bc8c7325,9,33.89187,35.492,2023-09-26 09:24:15,0
21,b799f49f-81b1-491b-ab99-9092bc8c7325,b799f49f-81b1-491b-ab99-9092bc8c7325,9,33.89212,35.49206,2023-09-26 09:38:23,0
22,b799f49f-81b1-491b-ab99-9092bc8c7325,b799f49f-81b1-491b-ab99-9092bc8c7325,9,33.8919,35.49195,2023-09-26 09:38:28,0
23,b799f49f-81b1-491b-ab99-9092bc8c7325,b799f49f-81b1-491b-ab99-9092bc8c7325,9,33.89198,35.49192,2023-09-26 09:44:53,0
24,b799f49f-81b1-491b-ab99-9092bc8c7325,b799f49f-81b1-491b-ab99-9092bc8c7325,9,33.89197,35.49187,2023-09-26 09:53:24,0
25,b799f49f-81b1-491b-ab99-9092bc8c7325,b799f49f-81b1-491b-ab99-9092bc8c7325,9,33.89194,35.49189,2023-09-26 10:00:05,0
26,b799f49f-81b1-491b-ab99-9092bc8c7325,b799f49f-81b1-491b-ab99-9092bc8c7325,9,33.89192,35.49189,2023-09-26 10:08:56,0
27,b799f49f-81b1-491b-ab99-9092bc8c7325,b799f49f-81b1-491b-ab99-9092bc8c7325,9,33.89212,35.49193,2023-09-26 10:15:12,0
28,b799f49f-81b1-491b-ab99-9092bc8c7325,b799f49f-81b1-491b-ab99-9092bc8c7325,9,33.89208,35.49195,2023-09-26 10:21:56,0
29,b799f49f-81b1-491b-ab99-9092bc8c7325,b799f49f-81b1-491b-ab99-9092bc8c7325,9,33.89209,35.49188,2023-09-26 10:27:56,0
30,b799f49f-81b1-491b-ab99-9092bc8c7325,b799f49f-81b1-491b-ab99-9092bc8c7325,9,33.89199,35.49189,2023-09-26 10:35:10,0
45,b799f49f-81b1-491b-ab99-9092bc8c7325,b799f49f-81b1-491b-ab99-9092bc8c7325,9,33.89195,35.49192,2023-09-26 12:04:26,0
46,b799f49f-81b1-491b-ab99-9092bc8c7325,b799f49f-81b1-491b-ab99-9092bc8c7325,9,33.89185,35.49204,2023-09-26 12:10:27,0
47,b799f49f-81b1-491b-ab99-9092bc8c7325,b799f49f-81b1-491b-ab99-9092bc8c7325,9,33.89229,35.49209,2023-09-26 12:17:09,0
48,b799f49f-81b1-491b-ab99-9092bc8c7325,b799f49f-81b1-491b-ab99-9092bc8c7325,9,33.89209,35.49191,2023-09-26 12:18:03,0
50,b799f49f-81b1-491b-ab99-9092bc8c7325,b799f49f-81b1-491b-ab99-9092bc8c7325,9,33.89201,35.492,2023-09-26 12:37:14,0
51,b799f49f-81b1-491b-ab99-9092bc8c7325,b799f49f-81b1-491b-ab99-9092bc8c7325,9,33.89188,35.49204,2023-09-26 12:42:30,0
52,b799f49f-81b1-491b-ab99-9092bc8c7325,b799f49f-81b1-491b-ab99-9092bc8c7325,9,33.89189,35.49197,2023-09-26 12:47:17,0
53,b799f49f-81b1-491b-ab99-9092bc8c7325,b799f49f-81b1-491b-ab99-9092bc8c7325,9,33.89193,35.49196,2023-09-26 12:59:05,0
54,b799f49f-81b1-491b-ab99-9092bc8c7325,b799f49f-81b1-491b-ab99-9092bc8c7325,9,33.89189,35.492,2023-09-26 13:03:18,0
55,b799f49f-81b1-491b-ab99-9092bc8c7325,b799f49f-81b1-491b-ab99-9092bc8c7325,9,33.89192,35.492,2023-09-26 13:15:40,0
56,b799f49f-81b1-491b-ab99-9092bc8c7325,b799f49f-81b1-491b-ab99-9092bc8c7325,9,33.89207,35.49193,2023-09-26 13:22:20,0
57,b799f49f-81b1-491b-ab99-9092bc8c7325,b799f49f-81b1-491b-ab99-9092bc8c7325,9,33.89212,35.49193,2023-09-26 13:28:29,0
58,b799f49f-81b1-491b-ab99-9092bc8c7325,b799f49f-81b1-491b-ab99-9092bc8c7325,9,33.89205,35.49193,2023-09-26 13:38:44,0
59,b799f49f-81b1-491b-ab99-9092bc8c7325,b799f49f-81b1-491b-ab99-9092bc8c7325,9,33.89206,35.49189,2023-09-26 13:39:50,0
60,b799f49f-81b1-491b-ab99-9092bc8c7325,b799f49f-81b1-491b-ab99-9092bc8c7325,9,33.89205,35.49191,2023-09-26 13:48:02,0
61,b799f49f-81b1-491b-ab99-9092bc8c7325,b799f49f-81b1-491b-ab99-9092bc8c7325,9,33.89218,35.49216,2023-09-26 13:54:34,0
62,b799f49f-81b1-491b-ab99-9092bc8c7325,b799f49f-81b1-491b-ab99-9092bc8c7325,9,33.89209,35.49217,2023-09-26 14:01:46,0
63,b799f49f-81b1-491b-ab99-9092bc8c7325,b799f49f-81b1-491b-ab99-9092bc8c7325,9,33.89218,35.49221,2023-09-26 14:13:27,0
64,b799f49f-81b1-491b-ab99-9092bc8c7325,b799f49f-81b1-491b-ab99-9092bc8c7325,9,33.89215,35.49216,2023-09-26 14:19:19,0
65,b799f49f-81b1-491b-ab99-9092bc8c7325,b799f49f-81b1-491b-ab99-9092bc8c7325,9,33.89201,35.492,2023-09-26 14:34:34,0
66,b799f49f-81b1-491b-ab99-9092bc8c7325,b799f49f-81b1-491b-ab99-9092bc8c7325,9,33.89206,35.49184,2023-09-26 14:48:19,0
67,b799f49f-81b1-491b-ab99-9092bc8c7325,b799f49f-81b1-491b-ab99-9092bc8c7325,9,33.89212,35.49222,2023-09-26 14:56:08,0
68,b799f49f-81b1-491b-ab99-9092bc8c7325,b799f49f-81b1-491b-ab99-9092bc8c7325,9,33.89211,35.49218,2023-09-26 14:56:28,0
69,b799f49f-81b1-491b-ab99-9092bc8c7325,b799f49f-81b1-491b-ab99-9092bc8c7325,9,33.89209,35.49216,2023-09-26 15:02:42,0
70,b799f49f-81b1-491b-ab99-9092bc8c7325,b799f49f-81b1-491b-ab99-9092bc8c7325,9,33.89209,35.49222,2023-09-26 15:10:34,0
71,b799f49f-81b1-491b-ab99-9092bc8c7325,b799f49f-81b1-491b-ab99-9092bc8c7325,9,33.89213,35.49217,2023-09-26 15:16:55,0
72,b799f49f-81b1-491b-ab99-9092bc8c7325,b799f49f-81b1-491b-ab99-9092bc8c7325,9,33.89217,35.49214,2023-09-26 15:22:40,0
73,b799f49f-81b1-491b-ab99-9092bc8c7325,b799f49f-81b1-491b-ab99-9092bc8c7325,9,33.89182,35.49196,2023-09-26 15:29:12,0
74,b799f49f-81b1-491b-ab99-9092bc8c7325,b799f49f-81b1-491b-ab99-9092bc8c7325,9,33.89186,35.49198,2023-09-26 15:34:28,0
76,b799f49f-81b1-491b-ab99-9092bc8c7325,b799f49f-81b1-491b-ab99-9092bc8c7325,9,33.89196,35.49202,2023-09-26 15:59:03,0
77,b799f49f-81b1-491b-ab99-9092bc8c7325,b799f49f-81b1-491b-ab99-9092bc8c7325,9,33.89195,35.49196,2023-09-26 16:09:21,0
78,b799f49f-81b1-491b-ab99-9092bc8c7325,b799f49f-81b1-491b-ab99-9092bc8c7325,9,33.89195,35.49197,2023-09-26 16:14:24,0
79,b799f49f-81b1-491b-ab99-9092bc8c7325,b799f49f-81b1-491b-ab99-9092bc8c7325,9,33.89198,35.49204,2023-09-26 16:14:44,0
80,b799f49f-81b1-491b-ab99-9092bc8c7325,b799f49f-81b1-491b-ab99-9092bc8c7325,9,33.89199,35.49205,2023-09-26 16:20:37,0
81,b799f49f-81b1-491b-ab99-9092bc8c7325,b799f49f-81b1-491b-ab99-9092bc8c7325,9,33.89209,35.49198,2023-09-26 16:26:02,0
82,b799f49f-81b1-491b-ab99-9092bc8c7325,b799f49f-81b1-491b-ab99-9092bc8c7325,9,33.892,35.49204,2023-09-26 16:33:14,0
83,b799f49f-81b1-491b-ab99-9092bc8c7325,b799f49f-81b1-491b-ab99-9092bc8c7325,9,33.89202,35.49201,2023-09-26 16:41:05,0
84,b799f49f-81b1-491b-ab99-9092bc8c7325,b799f49f-81b1-491b-ab99-9092bc8c7325,9,33.89207,35.49195,2023-09-26 16:49:24,0
85,b799f49f-81b1-491b-ab99-9092bc8c7325,b799f49f-81b1-491b-ab99-9092bc8c7325,9,33.89201,35.49208,2023-09-26 16:58:48,0
86,b799f49f-81b1-491b-ab99-9092bc8c7325,b799f49f-81b1-491b-ab99-9092bc8c7325,9,33.89199,35.49207,2023-09-26 17:05:56,0
87,b799f49f-81b1-491b-ab99-9092bc8c7325,b799f49f-81b1-491b-ab99-9092bc8c7325,9,33.89197,35.4921,2023-09-26 17:11:26,0
88,b799f49f-81b1-491b-ab99-9092bc8c7325,b799f49f-81b1-491b-ab99-9092bc8c7325,9,33.89197,35.49205,2023-09-26 17:18:39,0
89,b799f49f-81b1-491b-ab99-9092bc8c7325,b799f49f-81b1-491b-ab99-9092bc8c7325,9,33.89188,35.49211,2023-09-26 17:28:21,0
90,b799f49f-81b1-491b-ab99-9092bc8c7325,b799f49f-81b1-491b-ab99-9092bc8c7325,9,33.89191,35.49207,2023-09-26 17:37:23,0
91,b799f49f-81b1-491b-ab99-9092bc8c7325,b799f49f-81b1-491b-ab99-9092bc8c7325,9,33.8919,35.49204,2023-09-26 17:44:23,0
92,b799f49f-81b1-491b-ab99-9092bc8c7325,b799f49f-81b1-491b-ab99-9092bc8c7325,9,33.89215,35.49205,2023-09-26 17:53:37,0
93,b799f49f-81b1-491b-ab99-9092bc8c7325,b799f49f-81b1-491b-ab99-9092bc8c7325,9,33.8921,35.49205,2023-09-26 18:03:29,0
94,b799f49f-81b1-491b-ab99-9092bc8c7325,b799f49f-81b1-491b-ab99-9092bc8c7325,9,33.8921,35.49203,2023-09-26 18:10:42,0
95,b799f49f-81b1-491b-ab99-9092bc8c7325,b799f49f-81b1-491b-ab99-9092bc8c7325,9,33.89208,35.49201,2023-09-26 18:16:18,0
96,b799f49f-81b1-491b-ab99-9092bc8c7325,b799f49f-81b1-491b-ab99-9092bc8c7325,9,33.89213,35.49197,2023-09-26 18:22:34,0
97,b799f49f-81b1-491b-ab99-9092bc8c7325,b799f49f-81b1-491b-ab99-9092bc8c7325,9,33.89181,35.49194,2023-09-26 18:30:27,0
99,b799f49f-81b1-491b-ab99-9092bc8c7325,b799f49f-81b1-491b-ab99-9092bc8c7325,9,33.89184,35.49197,2023-09-26 18:41:24,0
100,b799f49f-81b1-491b-ab99-9092bc8c7325,b799f49f-81b1-491b-ab99-9092bc8c7325,9,33.89184,35.49201,2023-09-26 18:46:45,0
101,b799f49f-81b1-491b-ab99-9092bc8c7325,b799f49f-81b1-491b-ab99-9092bc8c7325,9,33.89183,35.49196,2023-09-26 18:53:12,0
102,b799f49f-81b1-491b-ab99-9092bc8c7325,b799f49f-81b1-491b-ab99-9092bc8c7325,9,33.8918,35.49202,2023-09-26 18:59:03,0
103,b799f49f-81b1-491b-ab99-9092bc8c7325,b799f49f-81b1-491b-ab99-9092bc8c7325,9,33.89185,35.49197,2023-09-26 19:04:58,0
104,b799f49f-81b1-491b-ab99-9092bc8c7325,b799f49f-81b1-491b-ab99-9092bc8c7325,9,33.89178,35.49197,2023-09-26 19:05:36,0
105,b799f49f-81b1-491b-ab99-9092bc8c7325,b799f49f-81b1-491b-ab99-9092bc8c7325,9,33.89182,35.492,2023-09-26 19:14:06,0
106,b799f49f-81b1-491b-ab99-9092bc8c7325,b799f49f-81b1-491b-ab99-9092bc8c7325,9,33.89185,35.49199,2023-09-26 19:19:14,0
107,b799f49f-81b1-491b-ab99-9092bc8c7325,b799f49f-81b1-491b-ab99-9092bc8c7325,9,33.89189,35.49201,2023-09-26 19:26:21,0
108,b799f49f-81b1-491b-ab99-9092bc8c7325,b799f49f-81b1-491b-ab99-9092bc8c7325,9,33.8921,35.49197,2023-09-26 19:34:39,0
109,b799f49f-81b1-491b-ab99-9092bc8c7325,b799f49f-81b1-491b-ab99-9092bc8c7325,9,33.89184,35.49202,2023-09-26 19:41:37,0
110,b799f49f-81b1-491b-ab99-9092bc8c7325,b799f49f-81b1-491b-ab99-9092bc8c7325,9,33.89182,35.49202,2023-09-26 19:49:00,0
111,b799f49f-81b1-491b-ab99-9092bc8c7325,b799f49f-81b1-491b-ab99-9092bc8c7325,9,33.89186,35.49208,2023-09-26 19:58:48,0
112,b799f49f-81b1-491b-ab99-9092bc8c7325,b799f49f-81b1-491b-ab99-9092bc8c7325,9,33.89195,35.49208,2023-09-26 20:04:13,0
113,b799f49f-81b1-491b-ab99-9092bc8c7325,b799f49f-81b1-491b-ab99-9092bc8c7325,9,33.89194,35.49213,2023-09-26 20:11:14,0
114,b799f49f-81b1-491b-ab99-9092bc8c7325,b799f49f-81b1-491b-ab99-9092bc8c7325,9,33.89193,35.49208,2023-09-26 20:19:03,0
115,b799f49f-81b1-491b-ab99-9092bc8c7325,b799f49f-81b1-491b-ab99-9092bc8c7325,9,33.89215,35.49209,2023-09-26 20:33:32,0
116,b799f49f-81b1-491b-ab99-9092bc8c7325,b799f49f-81b1-491b-ab99-9092bc8c7325,9,33.89211,35.49209,2023-09-26 20:39:14,0
117,b799f49f-81b1-491b-ab99-9092bc8c7325,b799f49f-81b1-491b-ab99-9092bc8c7325,9,33.8922,35.49204,2023-09-26 21:01:57,0
118,b799f49f-81b1-491b-ab99-9092bc8c7325,b799f49f-81b1-491b-ab99-9092bc8c7325,9,33.89213,35.49203,2023-09-26 21:07:54,0
119,b799f49f-81b1-491b-ab99-9092bc8c7325,b799f49f-81b1-491b-ab99-9092bc8c7325,9,33.89215,35.49204,2023-09-26 21:13:45,0
120,b799f49f-81b1-491b-ab99-9092bc8c7325,b799f49f-81b1-491b-ab99-9092bc8c7325,9,33.89212,35.49211,2023-09-26 21:19:45,0
121,b799f49f-81b1-491b-ab99-9092bc8c7325,b799f49f-81b1-491b-ab99-9092bc8c7325,9,33.89216,35.49206,2023-09-26 21:28:58,0
122,b799f49f-81b1-491b-ab99-9092bc8c7325,b799f49f-81b1-491b-ab99-9092bc8c7325,9,33.89211,35.49203,2023-09-26 21:41:52,0
123,b799f49f-81b1-491b-ab99-9092bc8c7325,b799f49f-81b1-491b-ab99-9092bc8c7325,9,33.89206,35.49201,2023-09-26 21:48:48,0
124,b799f49f-81b1-491b-ab99-9092bc8c7325,b799f49f-81b1-491b-ab99-9092bc8c7325,9,33.89207,35.49203,2023-09-26 21:56:50,0
125,b799f49f-81b1-491b-ab99-9092bc8c7325,b799f49f-81b1-491b-ab99-9092bc8c7325,9,33.8921,35.49203,2023-09-26 22:03:39,0
126,b799f49f-81b1-491b-ab99-9092bc8c7325,b799f49f-81b1-491b-ab99-9092bc8c7325,9,33.89205,35.49195,2023-09-26 22:10:13,0
127,b799f49f-81b1-491b-ab99-9092bc8c7325,b799f49f-81b1-491b-ab99-9092bc8c7325,9,33.89212,35.49197,2023-09-26 22:19:55,0
128,b799f49f-81b1-491b-ab99-9092bc8c7325,b799f49f-81b1-491b-ab99-9092bc8c7325,9,33.89231,35.49209,2023-09-26 23:11:11,0
129,b799f49f-81b1-491b-ab99-9092bc8c7325,b799f49f-81b1-491b-ab99-9092bc8c7325,8,33.8921129,35.492017,2023-10-12 01:11:34,0
130,b799f49f-81b1-491b-ab99-9092bc8c7325,b799f49f-81b1-491b-ab99-9092bc8c7325,8,33.8921169,35.4920469,2023-10-12 02:27:41,0
131,b799f49f-81b1-491b-ab99-9092bc8c7325,b799f49f-81b1-491b-ab99-9092bc8c7325,8,33.8921921,35.4920978,2023-10-12 03:22:24,0
132,b799f49f-81b1-491b-ab99-9092bc8c7325,b799f49f-81b1-491b-ab99-9092bc8c7325,8,33.8921921,35.4920978,2023-10-12 03:30:25,0
133,b799f49f-81b1-491b-ab99-9092bc8c7325,b799f49f-81b1-491b-ab99-9092bc8c7325,8,33.8921997,35.4921071,2023-10-12 03:38:21,0
134,b799f49f-81b1-491b-ab99-9092bc8c7325,b799f49f-81b1-491b-ab99-9092bc8c7325,8,33.8921997,35.4921071,2023-10-12 03:44:13,0
135,b799f49f-81b1-491b-ab99-9092bc8c7325,b799f49f-81b1-491b-ab99-9092bc8c7325,8,33.8921997,35.4921071,2023-10-12 03:46:23,0
136,b799f49f-81b1-491b-ab99-9092bc8c7325,b799f49f-81b1-491b-ab99-9092bc8c7325,8,33.8921997,35.4921071,2023-10-12 03:52:33,0
137,b799f49f-81b1-491b-ab99-9092bc8c7325,b799f49f-81b1-491b-ab99-9092bc8c7325,8,33.8921997,35.4921071,2023-10-12 03:58:56,0
138,b799f49f-81b1-491b-ab99-9092bc8c7325,b799f49f-81b1-491b-ab99-9092bc8c7325,8,33.8921192,35.4920916,2023-10-12 04:04:04,0
139,b799f49f-81b1-491b-ab99-9092bc8c7325,b799f49f-81b1-491b-ab99-9092bc8c7325,8,33.8921164,35.492095,2023-10-12 04:08:39,0
140,b799f49f-81b1-491b-ab99-9092bc8c7325,b799f49f-81b1-491b-ab99-9092bc8c7325,8,33.892194,35.4920945,2023-10-12 04:30:57,0
141,b799f49f-81b1-491b-ab99-9092bc8c7325,b799f49f-81b1-491b-ab99-9092bc8c7325,8,33.8920665,35.4920758,2023-10-12 04:38:56,0
142,b799f49f-81b1-491b-ab99-9092bc8c7325,b799f49f-81b1-491b-ab99-9092bc8c7325,8,33.8920444,35.4920298,2023-10-12 04:46:19,0
143,b799f49f-81b1-491b-ab99-9092bc8c7325,b799f49f-81b1-491b-ab99-9092bc8c7325,8,33.8920444,35.4920298,2023-10-12 04:58:19,0
144,b799f49f-81b1-491b-ab99-9092bc8c7325,b799f49f-81b1-491b-ab99-9092bc8c7325,8,33.8920406,35.4918921,2023-10-12 05:08:56,0
145,b799f49f-81b1-491b-ab99-9092bc8c7325,b799f49f-81b1-491b-ab99-9092bc8c7325,8,33.8920406,35.4918921,2023-10-12 05:14:27,0
146,b799f49f-81b1-491b-ab99-9092bc8c7325,b799f49f-81b1-491b-ab99-9092bc8c7325,8,33.8920406,35.4918921,2023-10-12 05:21:23,0
147,b799f49f-81b1-491b-ab99-9092bc8c7325,b799f49f-81b1-491b-ab99-9092bc8c7325,8,33.8920406,35.4918921,2023-10-12 05:28:55,0
148,b799f49f-81b1-491b-ab99-9092bc8c7325,b799f49f-81b1-491b-ab99-9092bc8c7325,8,33.8919577,35.4919549,2023-10-12 05:34:29,0
149,b799f49f-81b1-491b-ab99-9092bc8c7325,b799f49f-81b1-491b-ab99-9092bc8c7325,8,33.8921994,35.4920984,2023-10-12 06:00:12,0
150,b799f49f-81b1-491b-ab99-9092bc8c7325,b799f49f-81b1-491b-ab99-9092bc8c7325,8,33.8922864,35.4921244,2023-10-12 06:24:14,0
151,b799f49f-81b1-491b-ab99-9092bc8c7325,b799f49f-81b1-491b-ab99-9092bc8c7325,8,33.8922864,35.4921244,2023-10-12 06:30:57,0
152,b799f49f-81b1-491b-ab99-9092bc8c7325,b799f49f-81b1-491b-ab99-9092bc8c7325,8,33.8921962,35.4921274,2023-10-12 06:41:21,0
153,b799f49f-81b1-491b-ab99-9092bc8c7325,b799f49f-81b1-491b-ab99-9092bc8c7325,8,33.8921962,35.4921274,2023-10-12 06:47:35,0
154,b799f49f-81b1-491b-ab99-9092bc8c7325,b799f49f-81b1-491b-ab99-9092bc8c7325,8,33.8921962,35.4921274,2023-10-12 06:52:57,0
155,b799f49f-81b1-491b-ab99-9092bc8c7325,b799f49f-81b1-491b-ab99-9092bc8c7325,8,33.8921962,35.4921274,2023-10-12 06:58:15,0
156,b799f49f-81b1-491b-ab99-9092bc8c7325,b799f49f-81b1-491b-ab99-9092bc8c7325,8,33.8922615,35.4922869,2023-10-12 07:16:20,1
157,b799f49f-81b1-491b-ab99-9092bc8c7325,b799f49f-81b1-491b-ab99-9092bc8c7325,8,33.8922615,35.4922869,2023-10-12 07:23:51,1
158,b799f49f-81b1-491b-ab99-9092bc8c7325,b799f49f-81b1-491b-ab99-9092bc8c7325,8,33.8922615,35.4922869,2023-10-12 07:29:36,1
159,b799f49f-81b1-491b-ab99-9092bc8c7325,b799f49f-81b1-491b-ab99-9092bc8c7325,8,33.8922615,35.4922869,2023-10-12 07:36:05,1
160,b799f49f-81b1-491b-ab99-9092bc8c7325,b799f49f-81b1-491b-ab99-9092bc8c7325,8,33.8922615,35.4922869,2023-10-12 07:41:23,1
161,b799f49f-81b1-491b-ab99-9092bc8c7325,b799f49f-81b1-491b-ab99-9092bc8c7325,8,33.8922615,35.4922869,2023-10-12 07:52:26,1
162,b799f49f-81b1-491b-ab99-9092bc8c7325,b799f49f-81b1-491b-ab99-9092bc8c7325,8,33.8922615,35.4922869,2023-10-12 07:58:44,1
163,b799f49f-81b1-491b-ab99-9092bc8c7325,b799f49f-81b1-491b-ab99-9092bc8c7325,8,33.8921169,35.4921507,2023-10-12 08:07:03,0
164,b799f49f-81b1-491b-ab99-9092bc8c7325,b799f49f-81b1-491b-ab99-9092bc8c7325,8,33.8921169,35.4921507,2023-10-12 08:14:36,0
165,b799f49f-81b1-491b-ab99-9092bc8c7325,b799f49f-81b1-491b-ab99-9092bc8c7325,8,33.8921169,35.4921507,2023-10-12 08:21:01,0
166,b799f49f-81b1-491b-ab99-9092bc8c7325,b799f49f-81b1-491b-ab99-9092bc8c7325,8,33.8921169,35.4921507,2023-10-12 08:26:51,0
167,b799f49f-81b1-491b-ab99-9092bc8c7325,b799f49f-81b1-491b-ab99-9092bc8c7325,8,33.8921294,35.4920928,2023-10-12 08:40:31,0
168,b799f49f-81b1-491b-ab99-9092bc8c7325,b799f49f-81b1-491b-ab99-9092bc8c7325,8,33.8919718,35.4919061,2023-10-12 08:52:22,0
169,b799f49f-81b1-491b-ab99-9092bc8c7325,b799f49f-81b1-491b-ab99-9092bc8c7325,8,33.8921267,35.4920119,2023-10-12 08:53:40,0
170,b799f49f-81b1-491b-ab99-9092bc8c7325,b799f49f-81b1-491b-ab99-9092bc8c7325,8,33.8922626,35.4921208,2023-10-12 09:13:47,0
171,b799f49f-81b1-491b-ab99-9092bc8c7325,b799f49f-81b1-491b-ab99-9092bc8c7325,8,33.8921911,35.4921686,2023-10-12 09:25:17,0
172,b799f49f-81b1-491b-ab99-9092bc8c7325,b799f49f-81b1-491b-ab99-9092bc8c7325,8,33.8921911,35.4921686,2023-10-12 09:32:31,0
173,b799f49f-81b1-491b-ab99-9092bc8c7325,b799f49f-81b1-491b-ab99-9092bc8c7325,8,33.8921911,35.4921686,2023-10-12 09:38:51,0
174,b799f49f-81b1-491b-ab99-9092bc8c7325,b799f49f-81b1-491b-ab99-9092bc8c7325,8,33.8921911,35.4921686,2023-10-12 09:43:46,0
175,b799f49f-81b1-491b-ab99-9092bc8c7325,b799f49f-81b1-491b-ab99-9092bc8c7325,8,33.8921911,35.4921686,2023-10-12 09:50:41,0
178,b799f49f-81b1-491b-ab99-9092bc8c7325,b799f49f-81b1-491b-ab99-9092bc8c7325,8,33.8884865,35.4884776,2023-10-12 10:10:31,2
179,b799f49f-81b1-491b-ab99-9092bc8c7325,b799f49f-81b1-491b-ab99-9092bc8c7325,8,33.8884865,35.4884776,2023-10-12 10:10:35,2
180,b799f49f-81b1-491b-ab99-9092bc8c7325,b799f49f-81b1-491b-ab99-9092bc8c7325,8,33.8886164,35.4886612,2023-10-12 10:16:01,3
182,b799f49f-81b1-491b-ab99-9092bc8c7325,b799f49f-81b1-491b-ab99-9092bc8c7325,8,33.8886416,35.4886817,2023-10-12 10:28:48,3
183,b799f49f-81b1-491b-ab99-9092bc8c7325,b799f49f-81b1-491b-ab99-9092bc8c7325,8,33.8884786,35.4884725,2023-10-12 10:35:37,2
185,b799f49f-81b1-491b-ab99-9092bc8c7325,b799f49f-81b1-491b-ab99-9092bc8c7325,8,33.888668,35.4887204,2023-10-12 10:45:52,3
186,b799f49f-81b1-491b-ab99-9092bc8c7325,b799f49f-81b1-491b-ab99-9092bc8c7325,8,33.8884816,35.4884768,2023-10-12 10:52:19,2
205,b799f49f-81b1-491b-ab99-9092bc8c7325,b799f49f-81b1-491b-ab99-9092bc8c7325,8,33.8920526,35.491906,2023-10-12 13:20:56,0
206,b799f49f-81b1-491b-ab99-9092bc8c7325,b799f49f-81b1-491b-ab99-9092bc8c7325,8,33.8920526,35.491906,2023-10-12 13:33:02,0
207,b799f49f-81b1-491b-ab99-9092bc8c7325,b799f49f-81b1-491b-ab99-9092bc8c7325,8,33.8920526,35.491906,2023-10-12 13:39:14,0
208,b799f49f-81b1-491b-ab99-9092bc8c7325,b799f49f-81b1-491b-ab99-9092bc8c7325,8,33.8921276,35.4920664,2023-10-12 13:46:22,0
209,b799f49f-81b1-491b-ab99-9092bc8c7325,b799f49f-81b1-491b-ab99-9092bc8c7325,8,33.8921276,35.4920664,2023-10-12 13:53:51,0
210,b799f49f-81b1-491b-ab99-9092bc8c7325,b799f49f-81b1-491b-ab99-9092bc8c7325,8,33.8921276,35.4920664,2023-10-12 13:58:29,0
223,b799f49f-81b1-491b-ab99-9092bc8c7325,b799f49f-81b1-491b-ab99-9092bc8c7325,8,33.8886551,35.488714,2023-10-12 15:24:16,3
225,b799f49f-81b1-491b-ab99-9092bc8c7325,b799f49f-81b1-491b-ab99-9092bc8c7325,8,33.8885099,35.4884616,2023-10-12 15:38:57,2
230,b799f49f-81b1-491b-ab99-9092bc8c7325,b799f49f-81b1-491b-ab99-9092bc8c7325,8,33.892197,35.492096,2023-10-12 16:09:32,0
231,b799f49f-81b1-491b-ab99-9092bc8c7325,b799f49f-81b1-491b-ab99-9092bc8c7325,8,33.892146,35.4920449,2023-10-12 16:15:17,0
232,b799f49f-81b1-491b-ab99-9092bc8c7325,b799f49f-81b1-491b-ab99-9092bc8c7325,8,33.892146,35.4920449,2023-10-12 16:21:38,0
233,b799f49f-81b1-491b-ab99-9092bc8c7325,b799f49f-81b1-491b-ab99-9092bc8c7325,8,33.892146,35.4920449,2023-10-12 16:34:39,0
234,b799f49f-81b1-491b-ab99-9092bc8c7325,b799f49f-81b1-491b-ab99-9092bc8c7325,8,33.892146,35.4920449,2023-10-12 16:41:25,0
235,b799f49f-81b1-491b-ab99-9092bc8c7325,b799f49f-81b1-491b-ab99-9092bc8c7325,8,33.8921114,35.4920262,2023-10-12 16:48:08,0
236,b799f49f-81b1-491b-ab99-9092bc8c7325,b799f49f-81b1-491b-ab99-9092bc8c7325,8,33.8921114,35.4920262,2023-10-12 16:56:00,0
237,b799f49f-81b1-491b-ab99-9092bc8c7325,b799f49f-81b1-491b-ab99-9092bc8c7325,8,33.8921114,35.4920262,2023-10-12 16:56:15,0
238,b799f49f-81b1-491b-ab99-9092bc8c7325,b799f49f-81b1-491b-ab99-9092bc8c7325,8,33.8921114,35.4920262,2023-10-12 17:03:02,0
239,b799f49f-81b1-491b-ab99-9092bc8c7325,b799f49f-81b1-491b-ab99-9092bc8c7325,8,33.8921114,35.4920262,2023-10-12 17:10:21,0
240,b799f49f-81b1-491b-ab99-9092bc8c7325,b799f49f-81b1-491b-ab99-9092bc8c7325,8,33.8921114,35.4920262,2023-10-12 17:16:26,0
241,b799f49f-81b1-491b-ab99-9092bc8c7325,b799f49f-81b1-491b-ab99-9092bc8c7325,8,33.8921411,35.4920442,2023-10-12 17:22:37,0
242,b799f49f-81b1-491b-ab99-9092bc8c7325,b799f49f-81b1-491b-ab99-9092bc8c7325,8,33.8921411,35.4920442,2023-10-12 17:28:22,0
243,b799f49f-81b1-491b-ab99-9092bc8c7325,b799f49f-81b1-491b-ab99-9092bc8c7325,8,33.8922009,35.4920977,2023-10-12 18:00:21,0
244,b799f49f-81b1-491b-ab99-9092bc8c7325,b799f49f-81b1-491b-ab99-9092bc8c7325,8,33.8922009,35.4920977,2023-10-12 18:11:29,0
245,b799f49f-81b1-491b-ab99-9092bc8c7325,b799f49f-81b1-491b-ab99-9092bc8c7325,8,33.8922009,35.4920977,2023-10-12 18:23:51,0
246,b799f49f-81b1-491b-ab99-9092bc8c7325,b799f49f-81b1-491b-ab99-9092bc8c7325,8,33.8922009,35.4920977,2023-10-12 18:30:02,0
247,b799f49f-81b1-491b-ab99-9092bc8c7325,b799f49f-81b1-491b-ab99-9092bc8c7325,8,33.8921929,35.4920966,2023-10-12 18:38:54,0
248,b799f49f-81b1-491b-ab99-9092bc8c7325,b799f49f-81b1-491b-ab99-9092bc8c7325,8,33.8921929,35.4920966,2023-10-12 18:44:51,0
249,b799f49f-81b1-491b-ab99-9092bc8c7325,b799f49f-81b1-491b-ab99-9092bc8c7325,8,33.8921978,35.4921078,2023-10-12 18:52:11,0
251,b799f49f-81b1-491b-ab99-9092bc8c7325,b799f49f-81b1-491b-ab99-9092bc8c7325,8,33.8920977,35.4920896,2023-10-12 19:05:31,0
252,b799f49f-81b1-491b-ab99-9092bc8c7325,b799f49f-81b1-491b-ab99-9092bc8c7325,8,33.8920977,35.4920896,2023-10-12 19:10:36,0
253,b799f49f-81b1-491b-ab99-9092bc8c7325,b799f49f-81b1-491b-ab99-9092bc8c7325,8,33.89216,35.4919192,2023-10-12 19:16:52,0
254,b799f49f-81b1-491b-ab99-9092bc8c7325,b799f49f-81b1-491b-ab99-9092bc8c7325,8,33.89216,35.4919192,2023-10-12 19:23:12,0
255,b799f49f-81b1-491b-ab99-9092bc8c7325,b799f49f-81b1-491b-ab99-9092bc8c7325,8,33.89216,35.4919192,2023-10-12 19:29:09,0
256,b799f49f-81b1-491b-ab99-9092bc8c7325,b799f49f-81b1-491b-ab99-9092bc8c7325,8,33.8922566,35.4919946,2023-10-12 19:45:06,0
257,b799f49f-81b1-491b-ab99-9092bc8c7325,b799f49f-81b1-491b-ab99-9092bc8c7325,8,33.8922566,35.4919946,2023-10-12 19:46:01,0
258,b799f49f-81b1-491b-ab99-9092bc8c7325,b799f49f-81b1-491b-ab99-9092bc8c7325,8,33.8920719,35.4919625,2023-10-12 19:51:47,0
259,b799f49f-81b1-491b-ab99-9092bc8c7325,b799f49f-81b1-491b-ab99-9092bc8c7325,8,33.8920719,35.4919625,2023-10-12 19:58:47,0
260,b799f49f-81b1-491b-ab99-9092bc8c7325,b799f49f-81b1-491b-ab99-9092bc8c7325,8,33.8920719,35.4919625,2023-10-12 20:06:37,0
261,b799f49f-81b1-491b-ab99-9092bc8c7325,b799f49f-81b1-491b-ab99-9092bc8c7325,8,33.8921942,35.4920966,2023-10-12 20:28:40,0
262,b799f49f-81b1-491b-ab99-9092bc8c7325,b799f49f-81b1-491b-ab99-9092bc8c7325,8,33.8921942,35.4920966,2023-10-12 20:35:24,0
263,b799f49f-81b1-491b-ab99-9092bc8c7325,b799f49f-81b1-491b-ab99-9092bc8c7325,8,33.8921942,35.4920966,2023-10-12 20:41:24,0
264,b799f49f-81b1-491b-ab99-9092bc8c7325,b799f49f-81b1-491b-ab99-9092bc8c7325,8,33.8921942,35.4920966,2023-10-12 20:47:30,0
265,b799f49f-81b1-491b-ab99-9092bc8c7325,b799f49f-81b1-491b-ab99-9092bc8c7325,8,33.8921957,35.4920989,2023-10-12 20:56:21,0
266,b799f49f-81b1-491b-ab99-9092bc8c7325,b799f49f-81b1-491b-ab99-9092bc8c7325,8,33.8921957,35.4920989,2023-10-12 21:08:51,0
267,b799f49f-81b1-491b-ab99-9092bc8c7325,b799f49f-81b1-491b-ab99-9092bc8c7325,8,33.8921957,35.4920989,2023-10-12 21:14:21,0
268,b799f49f-81b1-491b-ab99-9092bc8c7325,b799f49f-81b1-491b-ab99-9092bc8c7325,8,33.8921916,35.492099,2023-10-13 01:30:55,0
269,b799f49f-81b1-491b-ab99-9092bc8c7325,b799f49f-81b1-491b-ab99-9092bc8c7325,8,33.8922059,35.492096,2023-10-13 03:01:04,0
270,b799f49f-81b1-491b-ab99-9092bc8c7325,b799f49f-81b1-491b-ab99-9092bc8c7325,8,33.8921968,35.4920926,2023-10-13 04:30:55,0
271,b799f49f-81b1-491b-ab99-9092bc8c7325,b799f49f-81b1-491b-ab99-9092bc8c7325,8,33.8921968,35.4920926,2023-10-13 04:30:56,0
272,b799f49f-81b1-491b-ab99-9092bc8c7325,b799f49f-81b1-491b-ab99-9092bc8c7325,8,33.8921928,35.4920965,2023-10-13 04:38:05,0
273,b799f49f-81b1-491b-ab99-9092bc8c7325,b799f49f-81b1-491b-ab99-9092bc8c7325,8,33.8921916,35.4920988,2023-10-13 04:45:30,0
274,b799f49f-81b1-491b-ab99-9092bc8c7325,b799f49f-81b1-491b-ab99-9092bc8c7325,8,33.8921992,35.4920957,2023-10-13 04:53:02,0
275,b799f49f-81b1-491b-ab99-9092bc8c7325,b799f49f-81b1-491b-ab99-9092bc8c7325,8,33.8921992,35.4920957,2023-10-13 04:59:37,0
276,b799f49f-81b1-491b-ab99-9092bc8c7325,b799f49f-81b1-491b-ab99-9092bc8c7325,8,33.8921992,35.4920957,2023-10-13 05:06:12,0
277,b799f49f-81b1-491b-ab99-9092bc8c7325,b799f49f-81b1-491b-ab99-9092bc8c7325,8,33.8921992,35.4920957,2023-10-13 05:13:02,0
278,b799f49f-81b1-491b-ab99-9092bc8c7325,b799f49f-81b1-491b-ab99-9092bc8c7325,8,33.8921992,35.4920957,2023-10-13 05:19:49,0
279,b799f49f-81b1-491b-ab99-9092bc8c7325,b799f49f-81b1-491b-ab99-9092bc8c7325,8,33.8922086,35.4920964,2023-10-13 05:25:31,0
280,b799f49f-81b1-491b-ab99-9092bc8c7325,b799f49f-81b1-491b-ab99-9092bc8c7325,8,33.8922076,35.4920916,2023-10-13 05:32:17,0
281,b799f49f-81b1-491b-ab99-9092bc8c7325,b799f49f-81b1-491b-ab99-9092bc8c7325,8,33.8921689,35.492002,2023-10-13 05:39:03,0
282,b799f49f-81b1-491b-ab99-9092bc8c7325,b799f49f-81b1-491b-ab99-9092bc8c7325,8,33.8921868,35.4918929,2023-10-13 05:44:38,0
283,b799f49f-81b1-491b-ab99-9092bc8c7325,b799f49f-81b1-491b-ab99-9092bc8c7325,8,33.8921086,35.4919785,2023-10-13 05:50:26,0
284,b799f49f-81b1-491b-ab99-9092bc8c7325,b799f49f-81b1-491b-ab99-9092bc8c7325,8,33.8921784,35.4919895,2023-10-13 05:50:27,0
285,b799f49f-81b1-491b-ab99-9092bc8c7325,b799f49f-81b1-491b-ab99-9092bc8c7325,8,33.8921784,35.4919895,2023-10-13 05:56:29,0
286,b799f49f-81b1-491b-ab99-9092bc8c7325,b799f49f-81b1-491b-ab99-9092bc8c7325,8,33.8921784,35.4919895,2023-10-13 06:01:41,0
287,b799f49f-81b1-491b-ab99-9092bc8c7325,b799f49f-81b1-491b-ab99-9092bc8c7325,8,33.8921784,35.4919895,2023-10-13 06:10:38,0
288,b799f49f-81b1-491b-ab99-9092bc8c7325,b799f49f-81b1-491b-ab99-9092bc8c7325,8,33.8921784,35.4919895,2023-10-13 06:16:08,0
289,b799f49f-81b1-491b-ab99-9092bc8c7325,b799f49f-81b1-491b-ab99-9092bc8c7325,8,33.892112,35.4920101,2023-10-13 06:26:26,0
290,b799f49f-81b1-491b-ab99-9092bc8c7325,b799f49f-81b1-491b-ab99-9092bc8c7325,8,33.892112,35.4920101,2023-10-13 06:32:37,0
291,b799f49f-81b1-491b-ab99-9092bc8c7325,b799f49f-81b1-491b-ab99-9092bc8c7325,8,33.892112,35.4920101,2023-10-13 06:39:12,0
292,b799f49f-81b1-491b-ab99-9092bc8c7325,b799f49f-81b1-491b-ab99-9092bc8c7325,8,33.892112,35.4920101,2023-10-13 06:44:23,0
293,b799f49f-81b1-491b-ab99-9092bc8c7325,b799f49f-81b1-491b-ab99-9092bc8c7325,8,33.892112,35.4920101,2023-10-13 06:50:43,0
294,b799f49f-81b1-491b-ab99-9092bc8c7325,b799f49f-81b1-491b-ab99-9092bc8c7325,8,33.8921657,35.4920757,2023-10-13 06:56:34,0
295,b799f49f-81b1-491b-ab99-9092bc8c7325,b799f49f-81b1-491b-ab99-9092bc8c7325,8,33.8921657,35.4920757,2023-10-13 07:03:05,0
296,b799f49f-81b1-491b-ab99-9092bc8c7325,b799f49f-81b1-491b-ab99-9092bc8c7325,8,33.8922564,35.4920622,2023-10-13 07:13:00,0
297,b799f49f-81b1-491b-ab99-9092bc8c7325,b799f49f-81b1-491b-ab99-9092bc8c7325,8,33.8922564,35.4920622,2023-10-13 07:13:06,0
298,b799f49f-81b1-491b-ab99-9092bc8c7325,b799f49f-81b1-491b-ab99-9092bc8c7325,8,33.8920208,35.491977,2023-10-13 07:22:19,0
299,b799f49f-81b1-491b-ab99-9092bc8c7325,b799f49f-81b1-491b-ab99-9092bc8c7325,8,33.8920208,35.491977,2023-10-13 07:26:56,0
300,b799f49f-81b1-491b-ab99-9092bc8c7325,b799f49f-81b1-491b-ab99-9092bc8c7325,8,33.8920208,35.491977,2023-10-13 07:34:22,0
301,b799f49f-81b1-491b-ab99-9092bc8c7325,b799f49f-81b1-491b-ab99-9092bc8c7325,8,33.8920208,35.491977,2023-10-13 07:45:42,0
302,b799f49f-81b1-491b-ab99-9092bc8c7325,b799f49f-81b1-491b-ab99-9092bc8c7325,8,33.8920208,35.491977,2023-10-13 07:52:23,0
303,b799f49f-81b1-491b-ab99-9092bc8c7325,b799f49f-81b1-491b-ab99-9092bc8c7325,8,33.8921996,35.492096,2023-10-13 07:59:45,0
304,b799f49f-81b1-491b-ab99-9092bc8c7325,b799f49f-81b1-491b-ab99-9092bc8c7325,8,33.8921996,35.492096,2023-10-13 08:08:49,0
305,b799f49f-81b1-491b-ab99-9092bc8c7325,b799f49f-81b1-491b-ab99-9092bc8c7325,8,33.8921996,35.492096,2023-10-13 08:15:26,0
306,b799f49f-81b1-491b-ab99-9092bc8c7325,b799f49f-81b1-491b-ab99-9092bc8c7325,8,33.8921996,35.492096,2023-10-13 08:21:26,0
307,b799f49f-81b1-491b-ab99-9092bc8c7325,b799f49f-81b1-491b-ab99-9092bc8c7325,8,33.8921186,35.4921777,2023-10-13 08:27:31,0
308,b799f49f-81b1-491b-ab99-9092bc8c7325,b799f49f-81b1-491b-ab99-9092bc8c7325,8,33.8921186,35.4921777,2023-10-13 08:33:23,0
309,b799f49f-81b1-491b-ab99-9092bc8c7325,b799f49f-81b1-491b-ab99-9092bc8c7325,8,33.8921186,35.4921777,2023-10-13 08:34:19,0
310,b799f49f-81b1-491b-ab99-9092bc8c7325,b799f49f-81b1-491b-ab99-9092bc8c7325,8,33.8921186,35.4921777,2023-10-13 08:40:25,0
311,b799f49f-81b1-491b-ab99-9092bc8c7325,b799f49f-81b1-491b-ab99-9092bc8c7325,8,33.8921186,35.4921777,2023-10-13 08:46:28,0
312,b799f49f-81b1-491b-ab99-9092bc8c7325,b799f49f-81b1-491b-ab99-9092bc8c7325,8,33.8921186,35.4921777,2023-10-13 08:54:16,0
313,b799f49f-81b1-491b-ab99-9092bc8c7325,b799f49f-81b1-491b-ab99-9092bc8c7325,8,33.8921125,35.4921574,2023-10-13 09:01:06,0
314,b799f49f-81b1-491b-ab99-9092bc8c7325,b799f49f-81b1-491b-ab99-9092bc8c7325,8,33.8921125,35.4921574,2023-10-13 09:10:38,0
315,b799f49f-81b1-491b-ab99-9092bc8c7325,b799f49f-81b1-491b-ab99-9092bc8c7325,8,33.8921125,35.4921574,2023-10-13 09:16:12,0
316,b799f49f-81b1-491b-ab99-9092bc8c7325,b799f49f-81b1-491b-ab99-9092bc8c7325,8,33.8921125,35.4921574,2023-10-13 09:21:52,0
317,b799f49f-81b1-491b-ab99-9092bc8c7325,b799f49f-81b1-491b-ab99-9092bc8c7325,8,33.8921125,35.4921574,2023-10-13 09:28:10,0
318,b799f49f-81b1-491b-ab99-9092bc8c7325,b799f49f-81b1-491b-ab99-9092bc8c7325,8,33.8921125,35.4921574,2023-10-13 09:34:12,0
319,b799f49f-81b1-491b-ab99-9092bc8c7325,b799f49f-81b1-491b-ab99-9092bc8c7325,8,33.8921125,35.4921574,2023-10-13 09:40:38,0
320,b799f49f-81b1-491b-ab99-9092bc8c7325,b799f49f-81b1-491b-ab99-9092bc8c7325,8,33.8921125,35.4921574,2023-10-13 09:45:21,0
321,b799f49f-81b1-491b-ab99-9092bc8c7325,b799f49f-81b1-491b-ab99-9092bc8c7325,8,33.8921125,35.4921574,2023-10-13 09:51:57,0
322,b799f49f-81b1-491b-ab99-9092bc8c7325,b799f49f-81b1-491b-ab99-9092bc8c7325,8,33.8921125,35.4921574,2023-10-13 09:52:25,0
323,b799f49f-81b1-491b-ab99-9092bc8c7325,b799f49f-81b1-491b-ab99-9092bc8c7325,8,33.8920988,35.4918266,2023-10-13 09:52:33,0
329,b799f49f-81b1-491b-ab99-9092bc8c7325,b799f49f-81b1-491b-ab99-9092bc8c7325,8,33.8886284,35.4887146,2023-10-13 10:35:35,3
330,b799f49f-81b1-491b-ab99-9092bc8c7325,b799f49f-81b1-491b-ab99-9092bc8c7325,8,33.8886862,35.4887214,2023-10-13 10:40:47,3
331,b799f49f-81b1-491b-ab99-9092bc8c7325,b799f49f-81b1-491b-ab99-9092bc8c7325,8,33.8884829,35.4884812,2023-10-13 10:46:33,2
332,b799f49f-81b1-491b-ab99-9092bc8c7325,b799f49f-81b1-491b-ab99-9092bc8c7325,8,33.8884878,35.4884751,2023-10-13 10:53:26,2
334,b799f49f-81b1-491b-ab99-9092bc8c7325,b799f49f-81b1-491b-ab99-9092bc8c7325,8,33.8921161,35.4920986,2023-10-13 11:04:30,0
335,b799f49f-81b1-491b-ab99-9092bc8c7325,b799f49f-81b1-491b-ab99-9092bc8c7325,8,33.892286,35.4921465,2023-10-13 11:10:55,0
336,b799f49f-81b1-491b-ab99-9092bc8c7325,b799f49f-81b1-491b-ab99-9092bc8c7325,8,33.892286,35.4921465,2023-10-13 11:17:15,0
337,b799f49f-81b1-491b-ab99-9092bc8c7325,b799f49f-81b1-491b-ab99-9092bc8c7325,8,33.892286,35.4921465,2023-10-13 11:22:40,0
338,b799f49f-81b1-491b-ab99-9092bc8c7325,b799f49f-81b1-491b-ab99-9092bc8c7325,8,33.892286,35.4921465,2023-10-13 11:22:45,0
339,b799f49f-81b1-491b-ab99-9092bc8c7325,b799f49f-81b1-491b-ab99-9092bc8c7325,8,33.8921919,35.4920915,2023-10-13 11:28:47,0
340,b799f49f-81b1-491b-ab99-9092bc8c7325,b799f49f-81b1-491b-ab99-9092bc8c7325,8,33.8921966,35.4920944,2023-10-13 11:33:33,0
341,b799f49f-81b1-491b-ab99-9092bc8c7325,b799f49f-81b1-491b-ab99-9092bc8c7325,8,33.8921966,35.4920944,2023-10-13 11:39:53,0
342,b799f49f-81b1-491b-ab99-9092bc8c7325,b799f49f-81b1-491b-ab99-9092bc8c7325,8,33.8921966,35.4920944,2023-10-13 11:45:02,0
343,b799f49f-81b1-491b-ab99-9092bc8c7325,b799f49f-81b1-491b-ab99-9092bc8c7325,8,33.8921966,35.4920944,2023-10-13 11:51:38,0
344,b799f49f-81b1-491b-ab99-9092bc8c7325,b799f49f-81b1-491b-ab99-9092bc8c7325,8,33.8921966,35.4920944,2023-10-13 11:57:22,0
345,b799f49f-81b1-491b-ab99-9092bc8c7325,b799f49f-81b1-491b-ab99-9092bc8c7325,8,33.892117,35.4920245,2023-10-13 12:01:45,0
346,b799f49f-81b1-491b-ab99-9092bc8c7325,b799f49f-81b1-491b-ab99-9092bc8c7325,8,33.8921961,35.4921881,2023-10-13 12:06:46,0
347,b799f49f-81b1-491b-ab99-9092bc8c7325,b799f49f-81b1-491b-ab99-9092bc8c7325,8,33.8922099,35.4921062,2023-10-13 12:13:17,0
348,b799f49f-81b1-491b-ab99-9092bc8c7325,b799f49f-81b1-491b-ab99-9092bc8c7325,8,33.8922099,35.4921062,2023-10-13 12:18:18,0
349,b799f49f-81b1-491b-ab99-9092bc8c7325,b799f49f-81b1-491b-ab99-9092bc8c7325,8,33.8922099,35.4921062,2023-10-13 12:24:17,0
350,b799f49f-81b1-491b-ab99-9092bc8c7325,b799f49f-81b1-491b-ab99-9092bc8c7325,8,33.8922099,35.4921062,2023-10-13 12:32:37,0
351,b799f49f-81b1-491b-ab99-9092bc8c7325,b799f49f-81b1-491b-ab99-9092bc8c7325,8,33.8922099,35.4921062,2023-10-13 12:38:25,0
352,b799f49f-81b1-491b-ab99-9092bc8c7325,b799f49f-81b1-491b-ab99-9092bc8c7325,8,33.8922099,35.4921062,2023-10-13 12:39:23,0
353,b799f49f-81b1-491b-ab99-9092bc8c7325,b799f49f-81b1-491b-ab99-9092bc8c7325,8,33.8922099,35.4921062,2023-10-13 12:45:25,0
354,b799f49f-81b1-491b-ab99-9092bc8c7325,b799f49f-81b1-491b-ab99-9092bc8c7325,8,33.8922099,35.4921062,2023-10-13 12:51:15,0
355,b799f49f-81b1-491b-ab99-9092bc8c7325,b799f49f-81b1-491b-ab99-9092bc8c7325,8,33.8922099,35.4921062,2023-10-13 12:56:55,0
356,b799f49f-81b1-491b-ab99-9092bc8c7325,b799f49f-81b1-491b-ab99-9092bc8c7325,8,33.892196,35.4920285,2023-10-13 13:03:06,0
357,b799f49f-81b1-491b-ab99-9092bc8c7325,b799f49f-81b1-491b-ab99-9092bc8c7325,8,33.892141,35.4920668,2023-10-13 13:10:32,0
358,b799f49f-81b1-491b-ab99-9092bc8c7325,b799f49f-81b1-491b-ab99-9092bc8c7325,8,33.892141,35.4920668,2023-10-13 13:16:01,0
359,b799f49f-81b1-491b-ab99-9092bc8c7325,b799f49f-81b1-491b-ab99-9092bc8c7325,8,33.892141,35.4920668,2023-10-13 13:22:57,0
360,b799f49f-81b1-491b-ab99-9092bc8c7325,b799f49f-81b1-491b-ab99-9092bc8c7325,8,33.892141,35.4920668,2023-10-13 13:29:49,0
361,b799f49f-81b1-491b-ab99-9092bc8c7325,b799f49f-81b1-491b-ab99-9092bc8c7325,8,33.892141,35.4920668,2023-10-13 13:35:59,0
362,b799f49f-81b1-491b-ab99-9092bc8c7325,b799f49f-81b1-491b-ab99-9092bc8c7325,8,33.8921945,35.4921566,2023-10-13 13:43:26,0
363,b799f49f-81b1-491b-ab99-9092bc8c7325,b799f49f-81b1-491b-ab99-9092bc8c7325,8,33.8921945,35.4921566,2023-10-13 13:50:38,0
364,b799f49f-81b1-491b-ab99-9092bc8c7325,b799f49f-81b1-491b-ab99-9092bc8c7325,8,33.8919914,35.4918995,2023-10-13 13:56:04,0
365,b799f49f-81b1-491b-ab99-9092bc8c7325,b799f49f-81b1-491b-ab99-9092bc8c7325,8,33.8922874,35.4920961,2023-10-13 14:04:34,0
366,b799f49f-81b1-491b-ab99-9092bc8c7325,b799f49f-81b1-491b-ab99-9092bc8c7325,8,33.8922,35.4920111,2023-10-13 14:11:03,0
367,b799f49f-81b1-491b-ab99-9092bc8c7325,b799f49f-81b1-491b-ab99-9092bc8c7325,8,33.892207,35.4920164,2023-10-13 14:17:44,0
368,b799f49f-81b1-491b-ab99-9092bc8c7325,b799f49f-81b1-491b-ab99-9092bc8c7325,8,33.8921916,35.4920966,2023-10-13 14:20:58,0
369,b799f49f-81b1-491b-ab99-9092bc8c7325,b799f49f-81b1-491b-ab99-9092bc8c7325,8,33.8921916,35.4920966,2023-10-13 14:27:10,0
370,b799f49f-81b1-491b-ab99-9092bc8c7325,b799f49f-81b1-491b-ab99-9092bc8c7325,8,33.8921916,35.4920966,2023-10-13 14:33:01,0
371,b799f49f-81b1-491b-ab99-9092bc8c7325,b799f49f-81b1-491b-ab99-9092bc8c7325,8,33.8921916,35.4920966,2023-10-13 14:39:26,0
372,b799f49f-81b1-491b-ab99-9092bc8c7325,b799f49f-81b1-491b-ab99-9092bc8c7325,8,33.8921916,35.4920966,2023-10-13 14:48:44,0
380,b799f49f-81b1-491b-ab99-9092bc8c7325,b799f49f-81b1-491b-ab99-9092bc8c7325,8,33.8917487,35.4816526,2023-10-13 15:36:37,4
381,b799f49f-81b1-491b-ab99-9092bc8c7325,b799f49f-81b1-491b-ab99-9092bc8c7325,8,33.891748,35.4816525,2023-10-13 15:40:34,4
382,b799f49f-81b1-491b-ab99-9092bc8c7325,b799f49f-81b1-491b-ab99-9092bc8c7325,8,33.8917488,35.4816526,2023-10-13 15:45:50,4
383,b799f49f-81b1-491b-ab99-9092bc8c7325,b799f49f-81b1-491b-ab99-9092bc8c7325,8,33.891748,35.4816526,2023-10-13 15:51:06,4
384,b799f49f-81b1-491b-ab99-9092bc8c7325,b799f49f-81b1-491b-ab99-9092bc8c7325,8,33.8917485,35.4816526,2023-10-13 15:56:06,4
385,b799f49f-81b1-491b-ab99-9092bc8c7325,b799f49f-81b1-491b-ab99-9092bc8c7325,8,33.8917485,35.4816526,2023-10-13 16:02:01,4
386,b799f49f-81b1-491b-ab99-9092bc8c7325,b799f49f-81b1-491b-ab99-9092bc8c7325,8,33.8917485,35.4816526,2023-10-13 16:09:13,4
387,b799f49f-81b1-491b-ab99-9092bc8c7325,b799f49f-81b1-491b-ab99-9092bc8c7325,8,33.8917485,35.4816526,2023-10-13 16:15:25,4
388,b799f49f-81b1-491b-ab99-9092bc8c7325,b799f49f-81b1-491b-ab99-9092bc8c7325,8,33.8917485,35.4816526,2023-10-13 16:21:15,4
392,b799f49f-81b1-491b-ab99-9092bc8c7325,b799f49f-81b1-491b-ab99-9092bc8c7325,8,33.888486,35.4884776,2023-10-13 16:43:25,2
393,b799f49f-81b1-491b-ab99-9092bc8c7325,b799f49f-81b1-491b-ab99-9092bc8c7325,8,33.8884869,35.4884781,2023-10-13 16:52:37,2
394,b799f49f-81b1-491b-ab99-9092bc8c7325,b799f49f-81b1-491b-ab99-9092bc8c7325,8,33.8884858,35.4884774,2023-10-13 16:58:42,2
395,b799f49f-81b1-491b-ab99-9092bc8c7325,b799f49f-81b1-491b-ab99-9092bc8c7325,8,33.8884858,35.4884774,2023-10-13 16:58:43,2
396,b799f49f-81b1-491b-ab99-9092bc8c7325,b799f49f-81b1-491b-ab99-9092bc8c7325,8,33.8884858,35.4884774,2023-10-13 17:05:25,2
397,b799f49f-81b1-491b-ab99-9092bc8c7325,b799f49f-81b1-491b-ab99-9092bc8c7325,8,33.8884858,35.4884774,2023-10-13 17:12:41,2
398,b799f49f-81b1-491b-ab99-9092bc8c7325,b799f49f-81b1-491b-ab99-9092bc8c7325,8,33.8884858,35.4884774,2023-10-13 17:17:57,2
400,b799f49f-81b1-491b-ab99-9092bc8c7325,b799f49f-81b1-491b-ab99-9092bc8c7325,8,33.8921691,35.4920748,2023-10-13 17:32:12,0
401,b799f49f-81b1-491b-ab99-9092bc8c7325,b799f49f-81b1-491b-ab99-9092bc8c7325,8,33.8921278,35.4920696,2023-10-13 17:39:29,0
402,b799f49f-81b1-491b-ab99-9092bc8c7325,b799f49f-81b1-491b-ab99-9092bc8c7325,8,33.8921278,35.4920696,2023-10-13 17:47:35,0
403,b799f49f-81b1-491b-ab99-9092bc8c7325,b799f49f-81b1-491b-ab99-9092bc8c7325,8,33.8921278,35.4920696,2023-10-13 17:52:37,0
404,b799f49f-81b1-491b-ab99-9092bc8c7325,b799f49f-81b1-491b-ab99-9092bc8c7325,8,33.8921278,35.4920696,2023-10-13 18:00:47,0
405,b799f49f-81b1-491b-ab99-9092bc8c7325,b799f49f-81b1-491b-ab99-9092bc8c7325,8,33.8920741,35.4919497,2023-10-13 18:07:10,0
406,b799f49f-81b1-491b-ab99-9092bc8c7325,b799f49f-81b1-491b-ab99-9092bc8c7325,8,33.8919177,35.4919406,2023-10-13 18:12:26,0
407,b799f49f-81b1-491b-ab99-9092bc8c7325,b799f49f-81b1-491b-ab99-9092bc8c7325,8,33.8919177,35.4919406,2023-10-13 18:13:20,0
408,b799f49f-81b1-491b-ab99-9092bc8c7325,b799f49f-81b1-491b-ab99-9092bc8c7325,8,33.8919177,35.4919406,2023-10-13 18:18:06,0
409,b799f49f-81b1-491b-ab99-9092bc8c7325,b799f49f-81b1-491b-ab99-9092bc8c7325,8,33.8919947,35.492007,2023-10-13 18:26:52,0
410,b799f49f-81b1-491b-ab99-9092bc8c7325,b799f49f-81b1-491b-ab99-9092bc8c7325,8,33.8919947,35.492007,2023-10-13 18:33:12,0
411,b799f49f-81b1-491b-ab99-9092bc8c7325,b799f49f-81b1-491b-ab99-9092bc8c7325,8,33.8919947,35.492007,2023-10-13 18:39:44,0
412,b799f49f-81b1-491b-ab99-9092bc8c7325,b799f49f-81b1-491b-ab99-9092bc8c7325,8,33.8919947,35.492007,2023-10-13 18:45:54,0
413,b799f49f-81b1-491b-ab99-9092bc8c7325,b799f49f-81b1-491b-ab99-9092bc8c7325,8,33.892066,35.4918967,2023-10-13 18:55:24,0
414,b799f49f-81b1-491b-ab99-9092bc8c7325,b799f49f-81b1-491b-ab99-9092bc8c7325,8,33.892066,35.4918967,2023-10-13 19:01:14,0
415,b799f49f-81b1-491b-ab99-9092bc8c7325,b799f49f-81b1-491b-ab99-9092bc8c7325,8,33.892066,35.4918967,2023-10-13 19:06:54,0
416,b799f49f-81b1-491b-ab99-9092bc8c7325,b799f49f-81b1-491b-ab99-9092bc8c7325,8,33.892066,35.4918967,2023-10-13 19:13:14,0
417,b799f49f-81b1-491b-ab99-9092bc8c7325,b799f49f-81b1-491b-ab99-9092bc8c7325,8,33.892066,35.4918967,2023-10-13 19:18:21,0
418,b799f49f-81b1-491b-ab99-9092bc8c7325,b799f49f-81b1-491b-ab99-9092bc8c7325,8,33.8920054,35.4919776,2023-10-13 19:25:25,0
419,b799f49f-81b1-491b-ab99-9092bc8c7325,b799f49f-81b1-491b-ab99-9092bc8c7325,8,33.8920054,35.4919776,2023-10-13 19:31:21,0
420,b799f49f-81b1-491b-ab99-9092bc8c7325,b799f49f-81b1-491b-ab99-9092bc8c7325,8,33.8920054,35.4919776,2023-10-13 19:31:24,0
421,b799f49f-81b1-491b-ab99-9092bc8c7325,b799f49f-81b1-491b-ab99-9092bc8c7325,8,33.8920054,35.4919776,2023-10-13 19:37:46,0
422,b799f49f-81b1-491b-ab99-9092bc8c7325,b799f49f-81b1-491b-ab99-9092bc8c7325,8,33.8920054,35.4919776,2023-10-13 19:45:23,0
423,b799f49f-81b1-491b-ab99-9092bc8c7325,b799f49f-81b1-491b-ab99-9092bc8c7325,8,33.8921542,35.4919818,2023-10-13 19:50:21,0
424,b799f49f-81b1-491b-ab99-9092bc8c7325,b799f49f-81b1-491b-ab99-9092bc8c7325,8,33.8921542,35.4919818,2023-10-13 19:58:44,0
425,b799f49f-81b1-491b-ab99-9092bc8c7325,b799f49f-81b1-491b-ab99-9092bc8c7325,8,33.8921542,35.4919818,2023-10-13 20:05:25,0
426,b799f49f-81b1-491b-ab99-9092bc8c7325,b799f49f-81b1-491b-ab99-9092bc8c7325,8,33.8921542,35.4919818,2023-10-13 20:14:50,0
427,b799f49f-81b1-491b-ab99-9092bc8c7325,b799f49f-81b1-491b-ab99-9092bc8c7325,8,33.8920667,35.4919852,2023-10-13 20:20:29,0
428,b799f49f-81b1-491b-ab99-9092bc8c7325,b799f49f-81b1-491b-ab99-9092bc8c7325,8,33.8920667,35.4919852,2023-10-13 20:27:41,0
429,b799f49f-81b1-491b-ab99-9092bc8c7325,b799f49f-81b1-491b-ab99-9092bc8c7325,8,33.8920667,35.4919852,2023-10-13 20:36:23,0
430,b799f49f-81b1-491b-ab99-9092bc8c7325,b799f49f-81b1-491b-ab99-9092bc8c7325,8,33.8920667,35.4919852,2023-10-13 20:44:37,0
431,b799f49f-81b1-491b-ab99-9092bc8c7325,b799f49f-81b1-491b-ab99-9092bc8c7325,8,33.8920667,35.4919852,2023-10-13 20:50:17,0
432,b799f49f-81b1-491b-ab99-9092bc8c7325,b799f49f-81b1-491b-ab99-9092bc8c7325,8,33.8920667,35.4919852,2023-10-13 20:50:18,0
433,b799f49f-81b1-491b-ab99-9092bc8c7325,b799f49f-81b1-491b-ab99-9092bc8c7325,8,33.8920667,35.4919852,2023-10-13 20:56:24,0
434,b799f49f-81b1-491b-ab99-9092bc8c7325,b799f49f-81b1-491b-ab99-9092bc8c7325,8,33.8920667,35.4919852,2023-10-13 21:02:34,0
435,b799f49f-81b1-491b-ab99-9092bc8c7325,b799f49f-81b1-491b-ab99-9092bc8c7325,8,33.8920667,35.4919852,2023-10-13 21:08:54,0
436,b799f49f-81b1-491b-ab99-9092bc8c7325,b799f49f-81b1-491b-ab99-9092bc8c7325,8,33.8920667,35.4919852,2023-10-13 21:14:24,0
437,b799f49f-81b1-491b-ab99-9092bc8c7325,b799f49f-81b1-491b-ab99-9092bc8c7325,8,33.8918907,35.4918421,2023-10-13 21:25:44,5
438,b799f49f-81b1-491b-ab99-9092bc8c7325,b799f49f-81b1-491b-ab99-9092bc8c7325,8,33.8918907,35.4918421,2023-10-13 21:31:24,5
439,b799f49f-81b1-491b-ab99-9092bc8c7325,b799f49f-81b1-491b-ab99-9092bc8c7325,8,33.8918907,35.4918421,2023-10-13 21:37:34,5
440,b799f49f-81b1-491b-ab99-9092bc8c7325,b799f49f-81b1-491b-ab99-9092bc8c7325,8,33.892197,35.4920916,2023-10-13 21:39:24,0
441,b799f49f-81b1-491b-ab99-9092bc8c7325,b799f49f-81b1-491b-ab99-9092bc8c7325,8,33.8918907,35.4918421,2023-10-13 21:43:54,5
442,b799f49f-81b1-491b-ab99-9092bc8c7325,b799f49f-81b1-491b-ab99-9092bc8c7325,8,33.892197,35.4920916,2023-10-13 21:46:07,0
443,b799f49f-81b1-491b-ab99-9092bc8c7325,b799f49f-81b1-491b-ab99-9092bc8c7325,8,33.8918907,35.4918421,2023-10-13 21:49:24,5
444,b799f49f-81b1-491b-ab99-9092bc8c7325,b799f49f-81b1-491b-ab99-9092bc8c7325,8,33.8921955,35.492095,2023-10-13 21:54:12,0
445,b799f49f-81b1-491b-ab99-9092bc8c7325,b799f49f-81b1-491b-ab99-9092bc8c7325,8,33.8921955,35.492095,2023-10-13 22:00:43,0
446,b799f49f-81b1-491b-ab99-9092bc8c7325,b799f49f-81b1-491b-ab99-9092bc8c7325,8,33.8921955,35.492095,2023-10-13 22:06:38,0
447,b799f49f-81b1-491b-ab99-9092bc8c7325,b799f49f-81b1-491b-ab99-9092bc8c7325,8,33.8921955,35.492095,2023-10-13 22:13:55,0
448,b799f49f-81b1-491b-ab99-9092bc8c7325,b799f49f-81b1-491b-ab99-9092bc8c7325,8,33.8921955,35.492095,2023-10-13 22:19:26,0
449,b799f49f-81b1-491b-ab99-9092bc8c7325,b799f49f-81b1-491b-ab99-9092bc8c7325,8,33.8921955,35.492095,2023-10-13 22:19:27,0
450,b799f49f-81b1-491b-ab99-9092bc8c7325,b799f49f-81b1-491b-ab99-9092bc8c7325,8,33.8921956,35.4920994,2023-10-13 22:25:18,0
451,b799f49f-81b1-491b-ab99-9092bc8c7325,b799f49f-81b1-491b-ab99-9092bc8c7325,8,33.8921956,35.4920994,2023-10-13 22:31:41,0
452,b799f49f-81b1-491b-ab99-9092bc8c7325,b799f49f-81b1-491b-ab99-9092bc8c7325,8,33.8921956,35.4920994,2023-10-13 22:39:15,0
453,b799f49f-81b1-491b-ab99-9092bc8c7325,b799f49f-81b1-491b-ab99-9092bc8c7325,8,33.8921956,35.4920994,2023-10-13 22:45:38,0
454,b799f49f-81b1-491b-ab99-9092bc8c7325,b799f49f-81b1-491b-ab99-9092bc8c7325,8,33.892192,35.4920916,2023-10-13 22:50:44,0
455,b799f49f-81b1-491b-ab99-9092bc8c7325,b799f49f-81b1-491b-ab99-9092bc8c7325,8,33.892192,35.4920916,2023-10-13 22:56:26,0
456,b799f49f-81b1-491b-ab99-9092bc8c7325,b799f49f-81b1-491b-ab99-9092bc8c7325,8,33.892192,35.4920916,2023-10-13 23:03:08,0
457,b799f49f-81b1-491b-ab99-9092bc8c7325,b799f49f-81b1-491b-ab99-9092bc8c7325,8,33.892192,35.4920916,2023-10-13 23:10:25,0
458,b799f49f-81b1-491b-ab99-9092bc8c7325,b799f49f-81b1-491b-ab99-9092bc8c7325,8,33.892192,35.4920916,2023-10-13 23:16:24,0
459,b799f49f-81b1-491b-ab99-9092bc8c7325,b799f49f-81b1-491b-ab99-9092bc8c7325,8,33.892192,35.4920916,2023-10-13 23:21:40,0
460,b799f49f-81b1-491b-ab99-9092bc8c7325,b799f49f-81b1-491b-ab99-9092bc8c7325,8,33.892192,35.4920916,2023-10-13 23:29:20,0
461,b799f49f-81b1-491b-ab99-9092bc8c7325,b799f49f-81b1-491b-ab99-9092bc8c7325,8,33.8921916,35.4920966,2023-10-13 23:36:22,0
462,b799f49f-81b1-491b-ab99-9092bc8c7325,b799f49f-81b1-491b-ab99-9092bc8c7325,8,33.8921916,35.4920966,2023-10-13 23:36:24,0
463,b799f49f-81b1-491b-ab99-9092bc8c7325,b799f49f-81b1-491b-ab99-9092bc8c7325,8,33.8921916,35.4920966,2023-10-13 23:43:50,0
464,b799f49f-81b1-491b-ab99-9092bc8c7325,b799f49f-81b1-491b-ab99-9092bc8c7325,8,33.8921954,35.4920117,2023-10-14 02:10:46,0
465,b799f49f-81b1-491b-ab99-9092bc8c7325,b799f49f-81b1-491b-ab99-9092bc8c7325,8,33.8921162,35.4920187,2023-10-14 03:29:57,0
466,b799f49f-81b1-491b-ab99-9092bc8c7325,b799f49f-81b1-491b-ab99-9092bc8c7325,8,33.8921162,35.4920187,2023-10-14 03:39:02,0
467,b799f49f-81b1-491b-ab99-9092bc8c7325,b799f49f-81b1-491b-ab99-9092bc8c7325,8,33.8921162,35.4920187,2023-10-14 03:44:55,0
468,b799f49f-81b1-491b-ab99-9092bc8c7325,b799f49f-81b1-491b-ab99-9092bc8c7325,8,33.8921904,35.4920901,2023-10-14 03:56:33,0
469,b799f49f-81b1-491b-ab99-9092bc8c7325,b799f49f-81b1-491b-ab99-9092bc8c7325,8,33.8921904,35.4920901,2023-10-14 04:01:43,0
470,b799f49f-81b1-491b-ab99-9092bc8c7325,b799f49f-81b1-491b-ab99-9092bc8c7325,8,33.8921904,35.4920901,2023-10-14 04:26:33,0
471,b799f49f-81b1-491b-ab99-9092bc8c7325,b799f49f-81b1-491b-ab99-9092bc8c7325,8,33.8922061,35.4921808,2023-10-14 04:46:55,0
472,b799f49f-81b1-491b-ab99-9092bc8c7325,b799f49f-81b1-491b-ab99-9092bc8c7325,8,33.8922061,35.4921808,2023-10-14 04:53:15,0
473,b799f49f-81b1-491b-ab99-9092bc8c7325,b799f49f-81b1-491b-ab99-9092bc8c7325,8,33.8921241,35.4920245,2023-10-14 05:06:24,0
474,b799f49f-81b1-491b-ab99-9092bc8c7325,b799f49f-81b1-491b-ab99-9092bc8c7325,8,33.8921925,35.4920946,2023-10-14 05:31:07,0
475,b799f49f-81b1-491b-ab99-9092bc8c7325,b799f49f-81b1-491b-ab99-9092bc8c7325,8,33.8921991,35.4921085,2023-10-14 05:37:27,0
476,b799f49f-81b1-491b-ab99-9092bc8c7325,b799f49f-81b1-491b-ab99-9092bc8c7325,8,33.8921219,35.4920105,2023-10-14 06:44:51,0
477,b799f49f-81b1-491b-ab99-9092bc8c7325,b799f49f-81b1-491b-ab99-9092bc8c7325,8,33.8921926,35.4920986,2023-10-14 06:45:37,0
478,b799f49f-81b1-491b-ab99-9092bc8c7325,b799f49f-81b1-491b-ab99-9092bc8c7325,8,33.8921926,35.4920986,2023-10-14 07:13:28,0
479,b799f49f-81b1-491b-ab99-9092bc8c7325,b799f49f-81b1-491b-ab99-9092bc8c7325,8,33.8921926,35.4920986,2023-10-14 07:26:09,0
480,b799f49f-81b1-491b-ab99-9092bc8c7325,b799f49f-81b1-491b-ab99-9092bc8c7325,8,33.8921926,35.4920986,2023-10-14 07:35:35,0
481,b799f49f-81b1-491b-ab99-9092bc8c7325,b799f49f-81b1-491b-ab99-9092bc8c7325,8,33.8921184,35.4920927,2023-10-14 07:58:34,0
482,b799f49f-81b1-491b-ab99-9092bc8c7325,b799f49f-81b1-491b-ab99-9092bc8c7325,8,33.8921184,35.4920927,2023-10-14 08:13:43,0
483,b799f49f-81b1-491b-ab99-9092bc8c7325,b799f49f-81b1-491b-ab99-9092bc8c7325,8,33.8921184,35.4920927,2023-10-14 08:19:27,0
484,b799f49f-81b1-491b-ab99-9092bc8c7325,b799f49f-81b1-491b-ab99-9092bc8c7325,8,33.8920526,35.4920409,2023-10-14 08:42:30,0
485,b799f49f-81b1-491b-ab99-9092bc8c7325,b799f49f-81b1-491b-ab99-9092bc8c7325,8,33.8920526,35.4920409,2023-10-14 08:49:21,0
486,b799f49f-81b1-491b-ab99-9092bc8c7325,b799f49f-81b1-491b-ab99-9092bc8c7325,8,33.8919507,35.492072,2023-10-14 09:00:30,0
487,b799f49f-81b1-491b-ab99-9092bc8c7325,b799f49f-81b1-491b-ab99-9092bc8c7325,8,33.8919507,35.492072,2023-10-14 09:07:14,0
488,b799f49f-81b1-491b-ab99-9092bc8c7325,b799f49f-81b1-491b-ab99-9092bc8c7325,8,33.8919507,35.492072,2023-10-14 09:23:51,0
489,b799f49f-81b1-491b-ab99-9092bc8c7325,b799f49f-81b1-491b-ab99-9092bc8c7325,8,33.8921677,35.4920714,2023-10-14 09:30:19,0
490,b799f49f-81b1-491b-ab99-9092bc8c7325,b799f49f-81b1-491b-ab99-9092bc8c7325,8,33.8921677,35.4920714,2023-10-14 09:48:11,0
491,b799f49f-81b1-491b-ab99-9092bc8c7325,b799f49f-81b1-491b-ab99-9092bc8c7325,8,33.8921177,35.4920464,2023-10-14 10:22:21,0
492,b799f49f-81b1-491b-ab99-9092bc8c7325,b799f49f-81b1-491b-ab99-9092bc8c7325,8,33.8921464,35.4920669,2023-10-14 10:28:34,0
493,b799f49f-81b1-491b-ab99-9092bc8c7325,b799f49f-81b1-491b-ab99-9092bc8c7325,8,33.8921528,35.4920769,2023-10-14 10:51:21,0
494,b799f49f-81b1-491b-ab99-9092bc8c7325,b799f49f-81b1-491b-ab99-9092bc8c7325,8,33.8921528,35.4920769,2023-10-14 10:51:25,0
495,b799f49f-81b1-491b-ab99-9092bc8c7325,b799f49f-81b1-491b-ab99-9092bc8c7325,8,33.8921215,35.4920421,2023-10-14 11:12:28,0
496,b799f49f-81b1-491b-ab99-9092bc8c7325,b799f49f-81b1-491b-ab99-9092bc8c7325,8,33.8921215,35.4920421,2023-10-14 11:18:12,0
497,b799f49f-81b1-491b-ab99-9092bc8c7325,b799f49f-81b1-491b-ab99-9092bc8c7325,8,33.8921215,35.4920421,2023-10-14 11:24:26,0
498,b799f49f-81b1-491b-ab99-9092bc8c7325,b799f49f-81b1-491b-ab99-9092bc8c7325,8,33.8921215,35.4920421,2023-10-14 11:36:34,0
499,b799f49f-81b1-491b-ab99-9092bc8c7325,b799f49f-81b1-491b-ab99-9092bc8c7325,8,33.8921928,35.4920124,2023-10-14 11:54:22,0
500,b799f49f-81b1-491b-ab99-9092bc8c7325,b799f49f-81b1-491b-ab99-9092bc8c7325,8,33.8921928,35.4920124,2023-10-14 11:59:48,0
501,b799f49f-81b1-491b-ab99-9092bc8c7325,b799f49f-81b1-491b-ab99-9092bc8c7325,8,33.8921202,35.4920265,2023-10-14 12:19:22,0
502,b799f49f-81b1-491b-ab99-9092bc8c7325,b799f49f-81b1-491b-ab99-9092bc8c7325,8,33.8921202,35.4920265,2023-10-14 12:31:22,0
503,b799f49f-81b1-491b-ab99-9092bc8c7325,b799f49f-81b1-491b-ab99-9092bc8c7325,8,33.8921202,35.4920265,2023-10-14 12:37:34,0
504,b799f49f-81b1-491b-ab99-9092bc8c7325,b799f49f-81b1-491b-ab99-9092bc8c7325,8,33.8921101,35.4920298,2023-10-14 12:51:56,0
506,b799f49f-81b1-491b-ab99-9092bc8c7325,b799f49f-81b1-491b-ab99-9092bc8c7325,8,33.8922012,35.4920264,2023-10-14 13:15:29,0
507,b799f49f-81b1-491b-ab99-9092bc8c7325,b799f49f-81b1-491b-ab99-9092bc8c7325,8,33.8922766,35.4920242,2023-10-14 13:34:14,0
508,b799f49f-81b1-491b-ab99-9092bc8c7325,b799f49f-81b1-491b-ab99-9092bc8c7325,8,33.8922,35.492097,2023-10-14 14:14:47,0
509,b799f49f-81b1-491b-ab99-9092bc8c7325,b799f49f-81b1-491b-ab99-9092bc8c7325,8,33.8922,35.492097,2023-10-14 14:27:17,0
510,b799f49f-81b1-491b-ab99-9092bc8c7325,b799f49f-81b1-491b-ab99-9092bc8c7325,8,33.8922,35.492097,2023-10-14 14:32:47,0
511,b799f49f-81b1-491b-ab99-9092bc8c7325,b799f49f-81b1-491b-ab99-9092bc8c7325,8,33.8921971,35.4920966,2023-10-14 22:15:21,0
512,b799f49f-81b1-491b-ab99-9092bc8c7325,b799f49f-81b1-491b-ab99-9092bc8c7325,8,33.892202,35.4920122,2023-10-14 23:17:23,0
513,b799f49f-81b1-491b-ab99-9092bc8c7325,b799f49f-81b1-491b-ab99-9092bc8c7325,9,33.8921129,35.492017,2023-10-12 01:11:34,0
514,b799f49f-81b1-491b-ab99-9092bc8c7325,b799f49f-81b1-491b-ab99-9092bc8c7325,9,33.8921169,35.4920469,2023-10-12 02:27:41,0
515,b799f49f-81b1-491b-ab99-9092bc8c7325,b799f49f-81b1-491b-ab99-9092bc8c7325,9,33.8921921,35.4920978,2023-10-12 03:22:24,0
516,b799f49f-81b1-491b-ab99-9092bc8c7325,b799f49f-81b1-491b-ab99-9092bc8c7325,9,33.8921921,35.4920978,2023-10-12 03:30:25,0
517,b799f49f-81b1-491b-ab99-9092bc8c7325,b799f49f-81b1-491b-ab99-9092bc8c7325,9,33.8921997,35.4921071,2023-10-12 03:38:21,0
518,b799f49f-81b1-491b-ab99-9092bc8c7325,b799f49f-81b1-491b-ab99-9092bc8c7325,9,33.8921997,35.4921071,2023-10-12 03:44:13,0
519,b799f49f-81b1-491b-ab99-9092bc8c7325,b799f49f-81b1-491b-ab99-9092bc8c7325,9,33.8921997,35.4921071,2023-10-12 03:46:23,0
520,b799f49f-81b1-491b-ab99-9092bc8c7325,b799f49f-81b1-491b-ab99-9092bc8c7325,9,33.8921997,35.4921071,2023-10-12 03:52:33,0
521,b799f49f-81b1-491b-ab99-9092bc8c7325,b799f49f-81b1-491b-ab99-9092bc8c7325,9,33.8921997,35.4921071,2023-10-12 03:58:56,0
522,b799f49f-81b1-491b-ab99-9092bc8c7325,b799f49f-81b1-491b-ab99-9092bc8c7325,9,33.8921192,35.4920916,2023-10-12 04:04:04,0
523,b799f49f-81b1-491b-ab99-9092bc8c7325,b799f49f-81b1-491b-ab99-9092bc8c7325,9,33.8921164,35.492095,2023-10-12 04:08:39,0
524,b799f49f-81b1-491b-ab99-9092bc8c7325,b799f49f-81b1-491b-ab99-9092bc8c7325,9,33.892194,35.4920945,2023-10-12 04:30:57,0
525,b799f49f-81b1-491b-ab99-9092bc8c7325,b799f49f-81b1-491b-ab99-9092bc8c7325,9,33.8920665,35.4920758,2023-10-12 04:38:56,0
526,b799f49f-81b1-491b-ab99-9092bc8c7325,b799f49f-81b1-491b-ab99-9092bc8c7325,9,33.8920444,35.4920298,2023-10-12 04:46:19,0
527,b799f49f-81b1-491b-ab99-9092bc8c7325,b799f49f-81b1-491b-ab99-9092bc8c7325,9,33.8920444,35.4920298,2023-10-12 04:58:19,0
528,b799f49f-81b1-491b-ab99-9092bc8c7325,b799f49f-81b1-491b-ab99-9092bc8c7325,9,33.8920406,35.4918921,2023-10-12 05:08:56,0
529,b799f49f-81b1-491b-ab99-9092bc8c7325,b799f49f-81b1-491b-ab99-9092bc8c7325,9,33.8920406,35.4918921,2023-10-12 05:14:27,0
530,b799f49f-81b1-491b-ab99-9092bc8c7325,b799f49f-81b1-491b-ab99-9092bc8c7325,9,33.8920406,35.4918921,2023-10-12 05:21:23,0
531,b799f49f-81b1-491b-ab99-9092bc8c7325,b799f49f-81b1-491b-ab99-9092bc8c7325,9,33.8920406,35.4918921,2023-10-12 05:28:55,0
532,b799f49f-81b1-491b-ab99-9092bc8c7325,b799f49f-81b1-491b-ab99-9092bc8c7325,9,33.8919577,35.4919549,2023-10-12 05:34:29,0
533,b799f49f-81b1-491b-ab99-9092bc8c7325,b799f49f-81b1-491b-ab99-9092bc8c7325,9,33.8921994,35.4920984,2023-10-12 06:00:12,0
534,b799f49f-81b1-491b-ab99-9092bc8c7325,b799f49f-81b1-491b-ab99-9092bc8c7325,9,33.8922864,35.4921244,2023-10-12 06:24:14,0
535,b799f49f-81b1-491b-ab99-9092bc8c7325,b799f49f-81b1-491b-ab99-9092bc8c7325,9,33.8922864,35.4921244,2023-10-12 06:30:57,0
536,b799f49f-81b1-491b-ab99-9092bc8c7325,b799f49f-81b1-491b-ab99-9092bc8c7325,9,33.8921962,35.4921274,2023-10-12 06:41:21,0
537,b799f49f-81b1-491b-ab99-9092bc8c7325,b799f49f-81b1-491b-ab99-9092bc8c7325,9,33.8921962,35.4921274,2023-10-12 06:47:35,0
538,b799f49f-81b1-491b-ab99-9092bc8c7325,b799f49f-81b1-491b-ab99-9092bc8c7325,9,33.8921962,35.4921274,2023-10-12 06:52:57,0
539,b799f49f-81b1-491b-ab99-9092bc8c7325,b799f49f-81b1-491b-ab99-9092bc8c7325,9,33.8921962,35.4921274,2023-10-12 06:58:15,0
540,b799f49f-81b1-491b-ab99-9092bc8c7325,b799f49f-81b1-491b-ab99-9092bc8c7325,9,33.8922615,35.4922869,2023-10-12 07:16:20,1
541,b799f49f-81b1-491b-ab99-9092bc8c7325,b799f49f-81b1-491b-ab99-9092bc8c7325,9,33.8922615,35.4922869,2023-10-12 07:23:51,1
542,b799f49f-81b1-491b-ab99-9092bc8c7325,b799f49f-81b1-491b-ab99-9092bc8c7325,9,33.8922615,35.4922869,2023-10-12 07:29:36,1
543,b799f49f-81b1-491b-ab99-9092bc8c7325,b799f49f-81b1-491b-ab99-9092bc8c7325,9,33.8922615,35.4922869,2023-10-12 07:36:05,1
544,b799f49f-81b1-491b-ab99-9092bc8c7325,b799f49f-81b1-491b-ab99-9092bc8c7325,9,33.8922615,35.4922869,2023-10-12 07:41:23,1
545,b799f49f-81b1-491b-ab99-9092bc8c7325,b799f49f-81b1-491b-ab99-9092bc8c7325,9,33.8922615,35.4922869,2023-10-12 07:52:26,1
546,b799f49f-81b1-491b-ab99-9092bc8c7325,b799f49f-81b1-491b-ab99-9092bc8c7325,9,33.8922615,35.4922869,2023-10-12 07:58:44,1
547,b799f49f-81b1-491b-ab99-9092bc8c7325,b799f49f-81b1-491b-ab99-9092bc8c7325,9,33.8921169,35.4921507,2023-10-12 08:07:03,0
548,b799f49f-81b1-491b-ab99-9092bc8c7325,b799f49f-81b1-491b-ab99-9092bc8c7325,9,33.8921169,35.4921507,2023-10-12 08:14:36,0
549,b799f49f-81b1-491b-ab99-9092bc8c7325,b799f49f-81b1-491b-ab99-9092bc8c7325,9,33.8921169,35.4921507,2023-10-12 08:21:01,0
550,b799f49f-81b1-491b-ab99-9092bc8c7325,b799f49f-81b1-491b-ab99-9092bc8c7325,9,33.8921169,35.4921507,2023-10-12 08:26:51,0
551,b799f49f-81b1-491b-ab99-9092bc8c7325,b799f49f-81b1-491b-ab99-9092bc8c7325,9,33.8921294,35.4920928,2023-10-12 08:40:31,0
552,b799f49f-81b1-491b-ab99-9092bc8c7325,b799f49f-81b1-491b-ab99-9092bc8c7325,9,33.8919718,35.4919061,2023-10-12 08:52:22,0
553,b799f49f-81b1-491b-ab99-9092bc8c7325,b799f49f-81b1-491b-ab99-9092bc8c7325,9,33.8921267,35.4920119,2023-10-12 08:53:40,0
554,b799f49f-81b1-491b-ab99-9092bc8c7325,b799f49f-81b1-491b-ab99-9092bc8c7325,9,33.8922626,35.4921208,2023-10-12 09:13:47,0
555,b799f49f-81b1-491b-ab99-9092bc8c7325,b799f49f-81b1-491b-ab99-9092bc8c7325,9,33.8921911,35.4921686,2023-10-12 09:25:17,0
556,b799f49f-81b1-491b-ab99-9092bc8c7325,b799f49f-81b1-491b-ab99-9092bc8c7325,9,33.8921911,35.4921686,2023-10-12 09:32:31,0
557,b799f49f-81b1-491b-ab99-9092bc8c7325,b799f49f-81b1-491b-ab99-9092bc8c7325,9,33.8921911,35.4921686,2023-10-12 09:38:51,0
558,b799f49f-81b1-491b-ab99-9092bc8c7325,b799f49f-81b1-491b-ab99-9092bc8c7325,9,33.8921911,35.4921686,2023-10-12 09:43:46,0
559,b799f49f-81b1-491b-ab99-9092bc8c7325,b799f49f-81b1-491b-ab99-9092bc8c7325,9,33.8921911,35.4921686,2023-10-12 09:50:41,0
562,b799f49f-81b1-491b-ab99-9092bc8c7325,b799f49f-81b1-491b-ab99-9092bc8c7325,9,33.8884865,35.4884776,2023-10-12 10:10:31,2
563,b799f49f-81b1-491b-ab99-9092bc8c7325,b799f49f-81b1-491b-ab99-9092bc8c7325,9,33.8884865,35.4884776,2023-10-12 10:10:35,2
564,b799f49f-81b1-491b-ab99-9092bc8c7325,b799f49f-81b1-491b-ab99-9092bc8c7325,9,33.8886164,35.4886612,2023-10-12 10:16:01,3
566,b799f49f-81b1-491b-ab99-9092bc8c7325,b799f49f-81b1-491b-ab99-9092bc8c7325,9,33.8886416,35.4886817,2023-10-12 10:28:48,3
567,b799f49f-81b1-491b-ab99-9092bc8c7325,b799f49f-81b1-491b-ab99-9092bc8c7325,9,33.8884786,35.4884725,2023-10-12 10:35:37,2
569,b799f49f-81b1-491b-ab99-9092bc8c7325,b799f49f-81b1-491b-ab99-9092bc8c7325,9,33.888668,35.4887204,2023-10-12 10:45:52,3
570,b799f49f-81b1-491b-ab99-9092bc8c7325,b799f49f-81b1-491b-ab99-9092bc8c7325,9,33.8884816,35.4884768,2023-10-12 10:52:19,2
589,b799f49f-81b1-491b-ab99-9092bc8c7325,b799f49f-81b1-491b-ab99-9092bc8c7325,9,33.8920526,35.491906,2023-10-12 13:20:56,0
590,b799f49f-81b1-491b-ab99-9092bc8c7325,b799f49f-81b1-491b-ab99-9092bc8c7325,9,33.8920526,35.491906,2023-10-12 13:33:02,0
591,b799f49f-81b1-491b-ab99-9092bc8c7325,b799f49f-81b1-491b-ab99-9092bc8c7325,9,33.8920526,35.491906,2023-10-12 13:39:14,0
592,b799f49f-81b1-491b-ab99-9092bc8c7325,b799f49f-81b1-491b-ab99-9092bc8c7325,9,33.8921276,35.4920664,2023-10-12 13:46:22,0
593,b799f49f-81b1-491b-ab99-9092bc8c7325,b799f49f-81b1-491b-ab99-9092bc8c7325,9,33.8921276,35.4920664,2023-10-12 13:53:51,0
594,b799f49f-81b1-491b-ab99-9092bc8c7325,b799f49f-81b1-491b-ab99-9092bc8c7325,9,33.8921276,35.4920664,2023-10-12 13:58:29,0
607,b799f49f-81b1-491b-ab99-9092bc8c7325,b799f49f-81b1-491b-ab99-9092bc8c7325,9,33.8886551,35.488714,2023-10-12 15:24:16,3
609,b799f49f-81b1-491b-ab99-9092bc8c7325,b799f49f-81b1-491b-ab99-9092bc8c7325,9,33.8885099,35.4884616,2023-10-12 15:38:57,2
614,b799f49f-81b1-491b-ab99-9092bc8c7325,b799f49f-81b1-491b-ab99-9092bc8c7325,9,33.892197,35.492096,2023-10-12 16:09:32,0
615,b799f49f-81b1-491b-ab99-9092bc8c7325,b799f49f-81b1-491b-ab99-9092bc8c7325,9,33.892146,35.4920449,2023-10-12 16:15:17,0
616,b799f49f-81b1-491b-ab99-9092bc8c7325,b799f49f-81b1-491b-ab99-9092bc8c7325,9,33.892146,35.4920449,2023-10-12 16:21:38,0
617,b799f49f-81b1-491b-ab99-9092bc8c7325,b799f49f-81b1-491b-ab99-9092bc8c7325,9,33.892146,35.4920449,2023-10-12 16:34:39,0
618,b799f49f-81b1-491b-ab99-9092bc8c7325,b799f49f-81b1-491b-ab99-9092bc8c7325,9,33.892146,35.4920449,2023-10-12 16:41:25,0
619,b799f49f-81b1-491b-ab99-9092bc8c7325,b799f49f-81b1-491b-ab99-9092bc8c7325,9,33.8921114,35.4920262,2023-10-12 16:48:08,0
620,b799f49f-81b1-491b-ab99-9092bc8c7325,b799f49f-81b1-491b-ab99-9092bc8c7325,9,33.8921114,35.4920262,2023-10-12 16:56:00,0
621,b799f49f-81b1-491b-ab99-9092bc8c7325,b799f49f-81b1-491b-ab99-9092bc8c7325,9,33.8921114,35.4920262,2023-10-12 16:56:15,0
622,b799f49f-81b1-491b-ab99-9092bc8c7325,b799f49f-81b1-491b-ab99-9092bc8c7325,9,33.8921114,35.4920262,2023-10-12 17:03:02,0
623,b799f49f-81b1-491b-ab99-9092bc8c7325,b799f49f-81b1-491b-ab99-9092bc8c7325,9,33.8921114,35.4920262,2023-10-12 17:10:21,0
624,b799f49f-81b1-491b-ab99-9092bc8c7325,b799f49f-81b1-491b-ab99-9092bc8c7325,9,33.8921114,35.4920262,2023-10-12 17:16:26,0
625,b799f49f-81b1-491b-ab99-9092bc8c7325,b799f49f-81b1-491b-ab99-9092bc8c7325,9,33.8921411,35.4920442,2023-10-12 17:22:37,0
626,b799f49f-81b1-491b-ab99-9092bc8c7325,b799f49f-81b1-491b-ab99-9092bc8c7325,9,33.8921411,35.4920442,2023-10-12 17:28:22,0
627,b799f49f-81b1-491b-ab99-9092bc8c7325,b799f49f-81b1-491b-ab99-9092bc8c7325,9,33.8922009,35.4920977,2023-10-12 18:00:21,0
628,b799f49f-81b1-491b-ab99-9092bc8c7325,b799f49f-81b1-491b-ab99-9092bc8c7325,9,33.8922009,35.4920977,2023-10-12 18:11:29,0
629,b799f49f-81b1-491b-ab99-9092bc8c7325,b799f49f-81b1-491b-ab99-9092bc8c7325,9,33.8922009,35.4920977,2023-10-12 18:23:51,0
630,b799f49f-81b1-491b-ab99-9092bc8c7325,b799f49f-81b1-491b-ab99-9092bc8c7325,9,33.8922009,35.4920977,2023-10-12 18:30:02,0
631,b799f49f-81b1-491b-ab99-9092bc8c7325,b799f49f-81b1-491b-ab99-9092bc8c7325,9,33.8921929,35.4920966,2023-10-12 18:38:54,0
632,b799f49f-81b1-491b-ab99-9092bc8c7325,b799f49f-81b1-491b-ab99-9092bc8c7325,9,33.8921929,35.4920966,2023-10-12 18:44:51,0
633,b799f49f-81b1-491b-ab99-9092bc8c7325,b799f49f-81b1-491b-ab99-9092bc8c7325,9,33.8921978,35.4921078,2023-10-12 18:52:11,0
635,b799f49f-81b1-491b-ab99-9092bc8c7325,b799f49f-81b1-491b-ab99-9092bc8c7325,9,33.8920977,35.4920896,2023-10-12 19:05:31,0
636,b799f49f-81b1-491b-ab99-9092bc8c7325,b799f49f-81b1-491b-ab99-9092bc8c7325,9,33.8920977,35.4920896,2023-10-12 19:10:36,0
637,b799f49f-81b1-491b-ab99-9092bc8c7325,b799f49f-81b1-491b-ab99-9092bc8c7325,9,33.89216,35.4919192,2023-10-12 19:16:52,0
638,b799f49f-81b1-491b-ab99-9092bc8c7325,b799f49f-81b1-491b-ab99-9092bc8c7325,9,33.89216,35.4919192,2023-10-12 19:23:12,0
639,b799f49f-81b1-491b-ab99-9092bc8c7325,b799f49f-81b1-491b-ab99-9092bc8c7325,9,33.89216,35.4919192,2023-10-12 19:29:09,0
640,b799f49f-81b1-491b-ab99-9092bc8c7325,b799f49f-81b1-491b-ab99-9092bc8c7325,9,33.8922566,35.4919946,2023-10-12 19:45:06,0
641,b799f49f-81b1-491b-ab99-9092bc8c7325,b799f49f-81b1-491b-ab99-9092bc8c7325,9,33.8922566,35.4919946,2023-10-12 19:46:01,0
642,b799f49f-81b1-491b-ab99-9092bc8c7325,b799f49f-81b1-491b-ab99-9092bc8c7325,9,33.8920719,35.4919625,2023-10-12 19:51:47,0
643,b799f49f-81b1-491b-ab99-9092bc8c7325,b799f49f-81b1-491b-ab99-9092bc8c7325,9,33.8920719,35.4919625,2023-10-12 19:58:47,0
644,b799f49f-81b1-491b-ab99-9092bc8c7325,b799f49f-81b1-491b-ab99-9092bc8c7325,9,33.8920719,35.4919625,2023-10-12 20:06:37,0
645,b799f49f-81b1-491b-ab99-9092bc8c7325,b799f49f-81b1-491b-ab99-9092bc8c7325,9,33.8921942,35.4920966,2023-10-12 20:28:40,0
646,b799f49f-81b1-491b-ab99-9092bc8c7325,b799f49f-81b1-491b-ab99-9092bc8c7325,9,33.8921942,35.4920966,2023-10-12 20:35:24,0
647,b799f49f-81b1-491b-ab99-9092bc8c7325,b799f49f-81b1-491b-ab99-9092bc8c7325,9,33.8921942,35.4920966,2023-10-12 20:41:24,0
648,b799f49f-81b1-491b-ab99-9092bc8c7325,b799f49f-81b1-491b-ab99-9092bc8c7325,9,33.8921942,35.4920966,2023-10-12 20:47:30,0
649,b799f49f-81b1-491b-ab99-9092bc8c7325,b799f49f-81b1-491b-ab99-9092bc8c7325,9,33.8921957,35.4920989,2023-10-12 20:56:21,0
650,b799f49f-81b1-491b-ab99-9092bc8c7325,b799f49f-81b1-491b-ab99-9092bc8c7325,9,33.8921957,35.4920989,2023-10-12 21:08:51,0
651,b799f49f-81b1-491b-ab99-9092bc8c7325,b799f49f-81b1-491b-ab99-9092bc8c7325,9,33.8921957,35.4920989,2023-10-12 21:14:21,0
652,b799f49f-81b1-491b-ab99-9092bc8c7325,b799f49f-81b1-491b-ab99-9092bc8c7325,9,33.8921916,35.492099,2023-10-13 01:30:55,0
653,b799f49f-81b1-491b-ab99-9092bc8c7325,b799f49f-81b1-491b-ab99-9092bc8c7325,9,33.8922059,35.492096,2023-10-13 03:01:04,0
654,b799f49f-81b1-491b-ab99-9092bc8c7325,b799f49f-81b1-491b-ab99-9092bc8c7325,9,33.8921968,35.4920926,2023-10-13 04:30:55,0
655,b799f49f-81b1-491b-ab99-9092bc8c7325,b799f49f-81b1-491b-ab99-9092bc8c7325,9,33.8921968,35.4920926,2023-10-13 04:30:56,0
656,b799f49f-81b1-491b-ab99-9092bc8c7325,b799f49f-81b1-491b-ab99-9092bc8c7325,9,33.8921928,35.4920965,2023-10-13 04:38:05,0
657,b799f49f-81b1-491b-ab99-9092bc8c7325,b799f49f-81b1-491b-ab99-9092bc8c7325,9,33.8921916,35.4920988,2023-10-13 04:45:30,0
658,b799f49f-81b1-491b-ab99-9092bc8c7325,b799f49f-81b1-491b-ab99-9092bc8c7325,9,33.8921992,35.4920957,2023-10-13 04:53:02,0
659,b799f49f-81b1-491b-ab99-9092bc8c7325,b799f49f-81b1-491b-ab99-9092bc8c7325,9,33.8921992,35.4920957,2023-10-13 04:59:37,0
660,b799f49f-81b1-491b-ab99-9092bc8c7325,b799f49f-81b1-491b-ab99-9092bc8c7325,9,33.8921992,35.4920957,2023-10-13 05:06:12,0
661,b799f49f-81b1-491b-ab99-9092bc8c7325,b799f49f-81b1-491b-ab99-9092bc8c7325,9,33.8921992,35.4920957,2023-10-13 05:13:02,0
662,b799f49f-81b1-491b-ab99-9092bc8c7325,b799f49f-81b1-491b-ab99-9092bc8c7325,9,33.8921992,35.4920957,2023-10-13 05:19:49,0
663,b799f49f-81b1-491b-ab99-9092bc8c7325,b799f49f-81b1-491b-ab99-9092bc8c7325,9,33.8922086,35.4920964,2023-10-13 05:25:31,0
664,b799f49f-81b1-491b-ab99-9092bc8c7325,b799f49f-81b1-491b-ab99-9092bc8c7325,9,33.8922076,35.4920916,2023-10-13 05:32:17,0
665,b799f49f-81b1-491b-ab99-9092bc8c7325,b799f49f-81b1-491b-ab99-9092bc8c7325,9,33.8921689,35.492002,2023-10-13 05:39:03,0
666,b799f49f-81b1-491b-ab99-9092bc8c7325,b799f49f-81b1-491b-ab99-9092bc8c7325,9,33.8921868,35.4918929,2023-10-13 05:44:38,0
667,b799f49f-81b1-491b-ab99-9092bc8c7325,b799f49f-81b1-491b-ab99-9092bc8c7325,9,33.8921086,35.4919785,2023-10-13 05:50:26,0
668,b799f49f-81b1-491b-ab99-9092bc8c7325,b799f49f-81b1-491b-ab99-9092bc8c7325,9,33.8921784,35.4919895,2023-10-13 05:50:27,0
669,b799f49f-81b1-491b-ab99-9092bc8c7325,b799f49f-81b1-491b-ab99-9092bc8c7325,9,33.8921784,35.4919895,2023-10-13 05:56:29,0
670,b799f49f-81b1-491b-ab99-9092bc8c7325,b799f49f-81b1-491b-ab99-9092bc8c7325,9,33.8921784,35.4919895,2023-10-13 06:01:41,0
671,b799f49f-81b1-491b-ab99-9092bc8c7325,b799f49f-81b1-491b-ab99-9092bc8c7325,9,33.8921784,35.4919895,2023-10-13 06:10:38,0
672,b799f49f-81b1-491b-ab99-9092bc8c7325,b799f49f-81b1-491b-ab99-9092bc8c7325,9,33.8921784,35.4919895,2023-10-13 06:16:08,0
673,b799f49f-81b1-491b-ab99-9092bc8c7325,b799f49f-81b1-491b-ab99-9092bc8c7325,9,33.892112,35.4920101,2023-10-13 06:26:26,0
674,b799f49f-81b1-491b-ab99-9092bc8c7325,b799f49f-81b1-491b-ab99-9092bc8c7325,9,33.892112,35.4920101,2023-10-13 06:32:37,0
675,b799f49f-81b1-491b-ab99-9092bc8c7325,b799f49f-81b1-491b-ab99-9092bc8c7325,9,33.892112,35.4920101,2023-10-13 06:39:12,0
676,b799f49f-81b1-491b-ab99-9092bc8c7325,b799f49f-81b1-491b-ab99-9092bc8c7325,9,33.892112,35.4920101,2023-10-13 06:44:23,0
677,b799f49f-81b1-491b-ab99-9092bc8c7325,b799f49f-81b1-491b-ab99-9092bc8c7325,9,33.892112,35.4920101,2023-10-13 06:50:43,0
678,b799f49f-81b1-491b-ab99-9092bc8c7325,b799f49f-81b1-491b-ab99-9092bc8c7325,9,33.8921657,35.4920757,2023-10-13 06:56:34,0
679,b799f49f-81b1-491b-ab99-9092bc8c7325,b799f49f-81b1-491b-ab99-9092bc8c7325,9,33.8921657,35.4920757,2023-10-13 07:03:05,0
680,b799f49f-81b1-491b-ab99-9092bc8c7325,b799f49f-81b1-491b-ab99-9092bc8c7325,9,33.8922564,35.4920622,2023-10-13 07:13:00,0
681,b799f49f-81b1-491b-ab99-9092bc8c7325,b799f49f-81b1-491b-ab99-9092bc8c7325,9,33.8922564,35.4920622,2023-10-13 07:13:06,0
682,b799f49f-81b1-491b-ab99-9092bc8c7325,b799f49f-81b1-491b-ab99-9092bc8c7325,9,33.8920208,35.491977,2023-10-13 07:22:19,0
683,b799f49f-81b1-491b-ab99-9092bc8c7325,b799f49f-81b1-491b-ab99-9092bc8c7325,9,33.8920208,35.491977,2023-10-13 07:26:56,0
684,b799f49f-81b1-491b-ab99-9092bc8c7325,b799f49f-81b1-491b-ab99-9092bc8c7325,9,33.8920208,35.491977,2023-10-13 07:34:22,0
685,b799f49f-81b1-491b-ab99-9092bc8c7325,b799f49f-81b1-491b-ab99-9092bc8c7325,9,33.8920208,35.491977,2023-10-13 07:45:42,0
686,b799f49f-81b1-491b-ab99-9092bc8c7325,b799f49f-81b1-491b-ab99-9092bc8c7325,9,33.8920208,35.491977,2023-10-13 07:52:23,0
687,b799f49f-81b1-491b-ab99-9092bc8c7325,b799f49f-81b1-491b-ab99-9092bc8c7325,9,33.8921996,35.492096,2023-10-13 07:59:45,0
688,b799f49f-81b1-491b-ab99-9092bc8c7325,b799f49f-81b1-491b-ab99-9092bc8c7325,9,33.8921996,35.492096,2023-10-13 08:08:49,0
689,b799f49f-81b1-491b-ab99-9092bc8c7325,b799f49f-81b1-491b-ab99-9092bc8c7325,9,33.8921996,35.492096,2023-10-13 08:15:26,0
690,b799f49f-81b1-491b-ab99-9092bc8c7325,b799f49f-81b1-491b-ab99-9092bc8c7325,9,33.8921996,35.492096,2023-10-13 08:21:26,0
691,b799f49f-81b1-491b-ab99-9092bc8c7325,b799f49f-81b1-491b-ab99-9092bc8c7325,9,33.8921186,35.4921777,2023-10-13 08:27:31,0
692,b799f49f-81b1-491b-ab99-9092bc8c7325,b799f49f-81b1-491b-ab99-9092bc8c7325,9,33.8921186,35.4921777,2023-10-13 08:33:23,0
693,b799f49f-81b1-491b-ab99-9092bc8c7325,b799f49f-81b1-491b-ab99-9092bc8c7325,9,33.8921186,35.4921777,2023-10-13 08:34:19,0
694,b799f49f-81b1-491b-ab99-9092bc8c7325,b799f49f-81b1-491b-ab99-9092bc8c7325,9,33.8921186,35.4921777,2023-10-13 08:40:25,0
695,b799f49f-81b1-491b-ab99-9092bc8c7325,b799f49f-81b1-491b-ab99-9092bc8c7325,9,33.8921186,35.4921777,2023-10-13 08:46:28,0
696,b799f49f-81b1-491b-ab99-9092bc8c7325,b799f49f-81b1-491b-ab99-9092bc8c7325,9,33.8921186,35.4921777,2023-10-13 08:54:16,0
697,b799f49f-81b1-491b-ab99-9092bc8c7325,b799f49f-81b1-491b-ab99-9092bc8c7325,9,33.8921125,35.4921574,2023-10-13 09:01:06,0
698,b799f49f-81b1-491b-ab99-9092bc8c7325,b799f49f-81b1-491b-ab99-9092bc8c7325,9,33.8921125,35.4921574,2023-10-13 09:10:38,0
699,b799f49f-81b1-491b-ab99-9092bc8c7325,b799f49f-81b1-491b-ab99-9092bc8c7325,9,33.8921125,35.4921574,2023-10-13 09:16:12,0
700,b799f49f-81b1-491b-ab99-9092bc8c7325,b799f49f-81b1-491b-ab99-9092bc8c7325,9,33.8921125,35.4921574,2023-10-13 09:21:52,0
701,b799f49f-81b1-491b-ab99-9092bc8c7325,b799f49f-81b1-491b-ab99-9092bc8c7325,9,33.8921125,35.4921574,2023-10-13 09:28:10,0
702,b799f49f-81b1-491b-ab99-9092bc8c7325,b799f49f-81b1-491b-ab99-9092bc8c7325,9,33.8921125,35.4921574,2023-10-13 09:34:12,0
703,b799f49f-81b1-491b-ab99-9092bc8c7325,b799f49f-81b1-491b-ab99-9092bc8c7325,9,33.8921125,35.4921574,2023-10-13 09:40:38,0
704,b799f49f-81b1-491b-ab99-9092bc8c7325,b799f49f-81b1-491b-ab99-9092bc8c7325,9,33.8921125,35.4921574,2023-10-13 09:45:21,0
705,b799f49f-81b1-491b-ab99-9092bc8c7325,b799f49f-81b1-491b-ab99-9092bc8c7325,9,33.8921125,35.4921574,2023-10-13 09:51:57,0
706,b799f49f-81b1-491b-ab99-9092bc8c7325,b799f49f-81b1-491b-ab99-9092bc8c7325,9,33.8921125,35.4921574,2023-10-13 09:52:25,0
707,b799f49f-81b1-491b-ab99-9092bc8c7325,b799f49f-81b1-491b-ab99-9092bc8c7325,9,33.8920988,35.4918266,2023-10-13 09:52:33,0
713,b799f49f-81b1-491b-ab99-9092bc8c7325,b799f49f-81b1-491b-ab99-9092bc8c7325,9,33.8886284,35.4887146,2023-10-13 10:35:35,3
714,b799f49f-81b1-491b-ab99-9092bc8c7325,b799f49f-81b1-491b-ab99-9092bc8c7325,9,33.8886862,35.4887214,2023-10-13 10:40:47,3
715,b799f49f-81b1-491b-ab99-9092bc8c7325,b799f49f-81b1-491b-ab99-9092bc8c7325,9,33.8884829,35.4884812,2023-10-13 10:46:33,2
716,b799f49f-81b1-491b-ab99-9092bc8c7325,b799f49f-81b1-491b-ab99-9092bc8c7325,9,33.8884878,35.4884751,2023-10-13 10:53:26,2
718,b799f49f-81b1-491b-ab99-9092bc8c7325,b799f49f-81b1-491b-ab99-9092bc8c7325,9,33.8921161,35.4920986,2023-10-13 11:04:30,0
719,b799f49f-81b1-491b-ab99-9092bc8c7325,b799f49f-81b1-491b-ab99-9092bc8c7325,9,33.892286,35.4921465,2023-10-13 11:10:55,0
720,b799f49f-81b1-491b-ab99-9092bc8c7325,b799f49f-81b1-491b-ab99-9092bc8c7325,9,33.892286,35.4921465,2023-10-13 11:17:15,0
721,b799f49f-81b1-491b-ab99-9092bc8c7325,b799f49f-81b1-491b-ab99-9092bc8c7325,9,33.892286,35.4921465,2023-10-13 11:22:40,0
722,b799f49f-81b1-491b-ab99-9092bc8c7325,b799f49f-81b1-491b-ab99-9092bc8c7325,9,33.892286,35.4921465,2023-10-13 11:22:45,0
723,b799f49f-81b1-491b-ab99-9092bc8c7325,b799f49f-81b1-491b-ab99-9092bc8c7325,9,33.8921919,35.4920915,2023-10-13 11:28:47,0
724,b799f49f-81b1-491b-ab99-9092bc8c7325,b799f49f-81b1-491b-ab99-9092bc8c7325,9,33.8921966,35.4920944,2023-10-13 11:33:33,0
725,b799f49f-81b1-491b-ab99-9092bc8c7325,b799f49f-81b1-491b-ab99-9092bc8c7325,9,33.8921966,35.4920944,2023-10-13 11:39:53,0
726,b799f49f-81b1-491b-ab99-9092bc8c7325,b799f49f-81b1-491b-ab99-9092bc8c7325,9,33.8921966,35.4920944,2023-10-13 11:45:02,0
727,b799f49f-81b1-491b-ab99-9092bc8c7325,b799f49f-81b1-491b-ab99-9092bc8c7325,9,33.8921966,35.4920944,2023-10-13 11:51:38,0
728,b799f49f-81b1-491b-ab99-9092bc8c7325,b799f49f-81b1-491b-ab99-9092bc8c7325,9,33.8921966,35.4920944,2023-10-13 11:57:22,0
729,b799f49f-81b1-491b-ab99-9092bc8c7325,b799f49f-81b1-491b-ab99-9092bc8c7325,9,33.892117,35.4920245,2023-10-13 12:01:45,0
730,b799f49f-81b1-491b-ab99-9092bc8c7325,b799f49f-81b1-491b-ab99-9092bc8c7325,9,33.8921961,35.4921881,2023-10-13 12:06:46,0
731,b799f49f-81b1-491b-ab99-9092bc8c7325,b799f49f-81b1-491b-ab99-9092bc8c7325,9,33.8922099,35.4921062,2023-10-13 12:13:17,0
732,b799f49f-81b1-491b-ab99-9092bc8c7325,b799f49f-81b1-491b-ab99-9092bc8c7325,9,33.8922099,35.4921062,2023-10-13 12:18:18,0
733,b799f49f-81b1-491b-ab99-9092bc8c7325,b799f49f-81b1-491b-ab99-9092bc8c7325,9,33.8922099,35.4921062,2023-10-13 12:24:17,0
734,b799f49f-81b1-491b-ab99-9092bc8c7325,b799f49f-81b1-491b-ab99-9092bc8c7325,9,33.8922099,35.4921062,2023-10-13 12:32:37,0
735,b799f49f-81b1-491b-ab99-9092bc8c7325,b799f49f-81b1-491b-ab99-9092bc8c7325,9,33.8922099,35.4921062,2023-10-13 12:38:25,0
736,b799f49f-81b1-491b-ab99-9092bc8c7325,b799f49f-81b1-491b-ab99-9092bc8c7325,9,33.8922099,35.4921062,2023-10-13 12:39:23,0
737,b799f49f-81b1-491b-ab99-9092bc8c7325,b799f49f-81b1-491b-ab99-9092bc8c7325,9,33.8922099,35.4921062,2023-10-13 12:45:25,0
738,b799f49f-81b1-491b-ab99-9092bc8c7325,b799f49f-81b1-491b-ab99-9092bc8c7325,9,33.8922099,35.4921062,2023-10-13 12:51:15,0
739,b799f49f-81b1-491b-ab99-9092bc8c7325,b799f49f-81b1-491b-ab99-9092bc8c7325,9,33.8922099,35.4921062,2023-10-13 12:56:55,0
740,b799f49f-81b1-491b-ab99-9092bc8c7325,b799f49f-81b1-491b-ab99-9092bc8c7325,9,33.892196,35.4920285,2023-10-13 13:03:06,0
741,b799f49f-81b1-491b-ab99-9092bc8c7325,b799f49f-81b1-491b-ab99-9092bc8c7325,9,33.892141,35.4920668,2023-10-13 13:10:32,0
742,b799f49f-81b1-491b-ab99-9092bc8c7325,b799f49f-81b1-491b-ab99-9092bc8c7325,9,33.892141,35.4920668,2023-10-13 13:16:01,0
743,b799f49f-81b1-491b-ab99-9092bc8c7325,b799f49f-81b1-491b-ab99-9092bc8c7325,9,33.892141,35.4920668,2023-10-13 13:22:57,0
744,b799f49f-81b1-491b-ab99-9092bc8c7325,b799f49f-81b1-491b-ab99-9092bc8c7325,9,33.892141,35.4920668,2023-10-13 13:29:49,0
745,b799f49f-81b1-491b-ab99-9092bc8c7325,b799f49f-81b1-491b-ab99-9092bc8c7325,9,33.892141,35.4920668,2023-10-13 13:35:59,0
746,b799f49f-81b1-491b-ab99-9092bc8c7325,b799f49f-81b1-491b-ab99-9092bc8c7325,9,33.8921945,35.4921566,2023-10-13 13:43:26,0
747,b799f49f-81b1-491b-ab99-9092bc8c7325,b799f49f-81b1-491b-ab99-9092bc8c7325,9,33.8921945,35.4921566,2023-10-13 13:50:38,0
748,b799f49f-81b1-491b-ab99-9092bc8c7325,b799f49f-81b1-491b-ab99-9092bc8c7325,9,33.8919914,35.4918995,2023-10-13 13:56:04,0
749,b799f49f-81b1-491b-ab99-9092bc8c7325,b799f49f-81b1-491b-ab99-9092bc8c7325,9,33.8922874,35.4920961,2023-10-13 14:04:34,0
750,b799f49f-81b1-491b-ab99-9092bc8c7325,b799f49f-81b1-491b-ab99-9092bc8c7325,9,33.8922,35.4920111,2023-10-13 14:11:03,0
751,b799f49f-81b1-491b-ab99-9092bc8c7325,b799f49f-81b1-491b-ab99-9092bc8c7325,9,33.892207,35.4920164,2023-10-13 14:17:44,0
752,b799f49f-81b1-491b-ab99-9092bc8c7325,b799f49f-81b1-491b-ab99-9092bc8c7325,9,33.8921916,35.4920966,2023-10-13 14:20:58,0
753,b799f49f-81b1-491b-ab99-9092bc8c7325,b799f49f-81b1-491b-ab99-9092bc8c7325,9,33.8921916,35.4920966,2023-10-13 14:27:10,0
754,b799f49f-81b1-491b-ab99-9092bc8c7325,b799f49f-81b1-491b-ab99-9092bc8c7325,9,33.8921916,35.4920966,2023-10-13 14:33:01,0
755,b799f49f-81b1-491b-ab99-9092bc8c7325,b799f49f-81b1-491b-ab99-9092bc8c7325,9,33.8921916,35.4920966,2023-10-13 14:39:26,0
756,b799f49f-81b1-491b-ab99-9092bc8c7325,b799f49f-81b1-491b-ab99-9092bc8c7325,9,33.8921916,35.4920966,2023-10-13 14:48:44,0
764,b799f49f-81b1-491b-ab99-9092bc8c7325,b799f49f-81b1-491b-ab99-9092bc8c7325,9,33.8917487,35.4816526,2023-10-13 15:36:37,4
765,b799f49f-81b1-491b-ab99-9092bc8c7325,b799f49f-81b1-491b-ab99-9092bc8c7325,9,33.891748,35.4816525,2023-10-13 15:40:34,4
766,b799f49f-81b1-491b-ab99-9092bc8c7325,b799f49f-81b1-491b-ab99-9092bc8c7325,9,33.8917488,35.4816526,2023-10-13 15:45:50,4
767,b799f49f-81b1-491b-ab99-9092bc8c7325,b799f49f-81b1-491b-ab99-9092bc8c7325,9,33.891748,35.4816526,2023-10-13 15:51:06,4
768,b799f49f-81b1-491b-ab99-9092bc8c7325,b799f49f-81b1-491b-ab99-9092bc8c7325,9,33.8917485,35.4816526,2023-10-13 15:56:06,4
769,b799f49f-81b1-491b-ab99-9092bc8c7325,b799f49f-81b1-491b-ab99-9092bc8c7325,9,33.8917485,35.4816526,2023-10-13 16:02:01,4
770,b799f49f-81b1-491b-ab99-9092bc8c7325,b799f49f-81b1-491b-ab99-9092bc8c7325,9,33.8917485,35.4816526,2023-10-13 16:09:13,4
771,b799f49f-81b1-491b-ab99-9092bc8c7325,b799f49f-81b1-491b-ab99-9092bc8c7325,9,33.8917485,35.4816526,2023-10-13 16:15:25,4
772,b799f49f-81b1-491b-ab99-9092bc8c7325,b799f49f-81b1-491b-ab99-9092bc8c7325,9,33.8917485,35.4816526,2023-10-13 16:21:15,4
776,b799f49f-81b1-491b-ab99-9092bc8c7325,b799f49f-81b1-491b-ab99-9092bc8c7325,9,33.888486,35.4884776,2023-10-13 16:43:25,2
777,b799f49f-81b1-491b-ab99-9092bc8c7325,b799f49f-81b1-491b-ab99-9092bc8c7325,9,33.8884869,35.4884781,2023-10-13 16:52:37,2
778,b799f49f-81b1-491b-ab99-9092bc8c7325,b799f49f-81b1-491b-ab99-9092bc8c7325,9,33.8884858,35.4884774,2023-10-13 16:58:42,2
779,b799f49f-81b1-491b-ab99-9092bc8c7325,b799f49f-81b1-491b-ab99-9092bc8c7325,9,33.8884858,35.4884774,2023-10-13 16:58:43,2
780,b799f49f-81b1-491b-ab99-9092bc8c7325,b799f49f-81b1-491b-ab99-9092bc8c7325,9,33.8884858,35.4884774,2023-10-13 17:05:25,2
781,b799f49f-81b1-491b-ab99-9092bc8c7325,b799f49f-81b1-491b-ab99-9092bc8c7325,9,33.8884858,35.4884774,2023-10-13 17:12:41,2
782,b799f49f-81b1-491b-ab99-9092bc8c7325,b799f49f-81b1-491b-ab99-9092bc8c7325,9,33.8884858,35.4884774,2023-10-13 17:17:57,2
784,b799f49f-81b1-491b-ab99-9092bc8c7325,b799f49f-81b1-491b-ab99-9092bc8c7325,9,33.8921691,35.4920748,2023-10-13 17:32:12,0
785,b799f49f-81b1-491b-ab99-9092bc8c7325,b799f49f-81b1-491b-ab99-9092bc8c7325,9,33.8921278,35.4920696,2023-10-13 17:39:29,0
786,b799f49f-81b1-491b-ab99-9092bc8c7325,b799f49f-81b1-491b-ab99-9092bc8c7325,9,33.8921278,35.4920696,2023-10-13 17:47:35,0
787,b799f49f-81b1-491b-ab99-9092bc8c7325,b799f49f-81b1-491b-ab99-9092bc8c7325,9,33.8921278,35.4920696,2023-10-13 17:52:37,0
788,b799f49f-81b1-491b-ab99-9092bc8c7325,b799f49f-81b1-491b-ab99-9092bc8c7325,9,33.8921278,35.4920696,2023-10-13 18:00:47,0
789,b799f49f-81b1-491b-ab99-9092bc8c7325,b799f49f-81b1-491b-ab99-9092bc8c7325,9,33.8920741,35.4919497,2023-10-13 18:07:10,0
790,b799f49f-81b1-491b-ab99-9092bc8c7325,b799f49f-81b1-491b-ab99-9092bc8c7325,9,33.8919177,35.4919406,2023-10-13 18:12:26,0
791,b799f49f-81b1-491b-ab99-9092bc8c7325,b799f49f-81b1-491b-ab99-9092bc8c7325,9,33.8919177,35.4919406,2023-10-13 18:13:20,0
792,b799f49f-81b1-491b-ab99-9092bc8c7325,b799f49f-81b1-491b-ab99-9092bc8c7325,9,33.8919177,35.4919406,2023-10-13 18:18:06,0
793,b799f49f-81b1-491b-ab99-9092bc8c7325,b799f49f-81b1-491b-ab99-9092bc8c7325,9,33.8919947,35.492007,2023-10-13 18:26:52,0
794,b799f49f-81b1-491b-ab99-9092bc8c7325,b799f49f-81b1-491b-ab99-9092bc8c7325,9,33.8919947,35.492007,2023-10-13 18:33:12,0
795,b799f49f-81b1-491b-ab99-9092bc8c7325,b799f49f-81b1-491b-ab99-9092bc8c7325,9,33.8919947,35.492007,2023-10-13 18:39:44,0
796,b799f49f-81b1-491b-ab99-9092bc8c7325,b799f49f-81b1-491b-ab99-9092bc8c7325,9,33.8919947,35.492007,2023-10-13 18:45:54,0
797,b799f49f-81b1-491b-ab99-9092bc8c7325,b799f49f-81b1-491b-ab99-9092bc8c7325,9,33.892066,35.4918967,2023-10-13 18:55:24,0
798,b799f49f-81b1-491b-ab99-9092bc8c7325,b799f49f-81b1-491b-ab99-9092bc8c7325,9,33.892066,35.4918967,2023-10-13 19:01:14,0
799,b799f49f-81b1-491b-ab99-9092bc8c7325,b799f49f-81b1-491b-ab99-9092bc8c7325,9,33.892066,35.4918967,2023-10-13 19:06:54,0
800,b799f49f-81b1-491b-ab99-9092bc8c7325,b799f49f-81b1-491b-ab99-9092bc8c7325,9,33.892066,35.4918967,2023-10-13 19:13:14,0
801,b799f49f-81b1-491b-ab99-9092bc8c7325,b799f49f-81b1-491b-ab99-9092bc8c7325,9,33.892066,35.4918967,2023-10-13 19:18:21,0
802,b799f49f-81b1-491b-ab99-9092bc8c7325,b799f49f-81b1-491b-ab99-9092bc8c7325,9,33.8920054,35.4919776,2023-10-13 19:25:25,0
803,b799f49f-81b1-491b-ab99-9092bc8c7325,b799f49f-81b1-491b-ab99-9092bc8c7325,9,33.8920054,35.4919776,2023-10-13 19:31:21,0
804,b799f49f-81b1-491b-ab99-9092bc8c7325,b799f49f-81b1-491b-ab99-9092bc8c7325,9,33.8920054,35.4919776,2023-10-13 19:31:24,0
805,b799f49f-81b1-491b-ab99-9092bc8c7325,b799f49f-81b1-491b-ab99-9092bc8c7325,9,33.8920054,35.4919776,2023-10-13 19:37:46,0
806,b799f49f-81b1-491b-ab99-9092bc8c7325,b799f49f-81b1-491b-ab99-9092bc8c7325,9,33.8920054,35.4919776,2023-10-13 19:45:23,0
807,b799f49f-81b1-491b-ab99-9092bc8c7325,b799f49f-81b1-491b-ab99-9092bc8c7325,9,33.8921542,35.4919818,2023-10-13 19:50:21,0
808,b799f49f-81b1-491b-ab99-9092bc8c7325,b799f49f-81b1-491b-ab99-9092bc8c7325,9,33.8921542,35.4919818,2023-10-13 19:58:44,0
809,b799f49f-81b1-491b-ab99-9092bc8c7325,b799f49f-81b1-491b-ab99-9092bc8c7325,9,33.8921542,35.4919818,2023-10-13 20:05:25,0
810,b799f49f-81b1-491b-ab99-9092bc8c7325,b799f49f-81b1-491b-ab99-9092bc8c7325,9,33.8921542,35.4919818,2023-10-13 20:14:50,0
811,b799f49f-81b1-491b-ab99-9092bc8c7325,b799f49f-81b1-491b-ab99-9092bc8c7325,9,33.8920667,35.4919852,2023-10-13 20:20:29,0
812,b799f49f-81b1-491b-ab99-9092bc8c7325,b799f49f-81b1-491b-ab99-9092bc8c7325,9,33.8920667,35.4919852,2023-10-13 20:27:41,0
813,b799f49f-81b1-491b-ab99-9092bc8c7325,b799f49f-81b1-491b-ab99-9092bc8c7325,9,33.8920667,35.4919852,2023-10-13 20:36:23,0
814,b799f49f-81b1-491b-ab99-9092bc8c7325,b799f49f-81b1-491b-ab99-9092bc8c7325,9,33.8920667,35.4919852,2023-10-13 20:44:37,0
815,b799f49f-81b1-491b-ab99-9092bc8c7325,b799f49f-81b1-491b-ab99-9092bc8c7325,9,33.8920667,35.4919852,2023-10-13 20:50:17,0
816,b799f49f-81b1-491b-ab99-9092bc8c7325,b799f49f-81b1-491b-ab99-9092bc8c7325,9,33.8920667,35.4919852,2023-10-13 20:50:18,0
817,b799f49f-81b1-491b-ab99-9092bc8c7325,b799f49f-81b1-491b-ab99-9092bc8c7325,9,33.8920667,35.4919852,2023-10-13 20:56:24,0
818,b799f49f-81b1-491b-ab99-9092bc8c7325,b799f49f-81b1-491b-ab99-9092bc8c7325,9,33.8920667,35.4919852,2023-10-13 21:02:34,0
819,b799f49f-81b1-491b-ab99-9092bc8c7325,b799f49f-81b1-491b-ab99-9092bc8c7325,9,33.8920667,35.4919852,2023-10-13 21:08:54,0
820,b799f49f-81b1-491b-ab99-9092bc8c7325,b799f49f-81b1-491b-ab99-9092bc8c7325,9,33.8920667,35.4919852,2023-10-13 21:14:24,0
821,b799f49f-81b1-491b-ab99-9092bc8c7325,b799f49f-81b1-491b-ab99-9092bc8c7325,9,33.8918907,35.4918421,2023-10-13 21:25:44,5
822,b799f49f-81b1-491b-ab99-9092bc8c7325,b799f49f-81b1-491b-ab99-9092bc8c7325,9,33.8918907,35.4918421,2023-10-13 21:31:24,5
823,b799f49f-81b1-491b-ab99-9092bc8c7325,b799f49f-81b1-491b-ab99-9092bc8c7325,9,33.8918907,35.4918421,2023-10-13 21:37:34,5
824,b799f49f-81b1-491b-ab99-9092bc8c7325,b799f49f-81b1-491b-ab99-9092bc8c7325,9,33.892197,35.4920916,2023-10-13 21:39:24,0
825,b799f49f-81b1-491b-ab99-9092bc8c7325,b799f49f-81b1-491b-ab99-9092bc8c7325,9,33.8918907,35.4918421,2023-10-13 21:43:54,5
826,b799f49f-81b1-491b-ab99-9092bc8c7325,b799f49f-81b1-491b-ab99-9092bc8c7325,9,33.892197,35.4920916,2023-10-13 21:46:07,0
827,b799f49f-81b1-491b-ab99-9092bc8c7325,b799f49f-81b1-491b-ab99-9092bc8c7325,9,33.8918907,35.4918421,2023-10-13 21:49:24,5
828,b799f49f-81b1-491b-ab99-9092bc8c7325,b799f49f-81b1-491b-ab99-9092bc8c7325,9,33.8921955,35.492095,2023-10-13 21:54:12,0
829,b799f49f-81b1-491b-ab99-9092bc8c7325,b799f49f-81b1-491b-ab99-9092bc8c7325,9,33.8921955,35.492095,2023-10-13 22:00:43,0
830,b799f49f-81b1-491b-ab99-9092bc8c7325,b799f49f-81b1-491b-ab99-9092bc8c7325,9,33.8921955,35.492095,2023-10-13 22:06:38,0
831,b799f49f-81b1-491b-ab99-9092bc8c7325,b799f49f-81b1-491b-ab99-9092bc8c7325,9,33.8921955,35.492095,2023-10-13 22:13:55,0
832,b799f49f-81b1-491b-ab99-9092bc8c7325,b799f49f-81b1-491b-ab99-9092bc8c7325,9,33.8921955,35.492095,2023-10-13 22:19:26,0
833,b799f49f-81b1-491b-ab99-9092bc8c7325,b799f49f-81b1-491b-ab99-9092bc8c7325,9,33.8921955,35.492095,2023-10-13 22:19:27,0
834,b799f49f-81b1-491b-ab99-9092bc8c7325,b799f49f-81b1-491b-ab99-9092bc8c7325,9,33.8921956,35.4920994,2023-10-13 22:25:18,0
835,b799f49f-81b1-491b-ab99-9092bc8c7325,b799f49f-81b1-491b-ab99-9092bc8c7325,9,33.8921956,35.4920994,2023-10-13 22:31:41,0
836,b799f49f-81b1-491b-ab99-9092bc8c7325,b799f49f-81b1-491b-ab99-9092bc8c7325,9,33.8921956,35.4920994,2023-10-13 22:39:15,0
837,b799f49f-81b1-491b-ab99-9092bc8c7325,b799f49f-81b1-491b-ab99-9092bc8c7325,9,33.8921956,35.4920994,2023-10-13 22:45:38,0
838,b799f49f-81b1-491b-ab99-9092bc8c7325,b799f49f-81b1-491b-ab99-9092bc8c7325,9,33.892192,35.4920916,2023-10-13 22:50:44,0
839,b799f49f-81b1-491b-ab99-9092bc8c7325,b799f49f-81b1-491b-ab99-9092bc8c7325,9,33.892192,35.4920916,2023-10-13 22:56:26,0
840,b799f49f-81b1-491b-ab99-9092bc8c7325,b799f49f-81b1-491b-ab99-9092bc8c7325,9,33.892192,35.4920916,2023-10-13 23:03:08,0
841,b799f49f-81b1-491b-ab99-9092bc8c7325,b799f49f-81b1-491b-ab99-9092bc8c7325,9,33.892192,35.4920916,2023-10-13 23:10:25,0
842,b799f49f-81b1-491b-ab99-9092bc8c7325,b799f49f-81b1-491b-ab99-9092bc8c7325,9,33.892192,35.4920916,2023-10-13 23:16:24,0
843,b799f49f-81b1-491b-ab99-9092bc8c7325,b799f49f-81b1-491b-ab99-9092bc8c7325,9,33.892192,35.4920916,2023-10-13 23:21:40,0
844,b799f49f-81b1-491b-ab99-9092bc8c7325,b799f49f-81b1-491b-ab99-9092bc8c7325,9,33.892192,35.4920916,2023-10-13 23:29:20,0
845,b799f49f-81b1-491b-ab99-9092bc8c7325,b799f49f-81b1-491b-ab99-9092bc8c7325,9,33.8921916,35.4920966,2023-10-13 23:36:22,0
846,b799f49f-81b1-491b-ab99-9092bc8c7325,b799f49f-81b1-491b-ab99-9092bc8c7325,9,33.8921916,35.4920966,2023-10-13 23:36:24,0
847,b799f49f-81b1-491b-ab99-9092bc8c7325,b799f49f-81b1-491b-ab99-9092bc8c7325,9,33.8921916,35.4920966,2023-10-13 23:43:50,0
848,b799f49f-81b1-491b-ab99-9092bc8c7325,b799f49f-81b1-491b-ab99-9092bc8c7325,9,33.8921954,35.4920117,2023-10-14 02:10:46,0
849,b799f49f-81b1-491b-ab99-9092bc8c7325,b799f49f-81b1-491b-ab99-9092bc8c7325,9,33.8921162,35.4920187,2023-10-14 03:29:57,0
850,b799f49f-81b1-491b-ab99-9092bc8c7325,b799f49f-81b1-491b-ab99-9092bc8c7325,9,33.8921162,35.4920187,2023-10-14 03:39:02,0
851,b799f49f-81b1-491b-ab99-9092bc8c7325,b799f49f-81b1-491b-ab99-9092bc8c7325,9,33.8921162,35.4920187,2023-10-14 03:44:55,0
852,b799f49f-81b1-491b-ab99-9092bc8c7325,b799f49f-81b1-491b-ab99-9092bc8c7325,9,33.8921904,35.4920901,2023-10-14 03:56:33,0
853,b799f49f-81b1-491b-ab99-9092bc8c7325,b799f49f-81b1-491b-ab99-9092bc8c7325,9,33.8921904,35.4920901,2023-10-14 04:01:43,0
854,b799f49f-81b1-491b-ab99-9092bc8c7325,b799f49f-81b1-491b-ab99-9092bc8c7325,9,33.8921904,35.4920901,2023-10-14 04:26:33,0
855,b799f49f-81b1-491b-ab99-9092bc8c7325,b799f49f-81b1-491b-ab99-9092bc8c7325,9,33.8922061,35.4921808,2023-10-14 04:46:55,0
856,b799f49f-81b1-491b-ab99-9092bc8c7325,b799f49f-81b1-491b-ab99-9092bc8c7325,9,33.8922061,35.4921808,2023-10-14 04:53:15,0
857,b799f49f-81b1-491b-ab99-9092bc8c7325,b799f49f-81b1-491b-ab99-9092bc8c7325,9,33.8921241,35.4920245,2023-10-14 05:06:24,0
858,b799f49f-81b1-491b-ab99-9092bc8c7325,b799f49f-81b1-491b-ab99-9092bc8c7325,9,33.8921925,35.4920946,2023-10-14 05:31:07,0
859,b799f49f-81b1-491b-ab99-9092bc8c7325,b799f49f-81b1-491b-ab99-9092bc8c7325,9,33.8921991,35.4921085,2023-10-14 05:37:27,0
860,b799f49f-81b1-491b-ab99-9092bc8c7325,b799f49f-81b1-491b-ab99-9092bc8c7325,9,33.8921219,35.4920105,2023-10-14 06:44:51,0
861,b799f49f-81b1-491b-ab99-9092bc8c7325,b799f49f-81b1-491b-ab99-9092bc8c7325,9,33.8921926,35.4920986,2023-10-14 06:45:37,0
862,b799f49f-81b1-491b-ab99-9092bc8c7325,b799f49f-81b1-491b-ab99-9092bc8c7325,9,33.8921926,35.4920986,2023-10-14 07:13:28,0
863,b799f49f-81b1-491b-ab99-9092bc8c7325,b799f49f-81b1-491b-ab99-9092bc8c7325,9,33.8921926,35.4920986,2023-10-14 07:26:09,0
864,b799f49f-81b1-491b-ab99-9092bc8c7325,b799f49f-81b1-491b-ab99-9092bc8c7325,9,33.8921926,35.4920986,2023-10-14 07:35:35,0
865,b799f49f-81b1-491b-ab99-9092bc8c7325,b799f49f-81b1-491b-ab99-9092bc8c7325,9,33.8921184,35.4920927,2023-10-14 07:58:34,0
866,b799f49f-81b1-491b-ab99-9092bc8c7325,b799f49f-81b1-491b-ab99-9092bc8c7325,9,33.8921184,35.4920927,2023-10-14 08:13:43,0
867,b799f49f-81b1-491b-ab99-9092bc8c7325,b799f49f-81b1-491b-ab99-9092bc8c7325,9,33.8921184,35.4920927,2023-10-14 08:19:27,0
868,b799f49f-81b1-491b-ab99-9092bc8c7325,b799f49f-81b1-491b-ab99-9092bc8c7325,9,33.8920526,35.4920409,2023-10-14 08:42:30,0
869,b799f49f-81b1-491b-ab99-9092bc8c7325,b799f49f-81b1-491b-ab99-9092bc8c7325,9,33.8920526,35.4920409,2023-10-14 08:49:21,0
870,b799f49f-81b1-491b-ab99-9092bc8c7325,b799f49f-81b1-491b-ab99-9092bc8c7325,9,33.8919507,35.492072,2023-10-14 09:00:30,0
871,b799f49f-81b1-491b-ab99-9092bc8c7325,b799f49f-81b1-491b-ab99-9092bc8c7325,9,33.8919507,35.492072,2023-10-14 09:07:14,0
872,b799f49f-81b1-491b-ab99-9092bc8c7325,b799f49f-81b1-491b-ab99-9092bc8c7325,9,33.8919507,35.492072,2023-10-14 09:23:51,0
873,b799f49f-81b1-491b-ab99-9092bc8c7325,b799f49f-81b1-491b-ab99-9092bc8c7325,9,33.8921677,35.4920714,2023-10-14 09:30:19,0
874,b799f49f-81b1-491b-ab99-9092bc8c7325,b799f49f-81b1-491b-ab99-9092bc8c7325,9,33.8921677,35.4920714,2023-10-14 09:48:11,0
875,b799f49f-81b1-491b-ab99-9092bc8c7325,b799f49f-81b1-491b-ab99-9092bc8c7325,9,33.8921177,35.4920464,2023-10-14 10:22:21,0
876,b799f49f-81b1-491b-ab99-9092bc8c7325,b799f49f-81b1-491b-ab99-9092bc8c7325,9,33.8921464,35.4920669,2023-10-14 10:28:34,0
877,b799f49f-81b1-491b-ab99-9092bc8c7325,b799f49f-81b1-491b-ab99-9092bc8c7325,9,33.8921528,35.4920769,2023-10-14 10:51:21,0
878,b799f49f-81b1-491b-ab99-9092bc8c7325,b799f49f-81b1-491b-ab99-9092bc8c7325,9,33.8921528,35.4920769,2023-10-14 10:51:25,0
879,b799f49f-81b1-491b-ab99-9092bc8c7325,b799f49f-81b1-491b-ab99-9092bc8c7325,9,33.8921215,35.4920421,2023-10-14 11:12:28,0
880,b799f49f-81b1-491b-ab99-9092bc8c7325,b799f49f-81b1-491b-ab99-9092bc8c7325,9,33.8921215,35.4920421,2023-10-14 11:18:12,0
881,b799f49f-81b1-491b-ab99-9092bc8c7325,b799f49f-81b1-491b-ab99-9092bc8c7325,9,33.8921215,35.4920421,2023-10-14 11:24:26,0
882,b799f49f-81b1-491b-ab99-9092bc8c7325,b799f49f-81b1-491b-ab99-9092bc8c7325,9,33.8921215,35.4920421,2023-10-14 11:36:34,0
883,b799f49f-81b1-491b-ab99-9092bc8c7325,b799f49f-81b1-491b-ab99-9092bc8c7325,9,33.8921928,35.4920124,2023-10-14 11:54:22,0
884,b799f49f-81b1-491b-ab99-9092bc8c7325,b799f49f-81b1-491b-ab99-9092bc8c7325,9,33.8921928,35.4920124,2023-10-14 11:59:48,0
885,b799f49f-81b1-491b-ab99-9092bc8c7325,b799f49f-81b1-491b-ab99-9092bc8c7325,9,33.8921202,35.4920265,2023-10-14 12:19:22,0
886,b799f49f-81b1-491b-ab99-9092bc8c7325,b799f49f-81b1-491b-ab99-9092bc8c7325,9,33.8921202,35.4920265,2023-10-14 12:31:22,0
887,b799f49f-81b1-491b-ab99-9092bc8c7325,b799f49f-81b1-491b-ab99-9092bc8c7325,9,33.8921202,35.4920265,2023-10-14 12:37:34,0
888,b799f49f-81b1-491b-ab99-9092bc8c7325,b799f49f-81b1-491b-ab99-9092bc8c7325,9,33.8921101,35.4920298,2023-10-14 12:51:56,0
890,b799f49f-81b1-491b-ab99-9092bc8c7325,b799f49f-81b1-491b-ab99-9092bc8c7325,9,33.8922012,35.4920264,2023-10-14 13:15:29,0
891,b799f49f-81b1-491b-ab99-9092bc8c7325,b799f49f-81b1-491b-ab99-9092bc8c7325,9,33.8922766,35.4920242,2023-10-14 13:34:14,0
892,b799f49f-81b1-491b-ab99-9092bc8c7325,b799f49f-81b1-491b-ab99-9092bc8c7325,9,33.8922,35.492097,2023-10-14 14:14:47,0
893,b799f49f-81b1-491b-ab99-9092bc8c7325,b799f49f-81b1-491b-ab99-9092bc8c7325,9,33.8922,35.492097,2023-10-14 14:27:17,0
894,b799f49f-81b1-491b-ab99-9092bc8c7325,b799f49f-81b1-491b-ab99-9092bc8c7325,9,33.8922,35.492097,2023-10-14 14:32:47,0
895,b799f49f-81b1-491b-ab99-9092bc8c7325,b799f49f-81b1-491b-ab99-9092bc8c7325,9,33.8921971,35.4920966,2023-10-14 22:15:21,0
896,b799f49f-81b1-491b-ab99-9092bc8c7325,b799f49f-81b1-491b-ab99-9092bc8c7325,9,33.892202,35.4920122,2023-10-14 23:17:23,0
