,Device_ID_geo,Latitude,Longitude,Timestamp,Location_Name,Service_Provider_ID,HourOfDay,Date,Cluster,Location
1,b799f49f-81b1-491b-ab99-9092bc8c7325,33.89216,35.49209,2023-09-26 01:06:11,b799f49f-81b1-491b-ab99-9092bc8c7325,9,1,2023-09-26,0,"(33.89214149, 35.49206128)"
2,b799f49f-81b1-491b-ab99-9092bc8c7325,33.8922,35.49205,2023-09-26 01:12:06,b799f49f-81b1-491b-ab99-9092bc8c7325,9,1,2023-09-26,0,"(33.89214149, 35.49206128)"
3,b799f49f-81b1-491b-ab99-9092bc8c7325,33.89221,35.49208,2023-09-26 01:18:56,b799f49f-81b1-491b-ab99-9092bc8c7325,9,1,2023-09-26,0,"(33.89214149, 35.49206128)"
4,b799f49f-81b1-491b-ab99-9092bc8c7325,33.89217,35.49202,2023-09-26 01:26:01,b799f49f-81b1-491b-ab99-9092bc8c7325,9,1,2023-09-26,0,"(33.89214149, 35.49206128)"
5,b799f49f-81b1-491b-ab99-9092bc8c7325,33.89222,35.49206,2023-09-26 01:41:13,b799f49f-81b1-491b-ab99-9092bc8c7325,9,1,2023-09-26,0,"(33.89214149, 35.49206128)"
6,b799f49f-81b1-491b-ab99-9092bc8c7325,33.89218,35.49206,2023-09-26 01:47:01,b799f49f-81b1-491b-ab99-9092bc8c7325,9,1,2023-09-26,0,"(33.89214149, 35.49206128)"
7,b799f49f-81b1-491b-ab99-9092bc8c7325,33.89213,35.49204,2023-09-26 01:55:59,b799f49f-81b1-491b-ab99-9092bc8c7325,9,1,2023-09-26,0,"(33.89214149, 35.49206128)"
8,b799f49f-81b1-491b-ab99-9092bc8c7325,33.89214,35.4921,2023-09-26 02:01:08,b799f49f-81b1-491b-ab99-9092bc8c7325,9,2,2023-09-26,0,"(33.89214149, 35.49206128)"
9,b799f49f-81b1-491b-ab99-9092bc8c7325,33.89212,35.4921,2023-09-26 02:14:41,b799f49f-81b1-491b-ab99-9092bc8c7325,9,2,2023-09-26,0,"(33.89214149, 35.49206128)"
10,b799f49f-81b1-491b-ab99-9092bc8c7325,33.89217,35.49209,2023-09-26 02:19:33,b799f49f-81b1-491b-ab99-9092bc8c7325,9,2,2023-09-26,0,"(33.89214149, 35.49206128)"
11,b799f49f-81b1-491b-ab99-9092bc8c7325,33.89217,35.49204,2023-09-26 02:26:21,b799f49f-81b1-491b-ab99-9092bc8c7325,9,2,2023-09-26,0,"(33.89214149, 35.49206128)"
12,b799f49f-81b1-491b-ab99-9092bc8c7325,33.89217,35.49205,2023-09-26 02:31:26,b799f49f-81b1-491b-ab99-9092bc8c7325,9,2,2023-09-26,0,"(33.89214149, 35.49206128)"
13,b799f49f-81b1-491b-ab99-9092bc8c7325,33.89214,35.49206,2023-09-26 02:32:42,b799f49f-81b1-491b-ab99-9092bc8c7325,9,2,2023-09-26,0,"(33.89214149, 35.49206128)"
14,b799f49f-81b1-491b-ab99-9092bc8c7325,33.89214,35.49208,2023-09-26 02:37:53,b799f49f-81b1-491b-ab99-9092bc8c7325,9,2,2023-09-26,0,"(33.89214149, 35.49206128)"
15,b799f49f-81b1-491b-ab99-9092bc8c7325,33.89213,35.49204,2023-09-26 02:47:37,b799f49f-81b1-491b-ab99-9092bc8c7325,9,2,2023-09-26,0,"(33.89214149, 35.49206128)"
17,b799f49f-81b1-491b-ab99-9092bc8c7325,33.89197,35.49203,2023-09-26 08:58:21,b799f49f-81b1-491b-ab99-9092bc8c7325,9,8,2023-09-26,0,"(33.89214149, 35.49206128)"
21,b799f49f-81b1-491b-ab99-9092bc8c7325,33.89212,35.49206,2023-09-26 09:38:23,b799f49f-81b1-491b-ab99-9092bc8c7325,9,9,2023-09-26,0,"(33.89214149, 35.49206128)"
27,b799f49f-81b1-491b-ab99-9092bc8c7325,33.89212,35.49193,2023-09-26 10:15:12,b799f49f-81b1-491b-ab99-9092bc8c7325,9,10,2023-09-26,0,"(33.89214149, 35.49206128)"
28,b799f49f-81b1-491b-ab99-9092bc8c7325,33.89208,35.49195,2023-09-26 10:21:56,b799f49f-81b1-491b-ab99-9092bc8c7325,9,10,2023-09-26,0,"(33.89214149, 35.49206128)"
29,b799f49f-81b1-491b-ab99-9092bc8c7325,33.89209,35.49188,2023-09-26 10:27:56,b799f49f-81b1-491b-ab99-9092bc8c7325,9,10,2023-09-26,0,"(33.89214149, 35.49206128)"
48,b799f49f-81b1-491b-ab99-9092bc8c7325,33.89209,35.49191,2023-09-26 12:18:03,b799f49f-81b1-491b-ab99-9092bc8c7325,9,12,2023-09-26,0,"(33.89214149, 35.49206128)"
50,b799f49f-81b1-491b-ab99-9092bc8c7325,33.89201,35.492,2023-09-26 12:37:14,b799f49f-81b1-491b-ab99-9092bc8c7325,9,12,2023-09-26,0,"(33.89214149, 35.49206128)"
56,b799f49f-81b1-491b-ab99-9092bc8c7325,33.89207,35.49193,2023-09-26 13:22:20,b799f49f-81b1-491b-ab99-9092bc8c7325,9,13,2023-09-26,0,"(33.89214149, 35.49206128)"
57,b799f49f-81b1-491b-ab99-9092bc8c7325,33.89212,35.49193,2023-09-26 13:28:29,b799f49f-81b1-491b-ab99-9092bc8c7325,9,13,2023-09-26,0,"(33.89214149, 35.49206128)"
58,b799f49f-81b1-491b-ab99-9092bc8c7325,33.89205,35.49193,2023-09-26 13:38:44,b799f49f-81b1-491b-ab99-9092bc8c7325,9,13,2023-09-26,0,"(33.89214149, 35.49206128)"
59,b799f49f-81b1-491b-ab99-9092bc8c7325,33.89206,35.49189,2023-09-26 13:39:50,b799f49f-81b1-491b-ab99-9092bc8c7325,9,13,2023-09-26,0,"(33.89214149, 35.49206128)"
60,b799f49f-81b1-491b-ab99-9092bc8c7325,33.89205,35.49191,2023-09-26 13:48:02,b799f49f-81b1-491b-ab99-9092bc8c7325,9,13,2023-09-26,0,"(33.89214149, 35.49206128)"
61,b799f49f-81b1-491b-ab99-9092bc8c7325,33.89218,35.49216,2023-09-26 13:54:34,b799f49f-81b1-491b-ab99-9092bc8c7325,9,13,2023-09-26,0,"(33.89214149, 35.49206128)"
62,b799f49f-81b1-491b-ab99-9092bc8c7325,33.89209,35.49217,2023-09-26 14:01:46,b799f49f-81b1-491b-ab99-9092bc8c7325,9,14,2023-09-26,0,"(33.89214149, 35.49206128)"
63,b799f49f-81b1-491b-ab99-9092bc8c7325,33.89218,35.49221,2023-09-26 14:13:27,b799f49f-81b1-491b-ab99-9092bc8c7325,9,14,2023-09-26,0,"(33.89214149, 35.49206128)"
64,b799f49f-81b1-491b-ab99-9092bc8c7325,33.89215,35.49216,2023-09-26 14:19:19,b799f49f-81b1-491b-ab99-9092bc8c7325,9,14,2023-09-26,0,"(33.89214149, 35.49206128)"
65,b799f49f-81b1-491b-ab99-9092bc8c7325,33.89201,35.492,2023-09-26 14:34:34,b799f49f-81b1-491b-ab99-9092bc8c7325,9,14,2023-09-26,0,"(33.89214149, 35.49206128)"
66,b799f49f-81b1-491b-ab99-9092bc8c7325,33.89206,35.49184,2023-09-26 14:48:19,b799f49f-81b1-491b-ab99-9092bc8c7325,9,14,2023-09-26,0,"(33.89214149, 35.49206128)"
67,b799f49f-81b1-491b-ab99-9092bc8c7325,33.89212,35.49222,2023-09-26 14:56:08,b799f49f-81b1-491b-ab99-9092bc8c7325,9,14,2023-09-26,0,"(33.89214149, 35.49206128)"
68,b799f49f-81b1-491b-ab99-9092bc8c7325,33.89211,35.49218,2023-09-26 14:56:28,b799f49f-81b1-491b-ab99-9092bc8c7325,9,14,2023-09-26,0,"(33.89214149, 35.49206128)"
69,b799f49f-81b1-491b-ab99-9092bc8c7325,33.89209,35.49216,2023-09-26 15:02:42,b799f49f-81b1-491b-ab99-9092bc8c7325,9,15,2023-09-26,0,"(33.89214149, 35.49206128)"
70,b799f49f-81b1-491b-ab99-9092bc8c7325,33.89209,35.49222,2023-09-26 15:10:34,b799f49f-81b1-491b-ab99-9092bc8c7325,9,15,2023-09-26,0,"(33.89214149, 35.49206128)"
71,b799f49f-81b1-491b-ab99-9092bc8c7325,33.89213,35.49217,2023-09-26 15:16:55,b799f49f-81b1-491b-ab99-9092bc8c7325,9,15,2023-09-26,0,"(33.89214149, 35.49206128)"
72,b799f49f-81b1-491b-ab99-9092bc8c7325,33.89217,35.49214,2023-09-26 15:22:40,b799f49f-81b1-491b-ab99-9092bc8c7325,9,15,2023-09-26,0,"(33.89214149, 35.49206128)"
76,b799f49f-81b1-491b-ab99-9092bc8c7325,33.89196,35.49202,2023-09-26 15:59:03,b799f49f-81b1-491b-ab99-9092bc8c7325,9,15,2023-09-26,0,"(33.89214149, 35.49206128)"
79,b799f49f-81b1-491b-ab99-9092bc8c7325,33.89198,35.49204,2023-09-26 16:14:44,b799f49f-81b1-491b-ab99-9092bc8c7325,9,16,2023-09-26,0,"(33.89214149, 35.49206128)"
80,b799f49f-81b1-491b-ab99-9092bc8c7325,33.89199,35.49205,2023-09-26 16:20:37,b799f49f-81b1-491b-ab99-9092bc8c7325,9,16,2023-09-26,0,"(33.89214149, 35.49206128)"
81,b799f49f-81b1-491b-ab99-9092bc8c7325,33.89209,35.49198,2023-09-26 16:26:02,b799f49f-81b1-491b-ab99-9092bc8c7325,9,16,2023-09-26,0,"(33.89214149, 35.49206128)"
82,b799f49f-81b1-491b-ab99-9092bc8c7325,33.892,35.49204,2023-09-26 16:33:14,b799f49f-81b1-491b-ab99-9092bc8c7325,9,16,2023-09-26,0,"(33.89214149, 35.49206128)"
83,b799f49f-81b1-491b-ab99-9092bc8c7325,33.89202,35.49201,2023-09-26 16:41:05,b799f49f-81b1-491b-ab99-9092bc8c7325,9,16,2023-09-26,0,"(33.89214149, 35.49206128)"
84,b799f49f-81b1-491b-ab99-9092bc8c7325,33.89207,35.49195,2023-09-26 16:49:24,b799f49f-81b1-491b-ab99-9092bc8c7325,9,16,2023-09-26,0,"(33.89214149, 35.49206128)"
88,b799f49f-81b1-491b-ab99-9092bc8c7325,33.89197,35.49205,2023-09-26 17:18:39,b799f49f-81b1-491b-ab99-9092bc8c7325,9,17,2023-09-26,0,"(33.89214149, 35.49206128)"
92,b799f49f-81b1-491b-ab99-9092bc8c7325,33.89215,35.49205,2023-09-26 17:53:37,b799f49f-81b1-491b-ab99-9092bc8c7325,9,17,2023-09-26,0,"(33.89214149, 35.49206128)"
93,b799f49f-81b1-491b-ab99-9092bc8c7325,33.8921,35.49205,2023-09-26 18:03:29,b799f49f-81b1-491b-ab99-9092bc8c7325,9,18,2023-09-26,0,"(33.89214149, 35.49206128)"
94,b799f49f-81b1-491b-ab99-9092bc8c7325,33.8921,35.49203,2023-09-26 18:10:42,b799f49f-81b1-491b-ab99-9092bc8c7325,9,18,2023-09-26,0,"(33.89214149, 35.49206128)"
95,b799f49f-81b1-491b-ab99-9092bc8c7325,33.89208,35.49201,2023-09-26 18:16:18,b799f49f-81b1-491b-ab99-9092bc8c7325,9,18,2023-09-26,0,"(33.89214149, 35.49206128)"
96,b799f49f-81b1-491b-ab99-9092bc8c7325,33.89213,35.49197,2023-09-26 18:22:34,b799f49f-81b1-491b-ab99-9092bc8c7325,9,18,2023-09-26,0,"(33.89214149, 35.49206128)"
108,b799f49f-81b1-491b-ab99-9092bc8c7325,33.8921,35.49197,2023-09-26 19:34:39,b799f49f-81b1-491b-ab99-9092bc8c7325,9,19,2023-09-26,0,"(33.89214149, 35.49206128)"
115,b799f49f-81b1-491b-ab99-9092bc8c7325,33.89215,35.49209,2023-09-26 20:33:32,b799f49f-81b1-491b-ab99-9092bc8c7325,9,20,2023-09-26,0,"(33.89214149, 35.49206128)"
116,b799f49f-81b1-491b-ab99-9092bc8c7325,33.89211,35.49209,2023-09-26 20:39:14,b799f49f-81b1-491b-ab99-9092bc8c7325,9,20,2023-09-26,0,"(33.89214149, 35.49206128)"
117,b799f49f-81b1-491b-ab99-9092bc8c7325,33.8922,35.49204,2023-09-26 21:01:57,b799f49f-81b1-491b-ab99-9092bc8c7325,9,21,2023-09-26,0,"(33.89214149, 35.49206128)"
118,b799f49f-81b1-491b-ab99-9092bc8c7325,33.89213,35.49203,2023-09-26 21:07:54,b799f49f-81b1-491b-ab99-9092bc8c7325,9,21,2023-09-26,0,"(33.89214149, 35.49206128)"
119,b799f49f-81b1-491b-ab99-9092bc8c7325,33.89215,35.49204,2023-09-26 21:13:45,b799f49f-81b1-491b-ab99-9092bc8c7325,9,21,2023-09-26,0,"(33.89214149, 35.49206128)"
120,b799f49f-81b1-491b-ab99-9092bc8c7325,33.89212,35.49211,2023-09-26 21:19:45,b799f49f-81b1-491b-ab99-9092bc8c7325,9,21,2023-09-26,0,"(33.89214149, 35.49206128)"
121,b799f49f-81b1-491b-ab99-9092bc8c7325,33.89216,35.49206,2023-09-26 21:28:58,b799f49f-81b1-491b-ab99-9092bc8c7325,9,21,2023-09-26,0,"(33.89214149, 35.49206128)"
122,b799f49f-81b1-491b-ab99-9092bc8c7325,33.89211,35.49203,2023-09-26 21:41:52,b799f49f-81b1-491b-ab99-9092bc8c7325,9,21,2023-09-26,0,"(33.89214149, 35.49206128)"
123,b799f49f-81b1-491b-ab99-9092bc8c7325,33.89206,35.49201,2023-09-26 21:48:48,b799f49f-81b1-491b-ab99-9092bc8c7325,9,21,2023-09-26,0,"(33.89214149, 35.49206128)"
124,b799f49f-81b1-491b-ab99-9092bc8c7325,33.89207,35.49203,2023-09-26 21:56:50,b799f49f-81b1-491b-ab99-9092bc8c7325,9,21,2023-09-26,0,"(33.89214149, 35.49206128)"
125,b799f49f-81b1-491b-ab99-9092bc8c7325,33.8921,35.49203,2023-09-26 22:03:39,b799f49f-81b1-491b-ab99-9092bc8c7325,9,22,2023-09-26,0,"(33.89214149, 35.49206128)"
126,b799f49f-81b1-491b-ab99-9092bc8c7325,33.89205,35.49195,2023-09-26 22:10:13,b799f49f-81b1-491b-ab99-9092bc8c7325,9,22,2023-09-26,0,"(33.89214149, 35.49206128)"
127,b799f49f-81b1-491b-ab99-9092bc8c7325,33.89212,35.49197,2023-09-26 22:19:55,b799f49f-81b1-491b-ab99-9092bc8c7325,9,22,2023-09-26,0,"(33.89214149, 35.49206128)"
129,b799f49f-81b1-491b-ab99-9092bc8c7325,33.8921129,35.492017,2023-10-12 01:11:34,b799f49f-81b1-491b-ab99-9092bc8c7325,8,1,2023-10-12,0,"(33.89214149, 35.49206128)"
130,b799f49f-81b1-491b-ab99-9092bc8c7325,33.8921169,35.4920469,2023-10-12 02:27:41,b799f49f-81b1-491b-ab99-9092bc8c7325,8,2,2023-10-12,0,"(33.89214149, 35.49206128)"
131,b799f49f-81b1-491b-ab99-9092bc8c7325,33.8921921,35.4920978,2023-10-12 03:22:24,b799f49f-81b1-491b-ab99-9092bc8c7325,8,3,2023-10-12,0,"(33.89214149, 35.49206128)"
132,b799f49f-81b1-491b-ab99-9092bc8c7325,33.8921921,35.4920978,2023-10-12 03:30:25,b799f49f-81b1-491b-ab99-9092bc8c7325,8,3,2023-10-12,0,"(33.89214149, 35.49206128)"
133,b799f49f-81b1-491b-ab99-9092bc8c7325,33.8921997,35.4921071,2023-10-12 03:38:21,b799f49f-81b1-491b-ab99-9092bc8c7325,8,3,2023-10-12,0,"(33.89214149, 35.49206128)"
134,b799f49f-81b1-491b-ab99-9092bc8c7325,33.8921997,35.4921071,2023-10-12 03:44:13,b799f49f-81b1-491b-ab99-9092bc8c7325,8,3,2023-10-12,0,"(33.89214149, 35.49206128)"
135,b799f49f-81b1-491b-ab99-9092bc8c7325,33.8921997,35.4921071,2023-10-12 03:46:23,b799f49f-81b1-491b-ab99-9092bc8c7325,8,3,2023-10-12,0,"(33.89214149, 35.49206128)"
136,b799f49f-81b1-491b-ab99-9092bc8c7325,33.8921997,35.4921071,2023-10-12 03:52:33,b799f49f-81b1-491b-ab99-9092bc8c7325,8,3,2023-10-12,0,"(33.89214149, 35.49206128)"
137,b799f49f-81b1-491b-ab99-9092bc8c7325,33.8921997,35.4921071,2023-10-12 03:58:56,b799f49f-81b1-491b-ab99-9092bc8c7325,8,3,2023-10-12,0,"(33.89214149, 35.49206128)"
138,b799f49f-81b1-491b-ab99-9092bc8c7325,33.8921192,35.4920916,2023-10-12 04:04:04,b799f49f-81b1-491b-ab99-9092bc8c7325,8,4,2023-10-12,0,"(33.89214149, 35.49206128)"
139,b799f49f-81b1-491b-ab99-9092bc8c7325,33.8921164,35.492095,2023-10-12 04:08:39,b799f49f-81b1-491b-ab99-9092bc8c7325,8,4,2023-10-12,0,"(33.89214149, 35.49206128)"
140,b799f49f-81b1-491b-ab99-9092bc8c7325,33.892194,35.4920945,2023-10-12 04:30:57,b799f49f-81b1-491b-ab99-9092bc8c7325,8,4,2023-10-12,0,"(33.89214149, 35.49206128)"
141,b799f49f-81b1-491b-ab99-9092bc8c7325,33.8920665,35.4920758,2023-10-12 04:38:56,b799f49f-81b1-491b-ab99-9092bc8c7325,8,4,2023-10-12,0,"(33.89214149, 35.49206128)"
142,b799f49f-81b1-491b-ab99-9092bc8c7325,33.8920444,35.4920298,2023-10-12 04:46:19,b799f49f-81b1-491b-ab99-9092bc8c7325,8,4,2023-10-12,0,"(33.89214149, 35.49206128)"
143,b799f49f-81b1-491b-ab99-9092bc8c7325,33.8920444,35.4920298,2023-10-12 04:58:19,b799f49f-81b1-491b-ab99-9092bc8c7325,8,4,2023-10-12,0,"(33.89214149, 35.49206128)"
144,b799f49f-81b1-491b-ab99-9092bc8c7325,33.8920406,35.4918921,2023-10-12 05:08:56,b799f49f-81b1-491b-ab99-9092bc8c7325,8,5,2023-10-12,0,"(33.89214149, 35.49206128)"
145,b799f49f-81b1-491b-ab99-9092bc8c7325,33.8920406,35.4918921,2023-10-12 05:14:27,b799f49f-81b1-491b-ab99-9092bc8c7325,8,5,2023-10-12,0,"(33.89214149, 35.49206128)"
146,b799f49f-81b1-491b-ab99-9092bc8c7325,33.8920406,35.4918921,2023-10-12 05:21:23,b799f49f-81b1-491b-ab99-9092bc8c7325,8,5,2023-10-12,0,"(33.89214149, 35.49206128)"
147,b799f49f-81b1-491b-ab99-9092bc8c7325,33.8920406,35.4918921,2023-10-12 05:28:55,b799f49f-81b1-491b-ab99-9092bc8c7325,8,5,2023-10-12,0,"(33.89214149, 35.49206128)"
149,b799f49f-81b1-491b-ab99-9092bc8c7325,33.8921994,35.4920984,2023-10-12 06:00:12,b799f49f-81b1-491b-ab99-9092bc8c7325,8,6,2023-10-12,0,"(33.89214149, 35.49206128)"
152,b799f49f-81b1-491b-ab99-9092bc8c7325,33.8921962,35.4921274,2023-10-12 06:41:21,b799f49f-81b1-491b-ab99-9092bc8c7325,8,6,2023-10-12,0,"(33.89214149, 35.49206128)"
153,b799f49f-81b1-491b-ab99-9092bc8c7325,33.8921962,35.4921274,2023-10-12 06:47:35,b799f49f-81b1-491b-ab99-9092bc8c7325,8,6,2023-10-12,0,"(33.89214149, 35.49206128)"
154,b799f49f-81b1-491b-ab99-9092bc8c7325,33.8921962,35.4921274,2023-10-12 06:52:57,b799f49f-81b1-491b-ab99-9092bc8c7325,8,6,2023-10-12,0,"(33.89214149, 35.49206128)"
155,b799f49f-81b1-491b-ab99-9092bc8c7325,33.8921962,35.4921274,2023-10-12 06:58:15,b799f49f-81b1-491b-ab99-9092bc8c7325,8,6,2023-10-12,0,"(33.89214149, 35.49206128)"
163,b799f49f-81b1-491b-ab99-9092bc8c7325,33.8921169,35.4921507,2023-10-12 08:07:03,b799f49f-81b1-491b-ab99-9092bc8c7325,8,8,2023-10-12,0,"(33.89214149, 35.49206128)"
164,b799f49f-81b1-491b-ab99-9092bc8c7325,33.8921169,35.4921507,2023-10-12 08:14:36,b799f49f-81b1-491b-ab99-9092bc8c7325,8,8,2023-10-12,0,"(33.89214149, 35.49206128)"
165,b799f49f-81b1-491b-ab99-9092bc8c7325,33.8921169,35.4921507,2023-10-12 08:21:01,b799f49f-81b1-491b-ab99-9092bc8c7325,8,8,2023-10-12,0,"(33.89214149, 35.49206128)"
166,b799f49f-81b1-491b-ab99-9092bc8c7325,33.8921169,35.4921507,2023-10-12 08:26:51,b799f49f-81b1-491b-ab99-9092bc8c7325,8,8,2023-10-12,0,"(33.89214149, 35.49206128)"
167,b799f49f-81b1-491b-ab99-9092bc8c7325,33.8921294,35.4920928,2023-10-12 08:40:31,b799f49f-81b1-491b-ab99-9092bc8c7325,8,8,2023-10-12,0,"(33.89214149, 35.49206128)"
169,b799f49f-81b1-491b-ab99-9092bc8c7325,33.8921267,35.4920119,2023-10-12 08:53:40,b799f49f-81b1-491b-ab99-9092bc8c7325,8,8,2023-10-12,0,"(33.89214149, 35.49206128)"
171,b799f49f-81b1-491b-ab99-9092bc8c7325,33.8921911,35.4921686,2023-10-12 09:25:17,b799f49f-81b1-491b-ab99-9092bc8c7325,8,9,2023-10-12,0,"(33.89214149, 35.49206128)"
172,b799f49f-81b1-491b-ab99-9092bc8c7325,33.8921911,35.4921686,2023-10-12 09:32:31,b799f49f-81b1-491b-ab99-9092bc8c7325,8,9,2023-10-12,0,"(33.89214149, 35.49206128)"
173,b799f49f-81b1-491b-ab99-9092bc8c7325,33.8921911,35.4921686,2023-10-12 09:38:51,b799f49f-81b1-491b-ab99-9092bc8c7325,8,9,2023-10-12,0,"(33.89214149, 35.49206128)"
174,b799f49f-81b1-491b-ab99-9092bc8c7325,33.8921911,35.4921686,2023-10-12 09:43:46,b799f49f-81b1-491b-ab99-9092bc8c7325,8,9,2023-10-12,0,"(33.89214149, 35.49206128)"
175,b799f49f-81b1-491b-ab99-9092bc8c7325,33.8921911,35.4921686,2023-10-12 09:50:41,b799f49f-81b1-491b-ab99-9092bc8c7325,8,9,2023-10-12,0,"(33.89214149, 35.49206128)"
205,b799f49f-81b1-491b-ab99-9092bc8c7325,33.8920526,35.491906,2023-10-12 13:20:56,b799f49f-81b1-491b-ab99-9092bc8c7325,8,13,2023-10-12,0,"(33.89214149, 35.49206128)"
206,b799f49f-81b1-491b-ab99-9092bc8c7325,33.8920526,35.491906,2023-10-12 13:33:02,b799f49f-81b1-491b-ab99-9092bc8c7325,8,13,2023-10-12,0,"(33.89214149, 35.49206128)"
207,b799f49f-81b1-491b-ab99-9092bc8c7325,33.8920526,35.491906,2023-10-12 13:39:14,b799f49f-81b1-491b-ab99-9092bc8c7325,8,13,2023-10-12,0,"(33.89214149, 35.49206128)"
208,b799f49f-81b1-491b-ab99-9092bc8c7325,33.8921276,35.4920664,2023-10-12 13:46:22,b799f49f-81b1-491b-ab99-9092bc8c7325,8,13,2023-10-12,0,"(33.89214149, 35.49206128)"
209,b799f49f-81b1-491b-ab99-9092bc8c7325,33.8921276,35.4920664,2023-10-12 13:53:51,b799f49f-81b1-491b-ab99-9092bc8c7325,8,13,2023-10-12,0,"(33.89214149, 35.49206128)"
210,b799f49f-81b1-491b-ab99-9092bc8c7325,33.8921276,35.4920664,2023-10-12 13:58:29,b799f49f-81b1-491b-ab99-9092bc8c7325,8,13,2023-10-12,0,"(33.89214149, 35.49206128)"
230,b799f49f-81b1-491b-ab99-9092bc8c7325,33.892197,35.492096,2023-10-12 16:09:32,b799f49f-81b1-491b-ab99-9092bc8c7325,8,16,2023-10-12,0,"(33.89214149, 35.49206128)"
231,b799f49f-81b1-491b-ab99-9092bc8c7325,33.892146,35.4920449,2023-10-12 16:15:17,b799f49f-81b1-491b-ab99-9092bc8c7325,8,16,2023-10-12,0,"(33.89214149, 35.49206128)"
232,b799f49f-81b1-491b-ab99-9092bc8c7325,33.892146,35.4920449,2023-10-12 16:21:38,b799f49f-81b1-491b-ab99-9092bc8c7325,8,16,2023-10-12,0,"(33.89214149, 35.49206128)"
233,b799f49f-81b1-491b-ab99-9092bc8c7325,33.892146,35.4920449,2023-10-12 16:34:39,b799f49f-81b1-491b-ab99-9092bc8c7325,8,16,2023-10-12,0,"(33.89214149, 35.49206128)"
234,b799f49f-81b1-491b-ab99-9092bc8c7325,33.892146,35.4920449,2023-10-12 16:41:25,b799f49f-81b1-491b-ab99-9092bc8c7325,8,16,2023-10-12,0,"(33.89214149, 35.49206128)"
235,b799f49f-81b1-491b-ab99-9092bc8c7325,33.8921114,35.4920262,2023-10-12 16:48:08,b799f49f-81b1-491b-ab99-9092bc8c7325,8,16,2023-10-12,0,"(33.89214149, 35.49206128)"
236,b799f49f-81b1-491b-ab99-9092bc8c7325,33.8921114,35.4920262,2023-10-12 16:56:00,b799f49f-81b1-491b-ab99-9092bc8c7325,8,16,2023-10-12,0,"(33.89214149, 35.49206128)"
237,b799f49f-81b1-491b-ab99-9092bc8c7325,33.8921114,35.4920262,2023-10-12 16:56:15,b799f49f-81b1-491b-ab99-9092bc8c7325,8,16,2023-10-12,0,"(33.89214149, 35.49206128)"
238,b799f49f-81b1-491b-ab99-9092bc8c7325,33.8921114,35.4920262,2023-10-12 17:03:02,b799f49f-81b1-491b-ab99-9092bc8c7325,8,17,2023-10-12,0,"(33.89214149, 35.49206128)"
239,b799f49f-81b1-491b-ab99-9092bc8c7325,33.8921114,35.4920262,2023-10-12 17:10:21,b799f49f-81b1-491b-ab99-9092bc8c7325,8,17,2023-10-12,0,"(33.89214149, 35.49206128)"
240,b799f49f-81b1-491b-ab99-9092bc8c7325,33.8921114,35.4920262,2023-10-12 17:16:26,b799f49f-81b1-491b-ab99-9092bc8c7325,8,17,2023-10-12,0,"(33.89214149, 35.49206128)"
241,b799f49f-81b1-491b-ab99-9092bc8c7325,33.8921411,35.4920442,2023-10-12 17:22:37,b799f49f-81b1-491b-ab99-9092bc8c7325,8,17,2023-10-12,0,"(33.89214149, 35.49206128)"
242,b799f49f-81b1-491b-ab99-9092bc8c7325,33.8921411,35.4920442,2023-10-12 17:28:22,b799f49f-81b1-491b-ab99-9092bc8c7325,8,17,2023-10-12,0,"(33.89214149, 35.49206128)"
243,b799f49f-81b1-491b-ab99-9092bc8c7325,33.8922009,35.4920977,2023-10-12 18:00:21,b799f49f-81b1-491b-ab99-9092bc8c7325,8,18,2023-10-12,0,"(33.89214149, 35.49206128)"
244,b799f49f-81b1-491b-ab99-9092bc8c7325,33.8922009,35.4920977,2023-10-12 18:11:29,b799f49f-81b1-491b-ab99-9092bc8c7325,8,18,2023-10-12,0,"(33.89214149, 35.49206128)"
245,b799f49f-81b1-491b-ab99-9092bc8c7325,33.8922009,35.4920977,2023-10-12 18:23:51,b799f49f-81b1-491b-ab99-9092bc8c7325,8,18,2023-10-12,0,"(33.89214149, 35.49206128)"
246,b799f49f-81b1-491b-ab99-9092bc8c7325,33.8922009,35.4920977,2023-10-12 18:30:02,b799f49f-81b1-491b-ab99-9092bc8c7325,8,18,2023-10-12,0,"(33.89214149, 35.49206128)"
247,b799f49f-81b1-491b-ab99-9092bc8c7325,33.8921929,35.4920966,2023-10-12 18:38:54,b799f49f-81b1-491b-ab99-9092bc8c7325,8,18,2023-10-12,0,"(33.89214149, 35.49206128)"
248,b799f49f-81b1-491b-ab99-9092bc8c7325,33.8921929,35.4920966,2023-10-12 18:44:51,b799f49f-81b1-491b-ab99-9092bc8c7325,8,18,2023-10-12,0,"(33.89214149, 35.49206128)"
249,b799f49f-81b1-491b-ab99-9092bc8c7325,33.8921978,35.4921078,2023-10-12 18:52:11,b799f49f-81b1-491b-ab99-9092bc8c7325,8,18,2023-10-12,0,"(33.89214149, 35.49206128)"
251,b799f49f-81b1-491b-ab99-9092bc8c7325,33.8920977,35.4920896,2023-10-12 19:05:31,b799f49f-81b1-491b-ab99-9092bc8c7325,8,19,2023-10-12,0,"(33.89214149, 35.49206128)"
252,b799f49f-81b1-491b-ab99-9092bc8c7325,33.8920977,35.4920896,2023-10-12 19:10:36,b799f49f-81b1-491b-ab99-9092bc8c7325,8,19,2023-10-12,0,"(33.89214149, 35.49206128)"
258,b799f49f-81b1-491b-ab99-9092bc8c7325,33.8920719,35.4919625,2023-10-12 19:51:47,b799f49f-81b1-491b-ab99-9092bc8c7325,8,19,2023-10-12,0,"(33.89214149, 35.49206128)"
259,b799f49f-81b1-491b-ab99-9092bc8c7325,33.8920719,35.4919625,2023-10-12 19:58:47,b799f49f-81b1-491b-ab99-9092bc8c7325,8,19,2023-10-12,0,"(33.89214149, 35.49206128)"
260,b799f49f-81b1-491b-ab99-9092bc8c7325,33.8920719,35.4919625,2023-10-12 20:06:37,b799f49f-81b1-491b-ab99-9092bc8c7325,8,20,2023-10-12,0,"(33.89214149, 35.49206128)"
261,b799f49f-81b1-491b-ab99-9092bc8c7325,33.8921942,35.4920966,2023-10-12 20:28:40,b799f49f-81b1-491b-ab99-9092bc8c7325,8,20,2023-10-12,0,"(33.89214149, 35.49206128)"
262,b799f49f-81b1-491b-ab99-9092bc8c7325,33.8921942,35.4920966,2023-10-12 20:35:24,b799f49f-81b1-491b-ab99-9092bc8c7325,8,20,2023-10-12,0,"(33.89214149, 35.49206128)"
263,b799f49f-81b1-491b-ab99-9092bc8c7325,33.8921942,35.4920966,2023-10-12 20:41:24,b799f49f-81b1-491b-ab99-9092bc8c7325,8,20,2023-10-12,0,"(33.89214149, 35.49206128)"
264,b799f49f-81b1-491b-ab99-9092bc8c7325,33.8921942,35.4920966,2023-10-12 20:47:30,b799f49f-81b1-491b-ab99-9092bc8c7325,8,20,2023-10-12,0,"(33.89214149, 35.49206128)"
265,b799f49f-81b1-491b-ab99-9092bc8c7325,33.8921957,35.4920989,2023-10-12 20:56:21,b799f49f-81b1-491b-ab99-9092bc8c7325,8,20,2023-10-12,0,"(33.89214149, 35.49206128)"
266,b799f49f-81b1-491b-ab99-9092bc8c7325,33.8921957,35.4920989,2023-10-12 21:08:51,b799f49f-81b1-491b-ab99-9092bc8c7325,8,21,2023-10-12,0,"(33.89214149, 35.49206128)"
267,b799f49f-81b1-491b-ab99-9092bc8c7325,33.8921957,35.4920989,2023-10-12 21:14:21,b799f49f-81b1-491b-ab99-9092bc8c7325,8,21,2023-10-12,0,"(33.89214149, 35.49206128)"
268,b799f49f-81b1-491b-ab99-9092bc8c7325,33.8921916,35.492099,2023-10-13 01:30:55,b799f49f-81b1-491b-ab99-9092bc8c7325,8,1,2023-10-13,0,"(33.89214149, 35.49206128)"
269,b799f49f-81b1-491b-ab99-9092bc8c7325,33.8922059,35.492096,2023-10-13 03:01:04,b799f49f-81b1-491b-ab99-9092bc8c7325,8,3,2023-10-13,0,"(33.89214149, 35.49206128)"
270,b799f49f-81b1-491b-ab99-9092bc8c7325,33.8921968,35.4920926,2023-10-13 04:30:55,b799f49f-81b1-491b-ab99-9092bc8c7325,8,4,2023-10-13,0,"(33.89214149, 35.49206128)"
271,b799f49f-81b1-491b-ab99-9092bc8c7325,33.8921968,35.4920926,2023-10-13 04:30:56,b799f49f-81b1-491b-ab99-9092bc8c7325,8,4,2023-10-13,0,"(33.89214149, 35.49206128)"
272,b799f49f-81b1-491b-ab99-9092bc8c7325,33.8921928,35.4920965,2023-10-13 04:38:05,b799f49f-81b1-491b-ab99-9092bc8c7325,8,4,2023-10-13,0,"(33.89214149, 35.49206128)"
273,b799f49f-81b1-491b-ab99-9092bc8c7325,33.8921916,35.4920988,2023-10-13 04:45:30,b799f49f-81b1-491b-ab99-9092bc8c7325,8,4,2023-10-13,0,"(33.89214149, 35.49206128)"
274,b799f49f-81b1-491b-ab99-9092bc8c7325,33.8921992,35.4920957,2023-10-13 04:53:02,b799f49f-81b1-491b-ab99-9092bc8c7325,8,4,2023-10-13,0,"(33.89214149, 35.49206128)"
275,b799f49f-81b1-491b-ab99-9092bc8c7325,33.8921992,35.4920957,2023-10-13 04:59:37,b799f49f-81b1-491b-ab99-9092bc8c7325,8,4,2023-10-13,0,"(33.89214149, 35.49206128)"
276,b799f49f-81b1-491b-ab99-9092bc8c7325,33.8921992,35.4920957,2023-10-13 05:06:12,b799f49f-81b1-491b-ab99-9092bc8c7325,8,5,2023-10-13,0,"(33.89214149, 35.49206128)"
277,b799f49f-81b1-491b-ab99-9092bc8c7325,33.8921992,35.4920957,2023-10-13 05:13:02,b799f49f-81b1-491b-ab99-9092bc8c7325,8,5,2023-10-13,0,"(33.89214149, 35.49206128)"
278,b799f49f-81b1-491b-ab99-9092bc8c7325,33.8921992,35.4920957,2023-10-13 05:19:49,b799f49f-81b1-491b-ab99-9092bc8c7325,8,5,2023-10-13,0,"(33.89214149, 35.49206128)"
279,b799f49f-81b1-491b-ab99-9092bc8c7325,33.8922086,35.4920964,2023-10-13 05:25:31,b799f49f-81b1-491b-ab99-9092bc8c7325,8,5,2023-10-13,0,"(33.89214149, 35.49206128)"
280,b799f49f-81b1-491b-ab99-9092bc8c7325,33.8922076,35.4920916,2023-10-13 05:32:17,b799f49f-81b1-491b-ab99-9092bc8c7325,8,5,2023-10-13,0,"(33.89214149, 35.49206128)"
281,b799f49f-81b1-491b-ab99-9092bc8c7325,33.8921689,35.492002,2023-10-13 05:39:03,b799f49f-81b1-491b-ab99-9092bc8c7325,8,5,2023-10-13,0,"(33.89214149, 35.49206128)"
283,b799f49f-81b1-491b-ab99-9092bc8c7325,33.8921086,35.4919785,2023-10-13 05:50:26,b799f49f-81b1-491b-ab99-9092bc8c7325,8,5,2023-10-13,0,"(33.89214149, 35.49206128)"
284,b799f49f-81b1-491b-ab99-9092bc8c7325,33.8921784,35.4919895,2023-10-13 05:50:27,b799f49f-81b1-491b-ab99-9092bc8c7325,8,5,2023-10-13,0,"(33.89214149, 35.49206128)"
285,b799f49f-81b1-491b-ab99-9092bc8c7325,33.8921784,35.4919895,2023-10-13 05:56:29,b799f49f-81b1-491b-ab99-9092bc8c7325,8,5,2023-10-13,0,"(33.89214149, 35.49206128)"
286,b799f49f-81b1-491b-ab99-9092bc8c7325,33.8921784,35.4919895,2023-10-13 06:01:41,b799f49f-81b1-491b-ab99-9092bc8c7325,8,6,2023-10-13,0,"(33.89214149, 35.49206128)"
287,b799f49f-81b1-491b-ab99-9092bc8c7325,33.8921784,35.4919895,2023-10-13 06:10:38,b799f49f-81b1-491b-ab99-9092bc8c7325,8,6,2023-10-13,0,"(33.89214149, 35.49206128)"
288,b799f49f-81b1-491b-ab99-9092bc8c7325,33.8921784,35.4919895,2023-10-13 06:16:08,b799f49f-81b1-491b-ab99-9092bc8c7325,8,6,2023-10-13,0,"(33.89214149, 35.49206128)"
289,b799f49f-81b1-491b-ab99-9092bc8c7325,33.892112,35.4920101,2023-10-13 06:26:26,b799f49f-81b1-491b-ab99-9092bc8c7325,8,6,2023-10-13,0,"(33.89214149, 35.49206128)"
290,b799f49f-81b1-491b-ab99-9092bc8c7325,33.892112,35.4920101,2023-10-13 06:32:37,b799f49f-81b1-491b-ab99-9092bc8c7325,8,6,2023-10-13,0,"(33.89214149, 35.49206128)"
291,b799f49f-81b1-491b-ab99-9092bc8c7325,33.892112,35.4920101,2023-10-13 06:39:12,b799f49f-81b1-491b-ab99-9092bc8c7325,8,6,2023-10-13,0,"(33.89214149, 35.49206128)"
292,b799f49f-81b1-491b-ab99-9092bc8c7325,33.892112,35.4920101,2023-10-13 06:44:23,b799f49f-81b1-491b-ab99-9092bc8c7325,8,6,2023-10-13,0,"(33.89214149, 35.49206128)"
293,b799f49f-81b1-491b-ab99-9092bc8c7325,33.892112,35.4920101,2023-10-13 06:50:43,b799f49f-81b1-491b-ab99-9092bc8c7325,8,6,2023-10-13,0,"(33.89214149, 35.49206128)"
294,b799f49f-81b1-491b-ab99-9092bc8c7325,33.8921657,35.4920757,2023-10-13 06:56:34,b799f49f-81b1-491b-ab99-9092bc8c7325,8,6,2023-10-13,0,"(33.89214149, 35.49206128)"
295,b799f49f-81b1-491b-ab99-9092bc8c7325,33.8921657,35.4920757,2023-10-13 07:03:05,b799f49f-81b1-491b-ab99-9092bc8c7325,8,7,2023-10-13,0,"(33.89214149, 35.49206128)"
296,b799f49f-81b1-491b-ab99-9092bc8c7325,33.8922564,35.4920622,2023-10-13 07:13:00,b799f49f-81b1-491b-ab99-9092bc8c7325,8,7,2023-10-13,0,"(33.89214149, 35.49206128)"
297,b799f49f-81b1-491b-ab99-9092bc8c7325,33.8922564,35.4920622,2023-10-13 07:13:06,b799f49f-81b1-491b-ab99-9092bc8c7325,8,7,2023-10-13,0,"(33.89214149, 35.49206128)"
298,b799f49f-81b1-491b-ab99-9092bc8c7325,33.8920208,35.491977,2023-10-13 07:22:19,b799f49f-81b1-491b-ab99-9092bc8c7325,8,7,2023-10-13,0,"(33.89214149, 35.49206128)"
299,b799f49f-81b1-491b-ab99-9092bc8c7325,33.8920208,35.491977,2023-10-13 07:26:56,b799f49f-81b1-491b-ab99-9092bc8c7325,8,7,2023-10-13,0,"(33.89214149, 35.49206128)"
300,b799f49f-81b1-491b-ab99-9092bc8c7325,33.8920208,35.491977,2023-10-13 07:34:22,b799f49f-81b1-491b-ab99-9092bc8c7325,8,7,2023-10-13,0,"(33.89214149, 35.49206128)"
301,b799f49f-81b1-491b-ab99-9092bc8c7325,33.8920208,35.491977,2023-10-13 07:45:42,b799f49f-81b1-491b-ab99-9092bc8c7325,8,7,2023-10-13,0,"(33.89214149, 35.49206128)"
302,b799f49f-81b1-491b-ab99-9092bc8c7325,33.8920208,35.491977,2023-10-13 07:52:23,b799f49f-81b1-491b-ab99-9092bc8c7325,8,7,2023-10-13,0,"(33.89214149, 35.49206128)"
303,b799f49f-81b1-491b-ab99-9092bc8c7325,33.8921996,35.492096,2023-10-13 07:59:45,b799f49f-81b1-491b-ab99-9092bc8c7325,8,7,2023-10-13,0,"(33.89214149, 35.49206128)"
304,b799f49f-81b1-491b-ab99-9092bc8c7325,33.8921996,35.492096,2023-10-13 08:08:49,b799f49f-81b1-491b-ab99-9092bc8c7325,8,8,2023-10-13,0,"(33.89214149, 35.49206128)"
305,b799f49f-81b1-491b-ab99-9092bc8c7325,33.8921996,35.492096,2023-10-13 08:15:26,b799f49f-81b1-491b-ab99-9092bc8c7325,8,8,2023-10-13,0,"(33.89214149, 35.49206128)"
306,b799f49f-81b1-491b-ab99-9092bc8c7325,33.8921996,35.492096,2023-10-13 08:21:26,b799f49f-81b1-491b-ab99-9092bc8c7325,8,8,2023-10-13,0,"(33.89214149, 35.49206128)"
307,b799f49f-81b1-491b-ab99-9092bc8c7325,33.8921186,35.4921777,2023-10-13 08:27:31,b799f49f-81b1-491b-ab99-9092bc8c7325,8,8,2023-10-13,0,"(33.89214149, 35.49206128)"
308,b799f49f-81b1-491b-ab99-9092bc8c7325,33.8921186,35.4921777,2023-10-13 08:33:23,b799f49f-81b1-491b-ab99-9092bc8c7325,8,8,2023-10-13,0,"(33.89214149, 35.49206128)"
309,b799f49f-81b1-491b-ab99-9092bc8c7325,33.8921186,35.4921777,2023-10-13 08:34:19,b799f49f-81b1-491b-ab99-9092bc8c7325,8,8,2023-10-13,0,"(33.89214149, 35.49206128)"
310,b799f49f-81b1-491b-ab99-9092bc8c7325,33.8921186,35.4921777,2023-10-13 08:40:25,b799f49f-81b1-491b-ab99-9092bc8c7325,8,8,2023-10-13,0,"(33.89214149, 35.49206128)"
311,b799f49f-81b1-491b-ab99-9092bc8c7325,33.8921186,35.4921777,2023-10-13 08:46:28,b799f49f-81b1-491b-ab99-9092bc8c7325,8,8,2023-10-13,0,"(33.89214149, 35.49206128)"
312,b799f49f-81b1-491b-ab99-9092bc8c7325,33.8921186,35.4921777,2023-10-13 08:54:16,b799f49f-81b1-491b-ab99-9092bc8c7325,8,8,2023-10-13,0,"(33.89214149, 35.49206128)"
313,b799f49f-81b1-491b-ab99-9092bc8c7325,33.8921125,35.4921574,2023-10-13 09:01:06,b799f49f-81b1-491b-ab99-9092bc8c7325,8,9,2023-10-13,0,"(33.89214149, 35.49206128)"
314,b799f49f-81b1-491b-ab99-9092bc8c7325,33.8921125,35.4921574,2023-10-13 09:10:38,b799f49f-81b1-491b-ab99-9092bc8c7325,8,9,2023-10-13,0,"(33.89214149, 35.49206128)"
315,b799f49f-81b1-491b-ab99-9092bc8c7325,33.8921125,35.4921574,2023-10-13 09:16:12,b799f49f-81b1-491b-ab99-9092bc8c7325,8,9,2023-10-13,0,"(33.89214149, 35.49206128)"
316,b799f49f-81b1-491b-ab99-9092bc8c7325,33.8921125,35.4921574,2023-10-13 09:21:52,b799f49f-81b1-491b-ab99-9092bc8c7325,8,9,2023-10-13,0,"(33.89214149, 35.49206128)"
317,b799f49f-81b1-491b-ab99-9092bc8c7325,33.8921125,35.4921574,2023-10-13 09:28:10,b799f49f-81b1-491b-ab99-9092bc8c7325,8,9,2023-10-13,0,"(33.89214149, 35.49206128)"
318,b799f49f-81b1-491b-ab99-9092bc8c7325,33.8921125,35.4921574,2023-10-13 09:34:12,b799f49f-81b1-491b-ab99-9092bc8c7325,8,9,2023-10-13,0,"(33.89214149, 35.49206128)"
319,b799f49f-81b1-491b-ab99-9092bc8c7325,33.8921125,35.4921574,2023-10-13 09:40:38,b799f49f-81b1-491b-ab99-9092bc8c7325,8,9,2023-10-13,0,"(33.89214149, 35.49206128)"
320,b799f49f-81b1-491b-ab99-9092bc8c7325,33.8921125,35.4921574,2023-10-13 09:45:21,b799f49f-81b1-491b-ab99-9092bc8c7325,8,9,2023-10-13,0,"(33.89214149, 35.49206128)"
321,b799f49f-81b1-491b-ab99-9092bc8c7325,33.8921125,35.4921574,2023-10-13 09:51:57,b799f49f-81b1-491b-ab99-9092bc8c7325,8,9,2023-10-13,0,"(33.89214149, 35.49206128)"
322,b799f49f-81b1-491b-ab99-9092bc8c7325,33.8921125,35.4921574,2023-10-13 09:52:25,b799f49f-81b1-491b-ab99-9092bc8c7325,8,9,2023-10-13,0,"(33.89214149, 35.49206128)"
334,b799f49f-81b1-491b-ab99-9092bc8c7325,33.8921161,35.4920986,2023-10-13 11:04:30,b799f49f-81b1-491b-ab99-9092bc8c7325,8,11,2023-10-13,0,"(33.89214149, 35.49206128)"
339,b799f49f-81b1-491b-ab99-9092bc8c7325,33.8921919,35.4920915,2023-10-13 11:28:47,b799f49f-81b1-491b-ab99-9092bc8c7325,8,11,2023-10-13,0,"(33.89214149, 35.49206128)"
340,b799f49f-81b1-491b-ab99-9092bc8c7325,33.8921966,35.4920944,2023-10-13 11:33:33,b799f49f-81b1-491b-ab99-9092bc8c7325,8,11,2023-10-13,0,"(33.89214149, 35.49206128)"
341,b799f49f-81b1-491b-ab99-9092bc8c7325,33.8921966,35.4920944,2023-10-13 11:39:53,b799f49f-81b1-491b-ab99-9092bc8c7325,8,11,2023-10-13,0,"(33.89214149, 35.49206128)"
342,b799f49f-81b1-491b-ab99-9092bc8c7325,33.8921966,35.4920944,2023-10-13 11:45:02,b799f49f-81b1-491b-ab99-9092bc8c7325,8,11,2023-10-13,0,"(33.89214149, 35.49206128)"
343,b799f49f-81b1-491b-ab99-9092bc8c7325,33.8921966,35.4920944,2023-10-13 11:51:38,b799f49f-81b1-491b-ab99-9092bc8c7325,8,11,2023-10-13,0,"(33.89214149, 35.49206128)"
344,b799f49f-81b1-491b-ab99-9092bc8c7325,33.8921966,35.4920944,2023-10-13 11:57:22,b799f49f-81b1-491b-ab99-9092bc8c7325,8,11,2023-10-13,0,"(33.89214149, 35.49206128)"
345,b799f49f-81b1-491b-ab99-9092bc8c7325,33.892117,35.4920245,2023-10-13 12:01:45,b799f49f-81b1-491b-ab99-9092bc8c7325,8,12,2023-10-13,0,"(33.89214149, 35.49206128)"
346,b799f49f-81b1-491b-ab99-9092bc8c7325,33.8921961,35.4921881,2023-10-13 12:06:46,b799f49f-81b1-491b-ab99-9092bc8c7325,8,12,2023-10-13,0,"(33.89214149, 35.49206128)"
347,b799f49f-81b1-491b-ab99-9092bc8c7325,33.8922099,35.4921062,2023-10-13 12:13:17,b799f49f-81b1-491b-ab99-9092bc8c7325,8,12,2023-10-13,0,"(33.89214149, 35.49206128)"
348,b799f49f-81b1-491b-ab99-9092bc8c7325,33.8922099,35.4921062,2023-10-13 12:18:18,b799f49f-81b1-491b-ab99-9092bc8c7325,8,12,2023-10-13,0,"(33.89214149, 35.49206128)"
349,b799f49f-81b1-491b-ab99-9092bc8c7325,33.8922099,35.4921062,2023-10-13 12:24:17,b799f49f-81b1-491b-ab99-9092bc8c7325,8,12,2023-10-13,0,"(33.89214149, 35.49206128)"
350,b799f49f-81b1-491b-ab99-9092bc8c7325,33.8922099,35.4921062,2023-10-13 12:32:37,b799f49f-81b1-491b-ab99-9092bc8c7325,8,12,2023-10-13,0,"(33.89214149, 35.49206128)"
351,b799f49f-81b1-491b-ab99-9092bc8c7325,33.8922099,35.4921062,2023-10-13 12:38:25,b799f49f-81b1-491b-ab99-9092bc8c7325,8,12,2023-10-13,0,"(33.89214149, 35.49206128)"
352,b799f49f-81b1-491b-ab99-9092bc8c7325,33.8922099,35.4921062,2023-10-13 12:39:23,b799f49f-81b1-491b-ab99-9092bc8c7325,8,12,2023-10-13,0,"(33.89214149, 35.49206128)"
353,b799f49f-81b1-491b-ab99-9092bc8c7325,33.8922099,35.4921062,2023-10-13 12:45:25,b799f49f-81b1-491b-ab99-9092bc8c7325,8,12,2023-10-13,0,"(33.89214149, 35.49206128)"
354,b799f49f-81b1-491b-ab99-9092bc8c7325,33.8922099,35.4921062,2023-10-13 12:51:15,b799f49f-81b1-491b-ab99-9092bc8c7325,8,12,2023-10-13,0,"(33.89214149, 35.49206128)"
355,b799f49f-81b1-491b-ab99-9092bc8c7325,33.8922099,35.4921062,2023-10-13 12:56:55,b799f49f-81b1-491b-ab99-9092bc8c7325,8,12,2023-10-13,0,"(33.89214149, 35.49206128)"
356,b799f49f-81b1-491b-ab99-9092bc8c7325,33.892196,35.4920285,2023-10-13 13:03:06,b799f49f-81b1-491b-ab99-9092bc8c7325,8,13,2023-10-13,0,"(33.89214149, 35.49206128)"
357,b799f49f-81b1-491b-ab99-9092bc8c7325,33.892141,35.4920668,2023-10-13 13:10:32,b799f49f-81b1-491b-ab99-9092bc8c7325,8,13,2023-10-13,0,"(33.89214149, 35.49206128)"
358,b799f49f-81b1-491b-ab99-9092bc8c7325,33.892141,35.4920668,2023-10-13 13:16:01,b799f49f-81b1-491b-ab99-9092bc8c7325,8,13,2023-10-13,0,"(33.89214149, 35.49206128)"
359,b799f49f-81b1-491b-ab99-9092bc8c7325,33.892141,35.4920668,2023-10-13 13:22:57,b799f49f-81b1-491b-ab99-9092bc8c7325,8,13,2023-10-13,0,"(33.89214149, 35.49206128)"
360,b799f49f-81b1-491b-ab99-9092bc8c7325,33.892141,35.4920668,2023-10-13 13:29:49,b799f49f-81b1-491b-ab99-9092bc8c7325,8,13,2023-10-13,0,"(33.89214149, 35.49206128)"
361,b799f49f-81b1-491b-ab99-9092bc8c7325,33.892141,35.4920668,2023-10-13 13:35:59,b799f49f-81b1-491b-ab99-9092bc8c7325,8,13,2023-10-13,0,"(33.89214149, 35.49206128)"
362,b799f49f-81b1-491b-ab99-9092bc8c7325,33.8921945,35.4921566,2023-10-13 13:43:26,b799f49f-81b1-491b-ab99-9092bc8c7325,8,13,2023-10-13,0,"(33.89214149, 35.49206128)"
363,b799f49f-81b1-491b-ab99-9092bc8c7325,33.8921945,35.4921566,2023-10-13 13:50:38,b799f49f-81b1-491b-ab99-9092bc8c7325,8,13,2023-10-13,0,"(33.89214149, 35.49206128)"
366,b799f49f-81b1-491b-ab99-9092bc8c7325,33.8922,35.4920111,2023-10-13 14:11:03,b799f49f-81b1-491b-ab99-9092bc8c7325,8,14,2023-10-13,0,"(33.89214149, 35.49206128)"
367,b799f49f-81b1-491b-ab99-9092bc8c7325,33.892207,35.4920164,2023-10-13 14:17:44,b799f49f-81b1-491b-ab99-9092bc8c7325,8,14,2023-10-13,0,"(33.89214149, 35.49206128)"
368,b799f49f-81b1-491b-ab99-9092bc8c7325,33.8921916,35.4920966,2023-10-13 14:20:58,b799f49f-81b1-491b-ab99-9092bc8c7325,8,14,2023-10-13,0,"(33.89214149, 35.49206128)"
369,b799f49f-81b1-491b-ab99-9092bc8c7325,33.8921916,35.4920966,2023-10-13 14:27:10,b799f49f-81b1-491b-ab99-9092bc8c7325,8,14,2023-10-13,0,"(33.89214149, 35.49206128)"
370,b799f49f-81b1-491b-ab99-9092bc8c7325,33.8921916,35.4920966,2023-10-13 14:33:01,b799f49f-81b1-491b-ab99-9092bc8c7325,8,14,2023-10-13,0,"(33.89214149, 35.49206128)"
371,b799f49f-81b1-491b-ab99-9092bc8c7325,33.8921916,35.4920966,2023-10-13 14:39:26,b799f49f-81b1-491b-ab99-9092bc8c7325,8,14,2023-10-13,0,"(33.89214149, 35.49206128)"
372,b799f49f-81b1-491b-ab99-9092bc8c7325,33.8921916,35.4920966,2023-10-13 14:48:44,b799f49f-81b1-491b-ab99-9092bc8c7325,8,14,2023-10-13,0,"(33.89214149, 35.49206128)"
400,b799f49f-81b1-491b-ab99-9092bc8c7325,33.8921691,35.4920748,2023-10-13 17:32:12,b799f49f-81b1-491b-ab99-9092bc8c7325,8,17,2023-10-13,0,"(33.89214149, 35.49206128)"
401,b799f49f-81b1-491b-ab99-9092bc8c7325,33.8921278,35.4920696,2023-10-13 17:39:29,b799f49f-81b1-491b-ab99-9092bc8c7325,8,17,2023-10-13,0,"(33.89214149, 35.49206128)"
402,b799f49f-81b1-491b-ab99-9092bc8c7325,33.8921278,35.4920696,2023-10-13 17:47:35,b799f49f-81b1-491b-ab99-9092bc8c7325,8,17,2023-10-13,0,"(33.89214149, 35.49206128)"
403,b799f49f-81b1-491b-ab99-9092bc8c7325,33.8921278,35.4920696,2023-10-13 17:52:37,b799f49f-81b1-491b-ab99-9092bc8c7325,8,17,2023-10-13,0,"(33.89214149, 35.49206128)"
404,b799f49f-81b1-491b-ab99-9092bc8c7325,33.8921278,35.4920696,2023-10-13 18:00:47,b799f49f-81b1-491b-ab99-9092bc8c7325,8,18,2023-10-13,0,"(33.89214149, 35.49206128)"
405,b799f49f-81b1-491b-ab99-9092bc8c7325,33.8920741,35.4919497,2023-10-13 18:07:10,b799f49f-81b1-491b-ab99-9092bc8c7325,8,18,2023-10-13,0,"(33.89214149, 35.49206128)"
409,b799f49f-81b1-491b-ab99-9092bc8c7325,33.8919947,35.492007,2023-10-13 18:26:52,b799f49f-81b1-491b-ab99-9092bc8c7325,8,18,2023-10-13,0,"(33.89214149, 35.49206128)"
410,b799f49f-81b1-491b-ab99-9092bc8c7325,33.8919947,35.492007,2023-10-13 18:33:12,b799f49f-81b1-491b-ab99-9092bc8c7325,8,18,2023-10-13,0,"(33.89214149, 35.49206128)"
411,b799f49f-81b1-491b-ab99-9092bc8c7325,33.8919947,35.492007,2023-10-13 18:39:44,b799f49f-81b1-491b-ab99-9092bc8c7325,8,18,2023-10-13,0,"(33.89214149, 35.49206128)"
412,b799f49f-81b1-491b-ab99-9092bc8c7325,33.8919947,35.492007,2023-10-13 18:45:54,b799f49f-81b1-491b-ab99-9092bc8c7325,8,18,2023-10-13,0,"(33.89214149, 35.49206128)"
413,b799f49f-81b1-491b-ab99-9092bc8c7325,33.892066,35.4918967,2023-10-13 18:55:24,b799f49f-81b1-491b-ab99-9092bc8c7325,8,18,2023-10-13,0,"(33.89214149, 35.49206128)"
414,b799f49f-81b1-491b-ab99-9092bc8c7325,33.892066,35.4918967,2023-10-13 19:01:14,b799f49f-81b1-491b-ab99-9092bc8c7325,8,19,2023-10-13,0,"(33.89214149, 35.49206128)"
415,b799f49f-81b1-491b-ab99-9092bc8c7325,33.892066,35.4918967,2023-10-13 19:06:54,b799f49f-81b1-491b-ab99-9092bc8c7325,8,19,2023-10-13,0,"(33.89214149, 35.49206128)"
416,b799f49f-81b1-491b-ab99-9092bc8c7325,33.892066,35.4918967,2023-10-13 19:13:14,b799f49f-81b1-491b-ab99-9092bc8c7325,8,19,2023-10-13,0,"(33.89214149, 35.49206128)"
417,b799f49f-81b1-491b-ab99-9092bc8c7325,33.892066,35.4918967,2023-10-13 19:18:21,b799f49f-81b1-491b-ab99-9092bc8c7325,8,19,2023-10-13,0,"(33.89214149, 35.49206128)"
418,b799f49f-81b1-491b-ab99-9092bc8c7325,33.8920054,35.4919776,2023-10-13 19:25:25,b799f49f-81b1-491b-ab99-9092bc8c7325,8,19,2023-10-13,0,"(33.89214149, 35.49206128)"
419,b799f49f-81b1-491b-ab99-9092bc8c7325,33.8920054,35.4919776,2023-10-13 19:31:21,b799f49f-81b1-491b-ab99-9092bc8c7325,8,19,2023-10-13,0,"(33.89214149, 35.49206128)"
420,b799f49f-81b1-491b-ab99-9092bc8c7325,33.8920054,35.4919776,2023-10-13 19:31:24,b799f49f-81b1-491b-ab99-9092bc8c7325,8,19,2023-10-13,0,"(33.89214149, 35.49206128)"
421,b799f49f-81b1-491b-ab99-9092bc8c7325,33.8920054,35.4919776,2023-10-13 19:37:46,b799f49f-81b1-491b-ab99-9092bc8c7325,8,19,2023-10-13,0,"(33.89214149, 35.49206128)"
422,b799f49f-81b1-491b-ab99-9092bc8c7325,33.8920054,35.4919776,2023-10-13 19:45:23,b799f49f-81b1-491b-ab99-9092bc8c7325,8,19,2023-10-13,0,"(33.89214149, 35.49206128)"
423,b799f49f-81b1-491b-ab99-9092bc8c7325,33.8921542,35.4919818,2023-10-13 19:50:21,b799f49f-81b1-491b-ab99-9092bc8c7325,8,19,2023-10-13,0,"(33.89214149, 35.49206128)"
424,b799f49f-81b1-491b-ab99-9092bc8c7325,33.8921542,35.4919818,2023-10-13 19:58:44,b799f49f-81b1-491b-ab99-9092bc8c7325,8,19,2023-10-13,0,"(33.89214149, 35.49206128)"
425,b799f49f-81b1-491b-ab99-9092bc8c7325,33.8921542,35.4919818,2023-10-13 20:05:25,b799f49f-81b1-491b-ab99-9092bc8c7325,8,20,2023-10-13,0,"(33.89214149, 35.49206128)"
426,b799f49f-81b1-491b-ab99-9092bc8c7325,33.8921542,35.4919818,2023-10-13 20:14:50,b799f49f-81b1-491b-ab99-9092bc8c7325,8,20,2023-10-13,0,"(33.89214149, 35.49206128)"
427,b799f49f-81b1-491b-ab99-9092bc8c7325,33.8920667,35.4919852,2023-10-13 20:20:29,b799f49f-81b1-491b-ab99-9092bc8c7325,8,20,2023-10-13,0,"(33.89214149, 35.49206128)"
428,b799f49f-81b1-491b-ab99-9092bc8c7325,33.8920667,35.4919852,2023-10-13 20:27:41,b799f49f-81b1-491b-ab99-9092bc8c7325,8,20,2023-10-13,0,"(33.89214149, 35.49206128)"
429,b799f49f-81b1-491b-ab99-9092bc8c7325,33.8920667,35.4919852,2023-10-13 20:36:23,b799f49f-81b1-491b-ab99-9092bc8c7325,8,20,2023-10-13,0,"(33.89214149, 35.49206128)"
430,b799f49f-81b1-491b-ab99-9092bc8c7325,33.8920667,35.4919852,2023-10-13 20:44:37,b799f49f-81b1-491b-ab99-9092bc8c7325,8,20,2023-10-13,0,"(33.89214149, 35.49206128)"
431,b799f49f-81b1-491b-ab99-9092bc8c7325,33.8920667,35.4919852,2023-10-13 20:50:17,b799f49f-81b1-491b-ab99-9092bc8c7325,8,20,2023-10-13,0,"(33.89214149, 35.49206128)"
432,b799f49f-81b1-491b-ab99-9092bc8c7325,33.8920667,35.4919852,2023-10-13 20:50:18,b799f49f-81b1-491b-ab99-9092bc8c7325,8,20,2023-10-13,0,"(33.89214149, 35.49206128)"
433,b799f49f-81b1-491b-ab99-9092bc8c7325,33.8920667,35.4919852,2023-10-13 20:56:24,b799f49f-81b1-491b-ab99-9092bc8c7325,8,20,2023-10-13,0,"(33.89214149, 35.49206128)"
434,b799f49f-81b1-491b-ab99-9092bc8c7325,33.8920667,35.4919852,2023-10-13 21:02:34,b799f49f-81b1-491b-ab99-9092bc8c7325,8,21,2023-10-13,0,"(33.89214149, 35.49206128)"
435,b799f49f-81b1-491b-ab99-9092bc8c7325,33.8920667,35.4919852,2023-10-13 21:08:54,b799f49f-81b1-491b-ab99-9092bc8c7325,8,21,2023-10-13,0,"(33.89214149, 35.49206128)"
436,b799f49f-81b1-491b-ab99-9092bc8c7325,33.8920667,35.4919852,2023-10-13 21:14:24,b799f49f-81b1-491b-ab99-9092bc8c7325,8,21,2023-10-13,0,"(33.89214149, 35.49206128)"
440,b799f49f-81b1-491b-ab99-9092bc8c7325,33.892197,35.4920916,2023-10-13 21:39:24,b799f49f-81b1-491b-ab99-9092bc8c7325,8,21,2023-10-13,0,"(33.89214149, 35.49206128)"
442,b799f49f-81b1-491b-ab99-9092bc8c7325,33.892197,35.4920916,2023-10-13 21:46:07,b799f49f-81b1-491b-ab99-9092bc8c7325,8,21,2023-10-13,0,"(33.89214149, 35.49206128)"
444,b799f49f-81b1-491b-ab99-9092bc8c7325,33.8921955,35.492095,2023-10-13 21:54:12,b799f49f-81b1-491b-ab99-9092bc8c7325,8,21,2023-10-13,0,"(33.89214149, 35.49206128)"
445,b799f49f-81b1-491b-ab99-9092bc8c7325,33.8921955,35.492095,2023-10-13 22:00:43,b799f49f-81b1-491b-ab99-9092bc8c7325,8,22,2023-10-13,0,"(33.89214149, 35.49206128)"
446,b799f49f-81b1-491b-ab99-9092bc8c7325,33.8921955,35.492095,2023-10-13 22:06:38,b799f49f-81b1-491b-ab99-9092bc8c7325,8,22,2023-10-13,0,"(33.89214149, 35.49206128)"
447,b799f49f-81b1-491b-ab99-9092bc8c7325,33.8921955,35.492095,2023-10-13 22:13:55,b799f49f-81b1-491b-ab99-9092bc8c7325,8,22,2023-10-13,0,"(33.89214149, 35.49206128)"
448,b799f49f-81b1-491b-ab99-9092bc8c7325,33.8921955,35.492095,2023-10-13 22:19:26,b799f49f-81b1-491b-ab99-9092bc8c7325,8,22,2023-10-13,0,"(33.89214149, 35.49206128)"
449,b799f49f-81b1-491b-ab99-9092bc8c7325,33.8921955,35.492095,2023-10-13 22:19:27,b799f49f-81b1-491b-ab99-9092bc8c7325,8,22,2023-10-13,0,"(33.89214149, 35.49206128)"
450,b799f49f-81b1-491b-ab99-9092bc8c7325,33.8921956,35.4920994,2023-10-13 22:25:18,b799f49f-81b1-491b-ab99-9092bc8c7325,8,22,2023-10-13,0,"(33.89214149, 35.49206128)"
451,b799f49f-81b1-491b-ab99-9092bc8c7325,33.8921956,35.4920994,2023-10-13 22:31:41,b799f49f-81b1-491b-ab99-9092bc8c7325,8,22,2023-10-13,0,"(33.89214149, 35.49206128)"
452,b799f49f-81b1-491b-ab99-9092bc8c7325,33.8921956,35.4920994,2023-10-13 22:39:15,b799f49f-81b1-491b-ab99-9092bc8c7325,8,22,2023-10-13,0,"(33.89214149, 35.49206128)"
453,b799f49f-81b1-491b-ab99-9092bc8c7325,33.8921956,35.4920994,2023-10-13 22:45:38,b799f49f-81b1-491b-ab99-9092bc8c7325,8,22,2023-10-13,0,"(33.89214149, 35.49206128)"
454,b799f49f-81b1-491b-ab99-9092bc8c7325,33.892192,35.4920916,2023-10-13 22:50:44,b799f49f-81b1-491b-ab99-9092bc8c7325,8,22,2023-10-13,0,"(33.89214149, 35.49206128)"
455,b799f49f-81b1-491b-ab99-9092bc8c7325,33.892192,35.4920916,2023-10-13 22:56:26,b799f49f-81b1-491b-ab99-9092bc8c7325,8,22,2023-10-13,0,"(33.89214149, 35.49206128)"
456,b799f49f-81b1-491b-ab99-9092bc8c7325,33.892192,35.4920916,2023-10-13 23:03:08,b799f49f-81b1-491b-ab99-9092bc8c7325,8,23,2023-10-13,0,"(33.89214149, 35.49206128)"
457,b799f49f-81b1-491b-ab99-9092bc8c7325,33.892192,35.4920916,2023-10-13 23:10:25,b799f49f-81b1-491b-ab99-9092bc8c7325,8,23,2023-10-13,0,"(33.89214149, 35.49206128)"
458,b799f49f-81b1-491b-ab99-9092bc8c7325,33.892192,35.4920916,2023-10-13 23:16:24,b799f49f-81b1-491b-ab99-9092bc8c7325,8,23,2023-10-13,0,"(33.89214149, 35.49206128)"
459,b799f49f-81b1-491b-ab99-9092bc8c7325,33.892192,35.4920916,2023-10-13 23:21:40,b799f49f-81b1-491b-ab99-9092bc8c7325,8,23,2023-10-13,0,"(33.89214149, 35.49206128)"
460,b799f49f-81b1-491b-ab99-9092bc8c7325,33.892192,35.4920916,2023-10-13 23:29:20,b799f49f-81b1-491b-ab99-9092bc8c7325,8,23,2023-10-13,0,"(33.89214149, 35.49206128)"
461,b799f49f-81b1-491b-ab99-9092bc8c7325,33.8921916,35.4920966,2023-10-13 23:36:22,b799f49f-81b1-491b-ab99-9092bc8c7325,8,23,2023-10-13,0,"(33.89214149, 35.49206128)"
462,b799f49f-81b1-491b-ab99-9092bc8c7325,33.8921916,35.4920966,2023-10-13 23:36:24,b799f49f-81b1-491b-ab99-9092bc8c7325,8,23,2023-10-13,0,"(33.89214149, 35.49206128)"
463,b799f49f-81b1-491b-ab99-9092bc8c7325,33.8921916,35.4920966,2023-10-13 23:43:50,b799f49f-81b1-491b-ab99-9092bc8c7325,8,23,2023-10-13,0,"(33.89214149, 35.49206128)"
464,b799f49f-81b1-491b-ab99-9092bc8c7325,33.8921954,35.4920117,2023-10-14 02:10:46,b799f49f-81b1-491b-ab99-9092bc8c7325,8,2,2023-10-14,0,"(33.89214149, 35.49206128)"
465,b799f49f-81b1-491b-ab99-9092bc8c7325,33.8921162,35.4920187,2023-10-14 03:29:57,b799f49f-81b1-491b-ab99-9092bc8c7325,8,3,2023-10-14,0,"(33.89214149, 35.49206128)"
466,b799f49f-81b1-491b-ab99-9092bc8c7325,33.8921162,35.4920187,2023-10-14 03:39:02,b799f49f-81b1-491b-ab99-9092bc8c7325,8,3,2023-10-14,0,"(33.89214149, 35.49206128)"
467,b799f49f-81b1-491b-ab99-9092bc8c7325,33.8921162,35.4920187,2023-10-14 03:44:55,b799f49f-81b1-491b-ab99-9092bc8c7325,8,3,2023-10-14,0,"(33.89214149, 35.49206128)"
468,b799f49f-81b1-491b-ab99-9092bc8c7325,33.8921904,35.4920901,2023-10-14 03:56:33,b799f49f-81b1-491b-ab99-9092bc8c7325,8,3,2023-10-14,0,"(33.89214149, 35.49206128)"
469,b799f49f-81b1-491b-ab99-9092bc8c7325,33.8921904,35.4920901,2023-10-14 04:01:43,b799f49f-81b1-491b-ab99-9092bc8c7325,8,4,2023-10-14,0,"(33.89214149, 35.49206128)"
470,b799f49f-81b1-491b-ab99-9092bc8c7325,33.8921904,35.4920901,2023-10-14 04:26:33,b799f49f-81b1-491b-ab99-9092bc8c7325,8,4,2023-10-14,0,"(33.89214149, 35.49206128)"
471,b799f49f-81b1-491b-ab99-9092bc8c7325,33.8922061,35.4921808,2023-10-14 04:46:55,b799f49f-81b1-491b-ab99-9092bc8c7325,8,4,2023-10-14,0,"(33.89214149, 35.49206128)"
472,b799f49f-81b1-491b-ab99-9092bc8c7325,33.8922061,35.4921808,2023-10-14 04:53:15,b799f49f-81b1-491b-ab99-9092bc8c7325,8,4,2023-10-14,0,"(33.89214149, 35.49206128)"
473,b799f49f-81b1-491b-ab99-9092bc8c7325,33.8921241,35.4920245,2023-10-14 05:06:24,b799f49f-81b1-491b-ab99-9092bc8c7325,8,5,2023-10-14,0,"(33.89214149, 35.49206128)"
474,b799f49f-81b1-491b-ab99-9092bc8c7325,33.8921925,35.4920946,2023-10-14 05:31:07,b799f49f-81b1-491b-ab99-9092bc8c7325,8,5,2023-10-14,0,"(33.89214149, 35.49206128)"
475,b799f49f-81b1-491b-ab99-9092bc8c7325,33.8921991,35.4921085,2023-10-14 05:37:27,b799f49f-81b1-491b-ab99-9092bc8c7325,8,5,2023-10-14,0,"(33.89214149, 35.49206128)"
476,b799f49f-81b1-491b-ab99-9092bc8c7325,33.8921219,35.4920105,2023-10-14 06:44:51,b799f49f-81b1-491b-ab99-9092bc8c7325,8,6,2023-10-14,0,"(33.89214149, 35.49206128)"
477,b799f49f-81b1-491b-ab99-9092bc8c7325,33.8921926,35.4920986,2023-10-14 06:45:37,b799f49f-81b1-491b-ab99-9092bc8c7325,8,6,2023-10-14,0,"(33.89214149, 35.49206128)"
478,b799f49f-81b1-491b-ab99-9092bc8c7325,33.8921926,35.4920986,2023-10-14 07:13:28,b799f49f-81b1-491b-ab99-9092bc8c7325,8,7,2023-10-14,0,"(33.89214149, 35.49206128)"
479,b799f49f-81b1-491b-ab99-9092bc8c7325,33.8921926,35.4920986,2023-10-14 07:26:09,b799f49f-81b1-491b-ab99-9092bc8c7325,8,7,2023-10-14,0,"(33.89214149, 35.49206128)"
480,b799f49f-81b1-491b-ab99-9092bc8c7325,33.8921926,35.4920986,2023-10-14 07:35:35,b799f49f-81b1-491b-ab99-9092bc8c7325,8,7,2023-10-14,0,"(33.89214149, 35.49206128)"
481,b799f49f-81b1-491b-ab99-9092bc8c7325,33.8921184,35.4920927,2023-10-14 07:58:34,b799f49f-81b1-491b-ab99-9092bc8c7325,8,7,2023-10-14,0,"(33.89214149, 35.49206128)"
482,b799f49f-81b1-491b-ab99-9092bc8c7325,33.8921184,35.4920927,2023-10-14 08:13:43,b799f49f-81b1-491b-ab99-9092bc8c7325,8,8,2023-10-14,0,"(33.89214149, 35.49206128)"
483,b799f49f-81b1-491b-ab99-9092bc8c7325,33.8921184,35.4920927,2023-10-14 08:19:27,b799f49f-81b1-491b-ab99-9092bc8c7325,8,8,2023-10-14,0,"(33.89214149, 35.49206128)"
484,b799f49f-81b1-491b-ab99-9092bc8c7325,33.8920526,35.4920409,2023-10-14 08:42:30,b799f49f-81b1-491b-ab99-9092bc8c7325,8,8,2023-10-14,0,"(33.89214149, 35.49206128)"
485,b799f49f-81b1-491b-ab99-9092bc8c7325,33.8920526,35.4920409,2023-10-14 08:49:21,b799f49f-81b1-491b-ab99-9092bc8c7325,8,8,2023-10-14,0,"(33.89214149, 35.49206128)"
489,b799f49f-81b1-491b-ab99-9092bc8c7325,33.8921677,35.4920714,2023-10-14 09:30:19,b799f49f-81b1-491b-ab99-9092bc8c7325,8,9,2023-10-14,0,"(33.89214149, 35.49206128)"
490,b799f49f-81b1-491b-ab99-9092bc8c7325,33.8921677,35.4920714,2023-10-14 09:48:11,b799f49f-81b1-491b-ab99-9092bc8c7325,8,9,2023-10-14,0,"(33.89214149, 35.49206128)"
491,b799f49f-81b1-491b-ab99-9092bc8c7325,33.8921177,35.4920464,2023-10-14 10:22:21,b799f49f-81b1-491b-ab99-9092bc8c7325,8,10,2023-10-14,0,"(33.89214149, 35.49206128)"
492,b799f49f-81b1-491b-ab99-9092bc8c7325,33.8921464,35.4920669,2023-10-14 10:28:34,b799f49f-81b1-491b-ab99-9092bc8c7325,8,10,2023-10-14,0,"(33.89214149, 35.49206128)"
493,b799f49f-81b1-491b-ab99-9092bc8c7325,33.8921528,35.4920769,2023-10-14 10:51:21,b799f49f-81b1-491b-ab99-9092bc8c7325,8,10,2023-10-14,0,"(33.89214149, 35.49206128)"
494,b799f49f-81b1-491b-ab99-9092bc8c7325,33.8921528,35.4920769,2023-10-14 10:51:25,b799f49f-81b1-491b-ab99-9092bc8c7325,8,10,2023-10-14,0,"(33.89214149, 35.49206128)"
495,b799f49f-81b1-491b-ab99-9092bc8c7325,33.8921215,35.4920421,2023-10-14 11:12:28,b799f49f-81b1-491b-ab99-9092bc8c7325,8,11,2023-10-14,0,"(33.89214149, 35.49206128)"
496,b799f49f-81b1-491b-ab99-9092bc8c7325,33.8921215,35.4920421,2023-10-14 11:18:12,b799f49f-81b1-491b-ab99-9092bc8c7325,8,11,2023-10-14,0,"(33.89214149, 35.49206128)"
497,b799f49f-81b1-491b-ab99-9092bc8c7325,33.8921215,35.4920421,2023-10-14 11:24:26,b799f49f-81b1-491b-ab99-9092bc8c7325,8,11,2023-10-14,0,"(33.89214149, 35.49206128)"
498,b799f49f-81b1-491b-ab99-9092bc8c7325,33.8921215,35.4920421,2023-10-14 11:36:34,b799f49f-81b1-491b-ab99-9092bc8c7325,8,11,2023-10-14,0,"(33.89214149, 35.49206128)"
499,b799f49f-81b1-491b-ab99-9092bc8c7325,33.8921928,35.4920124,2023-10-14 11:54:22,b799f49f-81b1-491b-ab99-9092bc8c7325,8,11,2023-10-14,0,"(33.89214149, 35.49206128)"
500,b799f49f-81b1-491b-ab99-9092bc8c7325,33.8921928,35.4920124,2023-10-14 11:59:48,b799f49f-81b1-491b-ab99-9092bc8c7325,8,11,2023-10-14,0,"(33.89214149, 35.49206128)"
501,b799f49f-81b1-491b-ab99-9092bc8c7325,33.8921202,35.4920265,2023-10-14 12:19:22,b799f49f-81b1-491b-ab99-9092bc8c7325,8,12,2023-10-14,0,"(33.89214149, 35.49206128)"
502,b799f49f-81b1-491b-ab99-9092bc8c7325,33.8921202,35.4920265,2023-10-14 12:31:22,b799f49f-81b1-491b-ab99-9092bc8c7325,8,12,2023-10-14,0,"(33.89214149, 35.49206128)"
503,b799f49f-81b1-491b-ab99-9092bc8c7325,33.8921202,35.4920265,2023-10-14 12:37:34,b799f49f-81b1-491b-ab99-9092bc8c7325,8,12,2023-10-14,0,"(33.89214149, 35.49206128)"
504,b799f49f-81b1-491b-ab99-9092bc8c7325,33.8921101,35.4920298,2023-10-14 12:51:56,b799f49f-81b1-491b-ab99-9092bc8c7325,8,12,2023-10-14,0,"(33.89214149, 35.49206128)"
506,b799f49f-81b1-491b-ab99-9092bc8c7325,33.8922012,35.4920264,2023-10-14 13:15:29,b799f49f-81b1-491b-ab99-9092bc8c7325,8,13,2023-10-14,0,"(33.89214149, 35.49206128)"
508,b799f49f-81b1-491b-ab99-9092bc8c7325,33.8922,35.492097,2023-10-14 14:14:47,b799f49f-81b1-491b-ab99-9092bc8c7325,8,14,2023-10-14,0,"(33.89214149, 35.49206128)"
509,b799f49f-81b1-491b-ab99-9092bc8c7325,33.8922,35.492097,2023-10-14 14:27:17,b799f49f-81b1-491b-ab99-9092bc8c7325,8,14,2023-10-14,0,"(33.89214149, 35.49206128)"
510,b799f49f-81b1-491b-ab99-9092bc8c7325,33.8922,35.492097,2023-10-14 14:32:47,b799f49f-81b1-491b-ab99-9092bc8c7325,8,14,2023-10-14,0,"(33.89214149, 35.49206128)"
511,b799f49f-81b1-491b-ab99-9092bc8c7325,33.8921971,35.4920966,2023-10-14 22:15:21,b799f49f-81b1-491b-ab99-9092bc8c7325,8,22,2023-10-14,0,"(33.89214149, 35.49206128)"
512,b799f49f-81b1-491b-ab99-9092bc8c7325,33.892202,35.4920122,2023-10-14 23:17:23,b799f49f-81b1-491b-ab99-9092bc8c7325,8,23,2023-10-14,0,"(33.89214149, 35.49206128)"
513,b799f49f-81b1-491b-ab99-9092bc8c7325,33.8921129,35.492017,2023-10-12 01:11:34,b799f49f-81b1-491b-ab99-9092bc8c7325,9,1,2023-10-12,0,"(33.89214149, 35.49206128)"
514,b799f49f-81b1-491b-ab99-9092bc8c7325,33.8921169,35.4920469,2023-10-12 02:27:41,b799f49f-81b1-491b-ab99-9092bc8c7325,9,2,2023-10-12,0,"(33.89214149, 35.49206128)"
515,b799f49f-81b1-491b-ab99-9092bc8c7325,33.8921921,35.4920978,2023-10-12 03:22:24,b799f49f-81b1-491b-ab99-9092bc8c7325,9,3,2023-10-12,0,"(33.89214149, 35.49206128)"
516,b799f49f-81b1-491b-ab99-9092bc8c7325,33.8921921,35.4920978,2023-10-12 03:30:25,b799f49f-81b1-491b-ab99-9092bc8c7325,9,3,2023-10-12,0,"(33.89214149, 35.49206128)"
517,b799f49f-81b1-491b-ab99-9092bc8c7325,33.8921997,35.4921071,2023-10-12 03:38:21,b799f49f-81b1-491b-ab99-9092bc8c7325,9,3,2023-10-12,0,"(33.89214149, 35.49206128)"
518,b799f49f-81b1-491b-ab99-9092bc8c7325,33.8921997,35.4921071,2023-10-12 03:44:13,b799f49f-81b1-491b-ab99-9092bc8c7325,9,3,2023-10-12,0,"(33.89214149, 35.49206128)"
519,b799f49f-81b1-491b-ab99-9092bc8c7325,33.8921997,35.4921071,2023-10-12 03:46:23,b799f49f-81b1-491b-ab99-9092bc8c7325,9,3,2023-10-12,0,"(33.89214149, 35.49206128)"
520,b799f49f-81b1-491b-ab99-9092bc8c7325,33.8921997,35.4921071,2023-10-12 03:52:33,b799f49f-81b1-491b-ab99-9092bc8c7325,9,3,2023-10-12,0,"(33.89214149, 35.49206128)"
521,b799f49f-81b1-491b-ab99-9092bc8c7325,33.8921997,35.4921071,2023-10-12 03:58:56,b799f49f-81b1-491b-ab99-9092bc8c7325,9,3,2023-10-12,0,"(33.89214149, 35.49206128)"
522,b799f49f-81b1-491b-ab99-9092bc8c7325,33.8921192,35.4920916,2023-10-12 04:04:04,b799f49f-81b1-491b-ab99-9092bc8c7325,9,4,2023-10-12,0,"(33.89214149, 35.49206128)"
523,b799f49f-81b1-491b-ab99-9092bc8c7325,33.8921164,35.492095,2023-10-12 04:08:39,b799f49f-81b1-491b-ab99-9092bc8c7325,9,4,2023-10-12,0,"(33.89214149, 35.49206128)"
524,b799f49f-81b1-491b-ab99-9092bc8c7325,33.892194,35.4920945,2023-10-12 04:30:57,b799f49f-81b1-491b-ab99-9092bc8c7325,9,4,2023-10-12,0,"(33.89214149, 35.49206128)"
525,b799f49f-81b1-491b-ab99-9092bc8c7325,33.8920665,35.4920758,2023-10-12 04:38:56,b799f49f-81b1-491b-ab99-9092bc8c7325,9,4,2023-10-12,0,"(33.89214149, 35.49206128)"
526,b799f49f-81b1-491b-ab99-9092bc8c7325,33.8920444,35.4920298,2023-10-12 04:46:19,b799f49f-81b1-491b-ab99-9092bc8c7325,9,4,2023-10-12,0,"(33.89214149, 35.49206128)"
527,b799f49f-81b1-491b-ab99-9092bc8c7325,33.8920444,35.4920298,2023-10-12 04:58:19,b799f49f-81b1-491b-ab99-9092bc8c7325,9,4,2023-10-12,0,"(33.89214149, 35.49206128)"
528,b799f49f-81b1-491b-ab99-9092bc8c7325,33.8920406,35.4918921,2023-10-12 05:08:56,b799f49f-81b1-491b-ab99-9092bc8c7325,9,5,2023-10-12,0,"(33.89214149, 35.49206128)"
529,b799f49f-81b1-491b-ab99-9092bc8c7325,33.8920406,35.4918921,2023-10-12 05:14:27,b799f49f-81b1-491b-ab99-9092bc8c7325,9,5,2023-10-12,0,"(33.89214149, 35.49206128)"
530,b799f49f-81b1-491b-ab99-9092bc8c7325,33.8920406,35.4918921,2023-10-12 05:21:23,b799f49f-81b1-491b-ab99-9092bc8c7325,9,5,2023-10-12,0,"(33.89214149, 35.49206128)"
531,b799f49f-81b1-491b-ab99-9092bc8c7325,33.8920406,35.4918921,2023-10-12 05:28:55,b799f49f-81b1-491b-ab99-9092bc8c7325,9,5,2023-10-12,0,"(33.89214149, 35.49206128)"
533,b799f49f-81b1-491b-ab99-9092bc8c7325,33.8921994,35.4920984,2023-10-12 06:00:12,b799f49f-81b1-491b-ab99-9092bc8c7325,9,6,2023-10-12,0,"(33.89214149, 35.49206128)"
536,b799f49f-81b1-491b-ab99-9092bc8c7325,33.8921962,35.4921274,2023-10-12 06:41:21,b799f49f-81b1-491b-ab99-9092bc8c7325,9,6,2023-10-12,0,"(33.89214149, 35.49206128)"
537,b799f49f-81b1-491b-ab99-9092bc8c7325,33.8921962,35.4921274,2023-10-12 06:47:35,b799f49f-81b1-491b-ab99-9092bc8c7325,9,6,2023-10-12,0,"(33.89214149, 35.49206128)"
538,b799f49f-81b1-491b-ab99-9092bc8c7325,33.8921962,35.4921274,2023-10-12 06:52:57,b799f49f-81b1-491b-ab99-9092bc8c7325,9,6,2023-10-12,0,"(33.89214149, 35.49206128)"
539,b799f49f-81b1-491b-ab99-9092bc8c7325,33.8921962,35.4921274,2023-10-12 06:58:15,b799f49f-81b1-491b-ab99-9092bc8c7325,9,6,2023-10-12,0,"(33.89214149, 35.49206128)"
547,b799f49f-81b1-491b-ab99-9092bc8c7325,33.8921169,35.4921507,2023-10-12 08:07:03,b799f49f-81b1-491b-ab99-9092bc8c7325,9,8,2023-10-12,0,"(33.89214149, 35.49206128)"
548,b799f49f-81b1-491b-ab99-9092bc8c7325,33.8921169,35.4921507,2023-10-12 08:14:36,b799f49f-81b1-491b-ab99-9092bc8c7325,9,8,2023-10-12,0,"(33.89214149, 35.49206128)"
549,b799f49f-81b1-491b-ab99-9092bc8c7325,33.8921169,35.4921507,2023-10-12 08:21:01,b799f49f-81b1-491b-ab99-9092bc8c7325,9,8,2023-10-12,0,"(33.89214149, 35.49206128)"
550,b799f49f-81b1-491b-ab99-9092bc8c7325,33.8921169,35.4921507,2023-10-12 08:26:51,b799f49f-81b1-491b-ab99-9092bc8c7325,9,8,2023-10-12,0,"(33.89214149, 35.49206128)"
551,b799f49f-81b1-491b-ab99-9092bc8c7325,33.8921294,35.4920928,2023-10-12 08:40:31,b799f49f-81b1-491b-ab99-9092bc8c7325,9,8,2023-10-12,0,"(33.89214149, 35.49206128)"
553,b799f49f-81b1-491b-ab99-9092bc8c7325,33.8921267,35.4920119,2023-10-12 08:53:40,b799f49f-81b1-491b-ab99-9092bc8c7325,9,8,2023-10-12,0,"(33.89214149, 35.49206128)"
555,b799f49f-81b1-491b-ab99-9092bc8c7325,33.8921911,35.4921686,2023-10-12 09:25:17,b799f49f-81b1-491b-ab99-9092bc8c7325,9,9,2023-10-12,0,"(33.89214149, 35.49206128)"
556,b799f49f-81b1-491b-ab99-9092bc8c7325,33.8921911,35.4921686,2023-10-12 09:32:31,b799f49f-81b1-491b-ab99-9092bc8c7325,9,9,2023-10-12,0,"(33.89214149, 35.49206128)"
557,b799f49f-81b1-491b-ab99-9092bc8c7325,33.8921911,35.4921686,2023-10-12 09:38:51,b799f49f-81b1-491b-ab99-9092bc8c7325,9,9,2023-10-12,0,"(33.89214149, 35.49206128)"
558,b799f49f-81b1-491b-ab99-9092bc8c7325,33.8921911,35.4921686,2023-10-12 09:43:46,b799f49f-81b1-491b-ab99-9092bc8c7325,9,9,2023-10-12,0,"(33.89214149, 35.49206128)"
559,b799f49f-81b1-491b-ab99-9092bc8c7325,33.8921911,35.4921686,2023-10-12 09:50:41,b799f49f-81b1-491b-ab99-9092bc8c7325,9,9,2023-10-12,0,"(33.89214149, 35.49206128)"
589,b799f49f-81b1-491b-ab99-9092bc8c7325,33.8920526,35.491906,2023-10-12 13:20:56,b799f49f-81b1-491b-ab99-9092bc8c7325,9,13,2023-10-12,0,"(33.89214149, 35.49206128)"
590,b799f49f-81b1-491b-ab99-9092bc8c7325,33.8920526,35.491906,2023-10-12 13:33:02,b799f49f-81b1-491b-ab99-9092bc8c7325,9,13,2023-10-12,0,"(33.89214149, 35.49206128)"
591,b799f49f-81b1-491b-ab99-9092bc8c7325,33.8920526,35.491906,2023-10-12 13:39:14,b799f49f-81b1-491b-ab99-9092bc8c7325,9,13,2023-10-12,0,"(33.89214149, 35.49206128)"
592,b799f49f-81b1-491b-ab99-9092bc8c7325,33.8921276,35.4920664,2023-10-12 13:46:22,b799f49f-81b1-491b-ab99-9092bc8c7325,9,13,2023-10-12,0,"(33.89214149, 35.49206128)"
593,b799f49f-81b1-491b-ab99-9092bc8c7325,33.8921276,35.4920664,2023-10-12 13:53:51,b799f49f-81b1-491b-ab99-9092bc8c7325,9,13,2023-10-12,0,"(33.89214149, 35.49206128)"
594,b799f49f-81b1-491b-ab99-9092bc8c7325,33.8921276,35.4920664,2023-10-12 13:58:29,b799f49f-81b1-491b-ab99-9092bc8c7325,9,13,2023-10-12,0,"(33.89214149, 35.49206128)"
614,b799f49f-81b1-491b-ab99-9092bc8c7325,33.892197,35.492096,2023-10-12 16:09:32,b799f49f-81b1-491b-ab99-9092bc8c7325,9,16,2023-10-12,0,"(33.89214149, 35.49206128)"
615,b799f49f-81b1-491b-ab99-9092bc8c7325,33.892146,35.4920449,2023-10-12 16:15:17,b799f49f-81b1-491b-ab99-9092bc8c7325,9,16,2023-10-12,0,"(33.89214149, 35.49206128)"
616,b799f49f-81b1-491b-ab99-9092bc8c7325,33.892146,35.4920449,2023-10-12 16:21:38,b799f49f-81b1-491b-ab99-9092bc8c7325,9,16,2023-10-12,0,"(33.89214149, 35.49206128)"
617,b799f49f-81b1-491b-ab99-9092bc8c7325,33.892146,35.4920449,2023-10-12 16:34:39,b799f49f-81b1-491b-ab99-9092bc8c7325,9,16,2023-10-12,0,"(33.89214149, 35.49206128)"
618,b799f49f-81b1-491b-ab99-9092bc8c7325,33.892146,35.4920449,2023-10-12 16:41:25,b799f49f-81b1-491b-ab99-9092bc8c7325,9,16,2023-10-12,0,"(33.89214149, 35.49206128)"
619,b799f49f-81b1-491b-ab99-9092bc8c7325,33.8921114,35.4920262,2023-10-12 16:48:08,b799f49f-81b1-491b-ab99-9092bc8c7325,9,16,2023-10-12,0,"(33.89214149, 35.49206128)"
620,b799f49f-81b1-491b-ab99-9092bc8c7325,33.8921114,35.4920262,2023-10-12 16:56:00,b799f49f-81b1-491b-ab99-9092bc8c7325,9,16,2023-10-12,0,"(33.89214149, 35.49206128)"
621,b799f49f-81b1-491b-ab99-9092bc8c7325,33.8921114,35.4920262,2023-10-12 16:56:15,b799f49f-81b1-491b-ab99-9092bc8c7325,9,16,2023-10-12,0,"(33.89214149, 35.49206128)"
622,b799f49f-81b1-491b-ab99-9092bc8c7325,33.8921114,35.4920262,2023-10-12 17:03:02,b799f49f-81b1-491b-ab99-9092bc8c7325,9,17,2023-10-12,0,"(33.89214149, 35.49206128)"
623,b799f49f-81b1-491b-ab99-9092bc8c7325,33.8921114,35.4920262,2023-10-12 17:10:21,b799f49f-81b1-491b-ab99-9092bc8c7325,9,17,2023-10-12,0,"(33.89214149, 35.49206128)"
624,b799f49f-81b1-491b-ab99-9092bc8c7325,33.8921114,35.4920262,2023-10-12 17:16:26,b799f49f-81b1-491b-ab99-9092bc8c7325,9,17,2023-10-12,0,"(33.89214149, 35.49206128)"
625,b799f49f-81b1-491b-ab99-9092bc8c7325,33.8921411,35.4920442,2023-10-12 17:22:37,b799f49f-81b1-491b-ab99-9092bc8c7325,9,17,2023-10-12,0,"(33.89214149, 35.49206128)"
626,b799f49f-81b1-491b-ab99-9092bc8c7325,33.8921411,35.4920442,2023-10-12 17:28:22,b799f49f-81b1-491b-ab99-9092bc8c7325,9,17,2023-10-12,0,"(33.89214149, 35.49206128)"
627,b799f49f-81b1-491b-ab99-9092bc8c7325,33.8922009,35.4920977,2023-10-12 18:00:21,b799f49f-81b1-491b-ab99-9092bc8c7325,9,18,2023-10-12,0,"(33.89214149, 35.49206128)"
628,b799f49f-81b1-491b-ab99-9092bc8c7325,33.8922009,35.4920977,2023-10-12 18:11:29,b799f49f-81b1-491b-ab99-9092bc8c7325,9,18,2023-10-12,0,"(33.89214149, 35.49206128)"
629,b799f49f-81b1-491b-ab99-9092bc8c7325,33.8922009,35.4920977,2023-10-12 18:23:51,b799f49f-81b1-491b-ab99-9092bc8c7325,9,18,2023-10-12,0,"(33.89214149, 35.49206128)"
630,b799f49f-81b1-491b-ab99-9092bc8c7325,33.8922009,35.4920977,2023-10-12 18:30:02,b799f49f-81b1-491b-ab99-9092bc8c7325,9,18,2023-10-12,0,"(33.89214149, 35.49206128)"
631,b799f49f-81b1-491b-ab99-9092bc8c7325,33.8921929,35.4920966,2023-10-12 18:38:54,b799f49f-81b1-491b-ab99-9092bc8c7325,9,18,2023-10-12,0,"(33.89214149, 35.49206128)"
632,b799f49f-81b1-491b-ab99-9092bc8c7325,33.8921929,35.4920966,2023-10-12 18:44:51,b799f49f-81b1-491b-ab99-9092bc8c7325,9,18,2023-10-12,0,"(33.89214149, 35.49206128)"
633,b799f49f-81b1-491b-ab99-9092bc8c7325,33.8921978,35.4921078,2023-10-12 18:52:11,b799f49f-81b1-491b-ab99-9092bc8c7325,9,18,2023-10-12,0,"(33.89214149, 35.49206128)"
635,b799f49f-81b1-491b-ab99-9092bc8c7325,33.8920977,35.4920896,2023-10-12 19:05:31,b799f49f-81b1-491b-ab99-9092bc8c7325,9,19,2023-10-12,0,"(33.89214149, 35.49206128)"
636,b799f49f-81b1-491b-ab99-9092bc8c7325,33.8920977,35.4920896,2023-10-12 19:10:36,b799f49f-81b1-491b-ab99-9092bc8c7325,9,19,2023-10-12,0,"(33.89214149, 35.49206128)"
642,b799f49f-81b1-491b-ab99-9092bc8c7325,33.8920719,35.4919625,2023-10-12 19:51:47,b799f49f-81b1-491b-ab99-9092bc8c7325,9,19,2023-10-12,0,"(33.89214149, 35.49206128)"
643,b799f49f-81b1-491b-ab99-9092bc8c7325,33.8920719,35.4919625,2023-10-12 19:58:47,b799f49f-81b1-491b-ab99-9092bc8c7325,9,19,2023-10-12,0,"(33.89214149, 35.49206128)"
644,b799f49f-81b1-491b-ab99-9092bc8c7325,33.8920719,35.4919625,2023-10-12 20:06:37,b799f49f-81b1-491b-ab99-9092bc8c7325,9,20,2023-10-12,0,"(33.89214149, 35.49206128)"
645,b799f49f-81b1-491b-ab99-9092bc8c7325,33.8921942,35.4920966,2023-10-12 20:28:40,b799f49f-81b1-491b-ab99-9092bc8c7325,9,20,2023-10-12,0,"(33.89214149, 35.49206128)"
646,b799f49f-81b1-491b-ab99-9092bc8c7325,33.8921942,35.4920966,2023-10-12 20:35:24,b799f49f-81b1-491b-ab99-9092bc8c7325,9,20,2023-10-12,0,"(33.89214149, 35.49206128)"
647,b799f49f-81b1-491b-ab99-9092bc8c7325,33.8921942,35.4920966,2023-10-12 20:41:24,b799f49f-81b1-491b-ab99-9092bc8c7325,9,20,2023-10-12,0,"(33.89214149, 35.49206128)"
648,b799f49f-81b1-491b-ab99-9092bc8c7325,33.8921942,35.4920966,2023-10-12 20:47:30,b799f49f-81b1-491b-ab99-9092bc8c7325,9,20,2023-10-12,0,"(33.89214149, 35.49206128)"
649,b799f49f-81b1-491b-ab99-9092bc8c7325,33.8921957,35.4920989,2023-10-12 20:56:21,b799f49f-81b1-491b-ab99-9092bc8c7325,9,20,2023-10-12,0,"(33.89214149, 35.49206128)"
650,b799f49f-81b1-491b-ab99-9092bc8c7325,33.8921957,35.4920989,2023-10-12 21:08:51,b799f49f-81b1-491b-ab99-9092bc8c7325,9,21,2023-10-12,0,"(33.89214149, 35.49206128)"
651,b799f49f-81b1-491b-ab99-9092bc8c7325,33.8921957,35.4920989,2023-10-12 21:14:21,b799f49f-81b1-491b-ab99-9092bc8c7325,9,21,2023-10-12,0,"(33.89214149, 35.49206128)"
652,b799f49f-81b1-491b-ab99-9092bc8c7325,33.8921916,35.492099,2023-10-13 01:30:55,b799f49f-81b1-491b-ab99-9092bc8c7325,9,1,2023-10-13,0,"(33.89214149, 35.49206128)"
653,b799f49f-81b1-491b-ab99-9092bc8c7325,33.8922059,35.492096,2023-10-13 03:01:04,b799f49f-81b1-491b-ab99-9092bc8c7325,9,3,2023-10-13,0,"(33.89214149, 35.49206128)"
654,b799f49f-81b1-491b-ab99-9092bc8c7325,33.8921968,35.4920926,2023-10-13 04:30:55,b799f49f-81b1-491b-ab99-9092bc8c7325,9,4,2023-10-13,0,"(33.89214149, 35.49206128)"
655,b799f49f-81b1-491b-ab99-9092bc8c7325,33.8921968,35.4920926,2023-10-13 04:30:56,b799f49f-81b1-491b-ab99-9092bc8c7325,9,4,2023-10-13,0,"(33.89214149, 35.49206128)"
656,b799f49f-81b1-491b-ab99-9092bc8c7325,33.8921928,35.4920965,2023-10-13 04:38:05,b799f49f-81b1-491b-ab99-9092bc8c7325,9,4,2023-10-13,0,"(33.89214149, 35.49206128)"
657,b799f49f-81b1-491b-ab99-9092bc8c7325,33.8921916,35.4920988,2023-10-13 04:45:30,b799f49f-81b1-491b-ab99-9092bc8c7325,9,4,2023-10-13,0,"(33.89214149, 35.49206128)"
658,b799f49f-81b1-491b-ab99-9092bc8c7325,33.8921992,35.4920957,2023-10-13 04:53:02,b799f49f-81b1-491b-ab99-9092bc8c7325,9,4,2023-10-13,0,"(33.89214149, 35.49206128)"
659,b799f49f-81b1-491b-ab99-9092bc8c7325,33.8921992,35.4920957,2023-10-13 04:59:37,b799f49f-81b1-491b-ab99-9092bc8c7325,9,4,2023-10-13,0,"(33.89214149, 35.49206128)"
660,b799f49f-81b1-491b-ab99-9092bc8c7325,33.8921992,35.4920957,2023-10-13 05:06:12,b799f49f-81b1-491b-ab99-9092bc8c7325,9,5,2023-10-13,0,"(33.89214149, 35.49206128)"
661,b799f49f-81b1-491b-ab99-9092bc8c7325,33.8921992,35.4920957,2023-10-13 05:13:02,b799f49f-81b1-491b-ab99-9092bc8c7325,9,5,2023-10-13,0,"(33.89214149, 35.49206128)"
662,b799f49f-81b1-491b-ab99-9092bc8c7325,33.8921992,35.4920957,2023-10-13 05:19:49,b799f49f-81b1-491b-ab99-9092bc8c7325,9,5,2023-10-13,0,"(33.89214149, 35.49206128)"
663,b799f49f-81b1-491b-ab99-9092bc8c7325,33.8922086,35.4920964,2023-10-13 05:25:31,b799f49f-81b1-491b-ab99-9092bc8c7325,9,5,2023-10-13,0,"(33.89214149, 35.49206128)"
664,b799f49f-81b1-491b-ab99-9092bc8c7325,33.8922076,35.4920916,2023-10-13 05:32:17,b799f49f-81b1-491b-ab99-9092bc8c7325,9,5,2023-10-13,0,"(33.89214149, 35.49206128)"
665,b799f49f-81b1-491b-ab99-9092bc8c7325,33.8921689,35.492002,2023-10-13 05:39:03,b799f49f-81b1-491b-ab99-9092bc8c7325,9,5,2023-10-13,0,"(33.89214149, 35.49206128)"
667,b799f49f-81b1-491b-ab99-9092bc8c7325,33.8921086,35.4919785,2023-10-13 05:50:26,b799f49f-81b1-491b-ab99-9092bc8c7325,9,5,2023-10-13,0,"(33.89214149, 35.49206128)"
668,b799f49f-81b1-491b-ab99-9092bc8c7325,33.8921784,35.4919895,2023-10-13 05:50:27,b799f49f-81b1-491b-ab99-9092bc8c7325,9,5,2023-10-13,0,"(33.89214149, 35.49206128)"
669,b799f49f-81b1-491b-ab99-9092bc8c7325,33.8921784,35.4919895,2023-10-13 05:56:29,b799f49f-81b1-491b-ab99-9092bc8c7325,9,5,2023-10-13,0,"(33.89214149, 35.49206128)"
670,b799f49f-81b1-491b-ab99-9092bc8c7325,33.8921784,35.4919895,2023-10-13 06:01:41,b799f49f-81b1-491b-ab99-9092bc8c7325,9,6,2023-10-13,0,"(33.89214149, 35.49206128)"
671,b799f49f-81b1-491b-ab99-9092bc8c7325,33.8921784,35.4919895,2023-10-13 06:10:38,b799f49f-81b1-491b-ab99-9092bc8c7325,9,6,2023-10-13,0,"(33.89214149, 35.49206128)"
672,b799f49f-81b1-491b-ab99-9092bc8c7325,33.8921784,35.4919895,2023-10-13 06:16:08,b799f49f-81b1-491b-ab99-9092bc8c7325,9,6,2023-10-13,0,"(33.89214149, 35.49206128)"
673,b799f49f-81b1-491b-ab99-9092bc8c7325,33.892112,35.4920101,2023-10-13 06:26:26,b799f49f-81b1-491b-ab99-9092bc8c7325,9,6,2023-10-13,0,"(33.89214149, 35.49206128)"
674,b799f49f-81b1-491b-ab99-9092bc8c7325,33.892112,35.4920101,2023-10-13 06:32:37,b799f49f-81b1-491b-ab99-9092bc8c7325,9,6,2023-10-13,0,"(33.89214149, 35.49206128)"
675,b799f49f-81b1-491b-ab99-9092bc8c7325,33.892112,35.4920101,2023-10-13 06:39:12,b799f49f-81b1-491b-ab99-9092bc8c7325,9,6,2023-10-13,0,"(33.89214149, 35.49206128)"
676,b799f49f-81b1-491b-ab99-9092bc8c7325,33.892112,35.4920101,2023-10-13 06:44:23,b799f49f-81b1-491b-ab99-9092bc8c7325,9,6,2023-10-13,0,"(33.89214149, 35.49206128)"
677,b799f49f-81b1-491b-ab99-9092bc8c7325,33.892112,35.4920101,2023-10-13 06:50:43,b799f49f-81b1-491b-ab99-9092bc8c7325,9,6,2023-10-13,0,"(33.89214149, 35.49206128)"
678,b799f49f-81b1-491b-ab99-9092bc8c7325,33.8921657,35.4920757,2023-10-13 06:56:34,b799f49f-81b1-491b-ab99-9092bc8c7325,9,6,2023-10-13,0,"(33.89214149, 35.49206128)"
679,b799f49f-81b1-491b-ab99-9092bc8c7325,33.8921657,35.4920757,2023-10-13 07:03:05,b799f49f-81b1-491b-ab99-9092bc8c7325,9,7,2023-10-13,0,"(33.89214149, 35.49206128)"
680,b799f49f-81b1-491b-ab99-9092bc8c7325,33.8922564,35.4920622,2023-10-13 07:13:00,b799f49f-81b1-491b-ab99-9092bc8c7325,9,7,2023-10-13,0,"(33.89214149, 35.49206128)"
681,b799f49f-81b1-491b-ab99-9092bc8c7325,33.8922564,35.4920622,2023-10-13 07:13:06,b799f49f-81b1-491b-ab99-9092bc8c7325,9,7,2023-10-13,0,"(33.89214149, 35.49206128)"
682,b799f49f-81b1-491b-ab99-9092bc8c7325,33.8920208,35.491977,2023-10-13 07:22:19,b799f49f-81b1-491b-ab99-9092bc8c7325,9,7,2023-10-13,0,"(33.89214149, 35.49206128)"
683,b799f49f-81b1-491b-ab99-9092bc8c7325,33.8920208,35.491977,2023-10-13 07:26:56,b799f49f-81b1-491b-ab99-9092bc8c7325,9,7,2023-10-13,0,"(33.89214149, 35.49206128)"
684,b799f49f-81b1-491b-ab99-9092bc8c7325,33.8920208,35.491977,2023-10-13 07:34:22,b799f49f-81b1-491b-ab99-9092bc8c7325,9,7,2023-10-13,0,"(33.89214149, 35.49206128)"
685,b799f49f-81b1-491b-ab99-9092bc8c7325,33.8920208,35.491977,2023-10-13 07:45:42,b799f49f-81b1-491b-ab99-9092bc8c7325,9,7,2023-10-13,0,"(33.89214149, 35.49206128)"
686,b799f49f-81b1-491b-ab99-9092bc8c7325,33.8920208,35.491977,2023-10-13 07:52:23,b799f49f-81b1-491b-ab99-9092bc8c7325,9,7,2023-10-13,0,"(33.89214149, 35.49206128)"
687,b799f49f-81b1-491b-ab99-9092bc8c7325,33.8921996,35.492096,2023-10-13 07:59:45,b799f49f-81b1-491b-ab99-9092bc8c7325,9,7,2023-10-13,0,"(33.89214149, 35.49206128)"
688,b799f49f-81b1-491b-ab99-9092bc8c7325,33.8921996,35.492096,2023-10-13 08:08:49,b799f49f-81b1-491b-ab99-9092bc8c7325,9,8,2023-10-13,0,"(33.89214149, 35.49206128)"
689,b799f49f-81b1-491b-ab99-9092bc8c7325,33.8921996,35.492096,2023-10-13 08:15:26,b799f49f-81b1-491b-ab99-9092bc8c7325,9,8,2023-10-13,0,"(33.89214149, 35.49206128)"
690,b799f49f-81b1-491b-ab99-9092bc8c7325,33.8921996,35.492096,2023-10-13 08:21:26,b799f49f-81b1-491b-ab99-9092bc8c7325,9,8,2023-10-13,0,"(33.89214149, 35.49206128)"
691,b799f49f-81b1-491b-ab99-9092bc8c7325,33.8921186,35.4921777,2023-10-13 08:27:31,b799f49f-81b1-491b-ab99-9092bc8c7325,9,8,2023-10-13,0,"(33.89214149, 35.49206128)"
692,b799f49f-81b1-491b-ab99-9092bc8c7325,33.8921186,35.4921777,2023-10-13 08:33:23,b799f49f-81b1-491b-ab99-9092bc8c7325,9,8,2023-10-13,0,"(33.89214149, 35.49206128)"
693,b799f49f-81b1-491b-ab99-9092bc8c7325,33.8921186,35.4921777,2023-10-13 08:34:19,b799f49f-81b1-491b-ab99-9092bc8c7325,9,8,2023-10-13,0,"(33.89214149, 35.49206128)"
694,b799f49f-81b1-491b-ab99-9092bc8c7325,33.8921186,35.4921777,2023-10-13 08:40:25,b799f49f-81b1-491b-ab99-9092bc8c7325,9,8,2023-10-13,0,"(33.89214149, 35.49206128)"
695,b799f49f-81b1-491b-ab99-9092bc8c7325,33.8921186,35.4921777,2023-10-13 08:46:28,b799f49f-81b1-491b-ab99-9092bc8c7325,9,8,2023-10-13,0,"(33.89214149, 35.49206128)"
696,b799f49f-81b1-491b-ab99-9092bc8c7325,33.8921186,35.4921777,2023-10-13 08:54:16,b799f49f-81b1-491b-ab99-9092bc8c7325,9,8,2023-10-13,0,"(33.89214149, 35.49206128)"
697,b799f49f-81b1-491b-ab99-9092bc8c7325,33.8921125,35.4921574,2023-10-13 09:01:06,b799f49f-81b1-491b-ab99-9092bc8c7325,9,9,2023-10-13,0,"(33.89214149, 35.49206128)"
698,b799f49f-81b1-491b-ab99-9092bc8c7325,33.8921125,35.4921574,2023-10-13 09:10:38,b799f49f-81b1-491b-ab99-9092bc8c7325,9,9,2023-10-13,0,"(33.89214149, 35.49206128)"
699,b799f49f-81b1-491b-ab99-9092bc8c7325,33.8921125,35.4921574,2023-10-13 09:16:12,b799f49f-81b1-491b-ab99-9092bc8c7325,9,9,2023-10-13,0,"(33.89214149, 35.49206128)"
700,b799f49f-81b1-491b-ab99-9092bc8c7325,33.8921125,35.4921574,2023-10-13 09:21:52,b799f49f-81b1-491b-ab99-9092bc8c7325,9,9,2023-10-13,0,"(33.89214149, 35.49206128)"
701,b799f49f-81b1-491b-ab99-9092bc8c7325,33.8921125,35.4921574,2023-10-13 09:28:10,b799f49f-81b1-491b-ab99-9092bc8c7325,9,9,2023-10-13,0,"(33.89214149, 35.49206128)"
702,b799f49f-81b1-491b-ab99-9092bc8c7325,33.8921125,35.4921574,2023-10-13 09:34:12,b799f49f-81b1-491b-ab99-9092bc8c7325,9,9,2023-10-13,0,"(33.89214149, 35.49206128)"
703,b799f49f-81b1-491b-ab99-9092bc8c7325,33.8921125,35.4921574,2023-10-13 09:40:38,b799f49f-81b1-491b-ab99-9092bc8c7325,9,9,2023-10-13,0,"(33.89214149, 35.49206128)"
704,b799f49f-81b1-491b-ab99-9092bc8c7325,33.8921125,35.4921574,2023-10-13 09:45:21,b799f49f-81b1-491b-ab99-9092bc8c7325,9,9,2023-10-13,0,"(33.89214149, 35.49206128)"
705,b799f49f-81b1-491b-ab99-9092bc8c7325,33.8921125,35.4921574,2023-10-13 09:51:57,b799f49f-81b1-491b-ab99-9092bc8c7325,9,9,2023-10-13,0,"(33.89214149, 35.49206128)"
706,b799f49f-81b1-491b-ab99-9092bc8c7325,33.8921125,35.4921574,2023-10-13 09:52:25,b799f49f-81b1-491b-ab99-9092bc8c7325,9,9,2023-10-13,0,"(33.89214149, 35.49206128)"
718,b799f49f-81b1-491b-ab99-9092bc8c7325,33.8921161,35.4920986,2023-10-13 11:04:30,b799f49f-81b1-491b-ab99-9092bc8c7325,9,11,2023-10-13,0,"(33.89214149, 35.49206128)"
723,b799f49f-81b1-491b-ab99-9092bc8c7325,33.8921919,35.4920915,2023-10-13 11:28:47,b799f49f-81b1-491b-ab99-9092bc8c7325,9,11,2023-10-13,0,"(33.89214149, 35.49206128)"
724,b799f49f-81b1-491b-ab99-9092bc8c7325,33.8921966,35.4920944,2023-10-13 11:33:33,b799f49f-81b1-491b-ab99-9092bc8c7325,9,11,2023-10-13,0,"(33.89214149, 35.49206128)"
725,b799f49f-81b1-491b-ab99-9092bc8c7325,33.8921966,35.4920944,2023-10-13 11:39:53,b799f49f-81b1-491b-ab99-9092bc8c7325,9,11,2023-10-13,0,"(33.89214149, 35.49206128)"
726,b799f49f-81b1-491b-ab99-9092bc8c7325,33.8921966,35.4920944,2023-10-13 11:45:02,b799f49f-81b1-491b-ab99-9092bc8c7325,9,11,2023-10-13,0,"(33.89214149, 35.49206128)"
727,b799f49f-81b1-491b-ab99-9092bc8c7325,33.8921966,35.4920944,2023-10-13 11:51:38,b799f49f-81b1-491b-ab99-9092bc8c7325,9,11,2023-10-13,0,"(33.89214149, 35.49206128)"
728,b799f49f-81b1-491b-ab99-9092bc8c7325,33.8921966,35.4920944,2023-10-13 11:57:22,b799f49f-81b1-491b-ab99-9092bc8c7325,9,11,2023-10-13,0,"(33.89214149, 35.49206128)"
729,b799f49f-81b1-491b-ab99-9092bc8c7325,33.892117,35.4920245,2023-10-13 12:01:45,b799f49f-81b1-491b-ab99-9092bc8c7325,9,12,2023-10-13,0,"(33.89214149, 35.49206128)"
730,b799f49f-81b1-491b-ab99-9092bc8c7325,33.8921961,35.4921881,2023-10-13 12:06:46,b799f49f-81b1-491b-ab99-9092bc8c7325,9,12,2023-10-13,0,"(33.89214149, 35.49206128)"
731,b799f49f-81b1-491b-ab99-9092bc8c7325,33.8922099,35.4921062,2023-10-13 12:13:17,b799f49f-81b1-491b-ab99-9092bc8c7325,9,12,2023-10-13,0,"(33.89214149, 35.49206128)"
732,b799f49f-81b1-491b-ab99-9092bc8c7325,33.8922099,35.4921062,2023-10-13 12:18:18,b799f49f-81b1-491b-ab99-9092bc8c7325,9,12,2023-10-13,0,"(33.89214149, 35.49206128)"
733,b799f49f-81b1-491b-ab99-9092bc8c7325,33.8922099,35.4921062,2023-10-13 12:24:17,b799f49f-81b1-491b-ab99-9092bc8c7325,9,12,2023-10-13,0,"(33.89214149, 35.49206128)"
734,b799f49f-81b1-491b-ab99-9092bc8c7325,33.8922099,35.4921062,2023-10-13 12:32:37,b799f49f-81b1-491b-ab99-9092bc8c7325,9,12,2023-10-13,0,"(33.89214149, 35.49206128)"
735,b799f49f-81b1-491b-ab99-9092bc8c7325,33.8922099,35.4921062,2023-10-13 12:38:25,b799f49f-81b1-491b-ab99-9092bc8c7325,9,12,2023-10-13,0,"(33.89214149, 35.49206128)"
736,b799f49f-81b1-491b-ab99-9092bc8c7325,33.8922099,35.4921062,2023-10-13 12:39:23,b799f49f-81b1-491b-ab99-9092bc8c7325,9,12,2023-10-13,0,"(33.89214149, 35.49206128)"
737,b799f49f-81b1-491b-ab99-9092bc8c7325,33.8922099,35.4921062,2023-10-13 12:45:25,b799f49f-81b1-491b-ab99-9092bc8c7325,9,12,2023-10-13,0,"(33.89214149, 35.49206128)"
738,b799f49f-81b1-491b-ab99-9092bc8c7325,33.8922099,35.4921062,2023-10-13 12:51:15,b799f49f-81b1-491b-ab99-9092bc8c7325,9,12,2023-10-13,0,"(33.89214149, 35.49206128)"
739,b799f49f-81b1-491b-ab99-9092bc8c7325,33.8922099,35.4921062,2023-10-13 12:56:55,b799f49f-81b1-491b-ab99-9092bc8c7325,9,12,2023-10-13,0,"(33.89214149, 35.49206128)"
740,b799f49f-81b1-491b-ab99-9092bc8c7325,33.892196,35.4920285,2023-10-13 13:03:06,b799f49f-81b1-491b-ab99-9092bc8c7325,9,13,2023-10-13,0,"(33.89214149, 35.49206128)"
741,b799f49f-81b1-491b-ab99-9092bc8c7325,33.892141,35.4920668,2023-10-13 13:10:32,b799f49f-81b1-491b-ab99-9092bc8c7325,9,13,2023-10-13,0,"(33.89214149, 35.49206128)"
742,b799f49f-81b1-491b-ab99-9092bc8c7325,33.892141,35.4920668,2023-10-13 13:16:01,b799f49f-81b1-491b-ab99-9092bc8c7325,9,13,2023-10-13,0,"(33.89214149, 35.49206128)"
743,b799f49f-81b1-491b-ab99-9092bc8c7325,33.892141,35.4920668,2023-10-13 13:22:57,b799f49f-81b1-491b-ab99-9092bc8c7325,9,13,2023-10-13,0,"(33.89214149, 35.49206128)"
744,b799f49f-81b1-491b-ab99-9092bc8c7325,33.892141,35.4920668,2023-10-13 13:29:49,b799f49f-81b1-491b-ab99-9092bc8c7325,9,13,2023-10-13,0,"(33.89214149, 35.49206128)"
745,b799f49f-81b1-491b-ab99-9092bc8c7325,33.892141,35.4920668,2023-10-13 13:35:59,b799f49f-81b1-491b-ab99-9092bc8c7325,9,13,2023-10-13,0,"(33.89214149, 35.49206128)"
746,b799f49f-81b1-491b-ab99-9092bc8c7325,33.8921945,35.4921566,2023-10-13 13:43:26,b799f49f-81b1-491b-ab99-9092bc8c7325,9,13,2023-10-13,0,"(33.89214149, 35.49206128)"
747,b799f49f-81b1-491b-ab99-9092bc8c7325,33.8921945,35.4921566,2023-10-13 13:50:38,b799f49f-81b1-491b-ab99-9092bc8c7325,9,13,2023-10-13,0,"(33.89214149, 35.49206128)"
750,b799f49f-81b1-491b-ab99-9092bc8c7325,33.8922,35.4920111,2023-10-13 14:11:03,b799f49f-81b1-491b-ab99-9092bc8c7325,9,14,2023-10-13,0,"(33.89214149, 35.49206128)"
751,b799f49f-81b1-491b-ab99-9092bc8c7325,33.892207,35.4920164,2023-10-13 14:17:44,b799f49f-81b1-491b-ab99-9092bc8c7325,9,14,2023-10-13,0,"(33.89214149, 35.49206128)"
752,b799f49f-81b1-491b-ab99-9092bc8c7325,33.8921916,35.4920966,2023-10-13 14:20:58,b799f49f-81b1-491b-ab99-9092bc8c7325,9,14,2023-10-13,0,"(33.89214149, 35.49206128)"
753,b799f49f-81b1-491b-ab99-9092bc8c7325,33.8921916,35.4920966,2023-10-13 14:27:10,b799f49f-81b1-491b-ab99-9092bc8c7325,9,14,2023-10-13,0,"(33.89214149, 35.49206128)"
754,b799f49f-81b1-491b-ab99-9092bc8c7325,33.8921916,35.4920966,2023-10-13 14:33:01,b799f49f-81b1-491b-ab99-9092bc8c7325,9,14,2023-10-13,0,"(33.89214149, 35.49206128)"
755,b799f49f-81b1-491b-ab99-9092bc8c7325,33.8921916,35.4920966,2023-10-13 14:39:26,b799f49f-81b1-491b-ab99-9092bc8c7325,9,14,2023-10-13,0,"(33.89214149, 35.49206128)"
756,b799f49f-81b1-491b-ab99-9092bc8c7325,33.8921916,35.4920966,2023-10-13 14:48:44,b799f49f-81b1-491b-ab99-9092bc8c7325,9,14,2023-10-13,0,"(33.89214149, 35.49206128)"
784,b799f49f-81b1-491b-ab99-9092bc8c7325,33.8921691,35.4920748,2023-10-13 17:32:12,b799f49f-81b1-491b-ab99-9092bc8c7325,9,17,2023-10-13,0,"(33.89214149, 35.49206128)"
785,b799f49f-81b1-491b-ab99-9092bc8c7325,33.8921278,35.4920696,2023-10-13 17:39:29,b799f49f-81b1-491b-ab99-9092bc8c7325,9,17,2023-10-13,0,"(33.89214149, 35.49206128)"
786,b799f49f-81b1-491b-ab99-9092bc8c7325,33.8921278,35.4920696,2023-10-13 17:47:35,b799f49f-81b1-491b-ab99-9092bc8c7325,9,17,2023-10-13,0,"(33.89214149, 35.49206128)"
787,b799f49f-81b1-491b-ab99-9092bc8c7325,33.8921278,35.4920696,2023-10-13 17:52:37,b799f49f-81b1-491b-ab99-9092bc8c7325,9,17,2023-10-13,0,"(33.89214149, 35.49206128)"
788,b799f49f-81b1-491b-ab99-9092bc8c7325,33.8921278,35.4920696,2023-10-13 18:00:47,b799f49f-81b1-491b-ab99-9092bc8c7325,9,18,2023-10-13,0,"(33.89214149, 35.49206128)"
789,b799f49f-81b1-491b-ab99-9092bc8c7325,33.8920741,35.4919497,2023-10-13 18:07:10,b799f49f-81b1-491b-ab99-9092bc8c7325,9,18,2023-10-13,0,"(33.89214149, 35.49206128)"
793,b799f49f-81b1-491b-ab99-9092bc8c7325,33.8919947,35.492007,2023-10-13 18:26:52,b799f49f-81b1-491b-ab99-9092bc8c7325,9,18,2023-10-13,0,"(33.89214149, 35.49206128)"
794,b799f49f-81b1-491b-ab99-9092bc8c7325,33.8919947,35.492007,2023-10-13 18:33:12,b799f49f-81b1-491b-ab99-9092bc8c7325,9,18,2023-10-13,0,"(33.89214149, 35.49206128)"
795,b799f49f-81b1-491b-ab99-9092bc8c7325,33.8919947,35.492007,2023-10-13 18:39:44,b799f49f-81b1-491b-ab99-9092bc8c7325,9,18,2023-10-13,0,"(33.89214149, 35.49206128)"
796,b799f49f-81b1-491b-ab99-9092bc8c7325,33.8919947,35.492007,2023-10-13 18:45:54,b799f49f-81b1-491b-ab99-9092bc8c7325,9,18,2023-10-13,0,"(33.89214149, 35.49206128)"
797,b799f49f-81b1-491b-ab99-9092bc8c7325,33.892066,35.4918967,2023-10-13 18:55:24,b799f49f-81b1-491b-ab99-9092bc8c7325,9,18,2023-10-13,0,"(33.89214149, 35.49206128)"
798,b799f49f-81b1-491b-ab99-9092bc8c7325,33.892066,35.4918967,2023-10-13 19:01:14,b799f49f-81b1-491b-ab99-9092bc8c7325,9,19,2023-10-13,0,"(33.89214149, 35.49206128)"
799,b799f49f-81b1-491b-ab99-9092bc8c7325,33.892066,35.4918967,2023-10-13 19:06:54,b799f49f-81b1-491b-ab99-9092bc8c7325,9,19,2023-10-13,0,"(33.89214149, 35.49206128)"
800,b799f49f-81b1-491b-ab99-9092bc8c7325,33.892066,35.4918967,2023-10-13 19:13:14,b799f49f-81b1-491b-ab99-9092bc8c7325,9,19,2023-10-13,0,"(33.89214149, 35.49206128)"
801,b799f49f-81b1-491b-ab99-9092bc8c7325,33.892066,35.4918967,2023-10-13 19:18:21,b799f49f-81b1-491b-ab99-9092bc8c7325,9,19,2023-10-13,0,"(33.89214149, 35.49206128)"
802,b799f49f-81b1-491b-ab99-9092bc8c7325,33.8920054,35.4919776,2023-10-13 19:25:25,b799f49f-81b1-491b-ab99-9092bc8c7325,9,19,2023-10-13,0,"(33.89214149, 35.49206128)"
803,b799f49f-81b1-491b-ab99-9092bc8c7325,33.8920054,35.4919776,2023-10-13 19:31:21,b799f49f-81b1-491b-ab99-9092bc8c7325,9,19,2023-10-13,0,"(33.89214149, 35.49206128)"
804,b799f49f-81b1-491b-ab99-9092bc8c7325,33.8920054,35.4919776,2023-10-13 19:31:24,b799f49f-81b1-491b-ab99-9092bc8c7325,9,19,2023-10-13,0,"(33.89214149, 35.49206128)"
805,b799f49f-81b1-491b-ab99-9092bc8c7325,33.8920054,35.4919776,2023-10-13 19:37:46,b799f49f-81b1-491b-ab99-9092bc8c7325,9,19,2023-10-13,0,"(33.89214149, 35.49206128)"
806,b799f49f-81b1-491b-ab99-9092bc8c7325,33.8920054,35.4919776,2023-10-13 19:45:23,b799f49f-81b1-491b-ab99-9092bc8c7325,9,19,2023-10-13,0,"(33.89214149, 35.49206128)"
807,b799f49f-81b1-491b-ab99-9092bc8c7325,33.8921542,35.4919818,2023-10-13 19:50:21,b799f49f-81b1-491b-ab99-9092bc8c7325,9,19,2023-10-13,0,"(33.89214149, 35.49206128)"
808,b799f49f-81b1-491b-ab99-9092bc8c7325,33.8921542,35.4919818,2023-10-13 19:58:44,b799f49f-81b1-491b-ab99-9092bc8c7325,9,19,2023-10-13,0,"(33.89214149, 35.49206128)"
809,b799f49f-81b1-491b-ab99-9092bc8c7325,33.8921542,35.4919818,2023-10-13 20:05:25,b799f49f-81b1-491b-ab99-9092bc8c7325,9,20,2023-10-13,0,"(33.89214149, 35.49206128)"
810,b799f49f-81b1-491b-ab99-9092bc8c7325,33.8921542,35.4919818,2023-10-13 20:14:50,b799f49f-81b1-491b-ab99-9092bc8c7325,9,20,2023-10-13,0,"(33.89214149, 35.49206128)"
811,b799f49f-81b1-491b-ab99-9092bc8c7325,33.8920667,35.4919852,2023-10-13 20:20:29,b799f49f-81b1-491b-ab99-9092bc8c7325,9,20,2023-10-13,0,"(33.89214149, 35.49206128)"
812,b799f49f-81b1-491b-ab99-9092bc8c7325,33.8920667,35.4919852,2023-10-13 20:27:41,b799f49f-81b1-491b-ab99-9092bc8c7325,9,20,2023-10-13,0,"(33.89214149, 35.49206128)"
813,b799f49f-81b1-491b-ab99-9092bc8c7325,33.8920667,35.4919852,2023-10-13 20:36:23,b799f49f-81b1-491b-ab99-9092bc8c7325,9,20,2023-10-13,0,"(33.89214149, 35.49206128)"
814,b799f49f-81b1-491b-ab99-9092bc8c7325,33.8920667,35.4919852,2023-10-13 20:44:37,b799f49f-81b1-491b-ab99-9092bc8c7325,9,20,2023-10-13,0,"(33.89214149, 35.49206128)"
815,b799f49f-81b1-491b-ab99-9092bc8c7325,33.8920667,35.4919852,2023-10-13 20:50:17,b799f49f-81b1-491b-ab99-9092bc8c7325,9,20,2023-10-13,0,"(33.89214149, 35.49206128)"
816,b799f49f-81b1-491b-ab99-9092bc8c7325,33.8920667,35.4919852,2023-10-13 20:50:18,b799f49f-81b1-491b-ab99-9092bc8c7325,9,20,2023-10-13,0,"(33.89214149, 35.49206128)"
817,b799f49f-81b1-491b-ab99-9092bc8c7325,33.8920667,35.4919852,2023-10-13 20:56:24,b799f49f-81b1-491b-ab99-9092bc8c7325,9,20,2023-10-13,0,"(33.89214149, 35.49206128)"
818,b799f49f-81b1-491b-ab99-9092bc8c7325,33.8920667,35.4919852,2023-10-13 21:02:34,b799f49f-81b1-491b-ab99-9092bc8c7325,9,21,2023-10-13,0,"(33.89214149, 35.49206128)"
819,b799f49f-81b1-491b-ab99-9092bc8c7325,33.8920667,35.4919852,2023-10-13 21:08:54,b799f49f-81b1-491b-ab99-9092bc8c7325,9,21,2023-10-13,0,"(33.89214149, 35.49206128)"
820,b799f49f-81b1-491b-ab99-9092bc8c7325,33.8920667,35.4919852,2023-10-13 21:14:24,b799f49f-81b1-491b-ab99-9092bc8c7325,9,21,2023-10-13,0,"(33.89214149, 35.49206128)"
824,b799f49f-81b1-491b-ab99-9092bc8c7325,33.892197,35.4920916,2023-10-13 21:39:24,b799f49f-81b1-491b-ab99-9092bc8c7325,9,21,2023-10-13,0,"(33.89214149, 35.49206128)"
826,b799f49f-81b1-491b-ab99-9092bc8c7325,33.892197,35.4920916,2023-10-13 21:46:07,b799f49f-81b1-491b-ab99-9092bc8c7325,9,21,2023-10-13,0,"(33.89214149, 35.49206128)"
828,b799f49f-81b1-491b-ab99-9092bc8c7325,33.8921955,35.492095,2023-10-13 21:54:12,b799f49f-81b1-491b-ab99-9092bc8c7325,9,21,2023-10-13,0,"(33.89214149, 35.49206128)"
829,b799f49f-81b1-491b-ab99-9092bc8c7325,33.8921955,35.492095,2023-10-13 22:00:43,b799f49f-81b1-491b-ab99-9092bc8c7325,9,22,2023-10-13,0,"(33.89214149, 35.49206128)"
830,b799f49f-81b1-491b-ab99-9092bc8c7325,33.8921955,35.492095,2023-10-13 22:06:38,b799f49f-81b1-491b-ab99-9092bc8c7325,9,22,2023-10-13,0,"(33.89214149, 35.49206128)"
831,b799f49f-81b1-491b-ab99-9092bc8c7325,33.8921955,35.492095,2023-10-13 22:13:55,b799f49f-81b1-491b-ab99-9092bc8c7325,9,22,2023-10-13,0,"(33.89214149, 35.49206128)"
832,b799f49f-81b1-491b-ab99-9092bc8c7325,33.8921955,35.492095,2023-10-13 22:19:26,b799f49f-81b1-491b-ab99-9092bc8c7325,9,22,2023-10-13,0,"(33.89214149, 35.49206128)"
833,b799f49f-81b1-491b-ab99-9092bc8c7325,33.8921955,35.492095,2023-10-13 22:19:27,b799f49f-81b1-491b-ab99-9092bc8c7325,9,22,2023-10-13,0,"(33.89214149, 35.49206128)"
834,b799f49f-81b1-491b-ab99-9092bc8c7325,33.8921956,35.4920994,2023-10-13 22:25:18,b799f49f-81b1-491b-ab99-9092bc8c7325,9,22,2023-10-13,0,"(33.89214149, 35.49206128)"
835,b799f49f-81b1-491b-ab99-9092bc8c7325,33.8921956,35.4920994,2023-10-13 22:31:41,b799f49f-81b1-491b-ab99-9092bc8c7325,9,22,2023-10-13,0,"(33.89214149, 35.49206128)"
836,b799f49f-81b1-491b-ab99-9092bc8c7325,33.8921956,35.4920994,2023-10-13 22:39:15,b799f49f-81b1-491b-ab99-9092bc8c7325,9,22,2023-10-13,0,"(33.89214149, 35.49206128)"
837,b799f49f-81b1-491b-ab99-9092bc8c7325,33.8921956,35.4920994,2023-10-13 22:45:38,b799f49f-81b1-491b-ab99-9092bc8c7325,9,22,2023-10-13,0,"(33.89214149, 35.49206128)"
838,b799f49f-81b1-491b-ab99-9092bc8c7325,33.892192,35.4920916,2023-10-13 22:50:44,b799f49f-81b1-491b-ab99-9092bc8c7325,9,22,2023-10-13,0,"(33.89214149, 35.49206128)"
839,b799f49f-81b1-491b-ab99-9092bc8c7325,33.892192,35.4920916,2023-10-13 22:56:26,b799f49f-81b1-491b-ab99-9092bc8c7325,9,22,2023-10-13,0,"(33.89214149, 35.49206128)"
840,b799f49f-81b1-491b-ab99-9092bc8c7325,33.892192,35.4920916,2023-10-13 23:03:08,b799f49f-81b1-491b-ab99-9092bc8c7325,9,23,2023-10-13,0,"(33.89214149, 35.49206128)"
841,b799f49f-81b1-491b-ab99-9092bc8c7325,33.892192,35.4920916,2023-10-13 23:10:25,b799f49f-81b1-491b-ab99-9092bc8c7325,9,23,2023-10-13,0,"(33.89214149, 35.49206128)"
842,b799f49f-81b1-491b-ab99-9092bc8c7325,33.892192,35.4920916,2023-10-13 23:16:24,b799f49f-81b1-491b-ab99-9092bc8c7325,9,23,2023-10-13,0,"(33.89214149, 35.49206128)"
843,b799f49f-81b1-491b-ab99-9092bc8c7325,33.892192,35.4920916,2023-10-13 23:21:40,b799f49f-81b1-491b-ab99-9092bc8c7325,9,23,2023-10-13,0,"(33.89214149, 35.49206128)"
844,b799f49f-81b1-491b-ab99-9092bc8c7325,33.892192,35.4920916,2023-10-13 23:29:20,b799f49f-81b1-491b-ab99-9092bc8c7325,9,23,2023-10-13,0,"(33.89214149, 35.49206128)"
845,b799f49f-81b1-491b-ab99-9092bc8c7325,33.8921916,35.4920966,2023-10-13 23:36:22,b799f49f-81b1-491b-ab99-9092bc8c7325,9,23,2023-10-13,0,"(33.89214149, 35.49206128)"
846,b799f49f-81b1-491b-ab99-9092bc8c7325,33.8921916,35.4920966,2023-10-13 23:36:24,b799f49f-81b1-491b-ab99-9092bc8c7325,9,23,2023-10-13,0,"(33.89214149, 35.49206128)"
847,b799f49f-81b1-491b-ab99-9092bc8c7325,33.8921916,35.4920966,2023-10-13 23:43:50,b799f49f-81b1-491b-ab99-9092bc8c7325,9,23,2023-10-13,0,"(33.89214149, 35.49206128)"
848,b799f49f-81b1-491b-ab99-9092bc8c7325,33.8921954,35.4920117,2023-10-14 02:10:46,b799f49f-81b1-491b-ab99-9092bc8c7325,9,2,2023-10-14,0,"(33.89214149, 35.49206128)"
849,b799f49f-81b1-491b-ab99-9092bc8c7325,33.8921162,35.4920187,2023-10-14 03:29:57,b799f49f-81b1-491b-ab99-9092bc8c7325,9,3,2023-10-14,0,"(33.89214149, 35.49206128)"
850,b799f49f-81b1-491b-ab99-9092bc8c7325,33.8921162,35.4920187,2023-10-14 03:39:02,b799f49f-81b1-491b-ab99-9092bc8c7325,9,3,2023-10-14,0,"(33.89214149, 35.49206128)"
851,b799f49f-81b1-491b-ab99-9092bc8c7325,33.8921162,35.4920187,2023-10-14 03:44:55,b799f49f-81b1-491b-ab99-9092bc8c7325,9,3,2023-10-14,0,"(33.89214149, 35.49206128)"
852,b799f49f-81b1-491b-ab99-9092bc8c7325,33.8921904,35.4920901,2023-10-14 03:56:33,b799f49f-81b1-491b-ab99-9092bc8c7325,9,3,2023-10-14,0,"(33.89214149, 35.49206128)"
853,b799f49f-81b1-491b-ab99-9092bc8c7325,33.8921904,35.4920901,2023-10-14 04:01:43,b799f49f-81b1-491b-ab99-9092bc8c7325,9,4,2023-10-14,0,"(33.89214149, 35.49206128)"
854,b799f49f-81b1-491b-ab99-9092bc8c7325,33.8921904,35.4920901,2023-10-14 04:26:33,b799f49f-81b1-491b-ab99-9092bc8c7325,9,4,2023-10-14,0,"(33.89214149, 35.49206128)"
855,b799f49f-81b1-491b-ab99-9092bc8c7325,33.8922061,35.4921808,2023-10-14 04:46:55,b799f49f-81b1-491b-ab99-9092bc8c7325,9,4,2023-10-14,0,"(33.89214149, 35.49206128)"
856,b799f49f-81b1-491b-ab99-9092bc8c7325,33.8922061,35.4921808,2023-10-14 04:53:15,b799f49f-81b1-491b-ab99-9092bc8c7325,9,4,2023-10-14,0,"(33.89214149, 35.49206128)"
857,b799f49f-81b1-491b-ab99-9092bc8c7325,33.8921241,35.4920245,2023-10-14 05:06:24,b799f49f-81b1-491b-ab99-9092bc8c7325,9,5,2023-10-14,0,"(33.89214149, 35.49206128)"
858,b799f49f-81b1-491b-ab99-9092bc8c7325,33.8921925,35.4920946,2023-10-14 05:31:07,b799f49f-81b1-491b-ab99-9092bc8c7325,9,5,2023-10-14,0,"(33.89214149, 35.49206128)"
859,b799f49f-81b1-491b-ab99-9092bc8c7325,33.8921991,35.4921085,2023-10-14 05:37:27,b799f49f-81b1-491b-ab99-9092bc8c7325,9,5,2023-10-14,0,"(33.89214149, 35.49206128)"
860,b799f49f-81b1-491b-ab99-9092bc8c7325,33.8921219,35.4920105,2023-10-14 06:44:51,b799f49f-81b1-491b-ab99-9092bc8c7325,9,6,2023-10-14,0,"(33.89214149, 35.49206128)"
861,b799f49f-81b1-491b-ab99-9092bc8c7325,33.8921926,35.4920986,2023-10-14 06:45:37,b799f49f-81b1-491b-ab99-9092bc8c7325,9,6,2023-10-14,0,"(33.89214149, 35.49206128)"
862,b799f49f-81b1-491b-ab99-9092bc8c7325,33.8921926,35.4920986,2023-10-14 07:13:28,b799f49f-81b1-491b-ab99-9092bc8c7325,9,7,2023-10-14,0,"(33.89214149, 35.49206128)"
863,b799f49f-81b1-491b-ab99-9092bc8c7325,33.8921926,35.4920986,2023-10-14 07:26:09,b799f49f-81b1-491b-ab99-9092bc8c7325,9,7,2023-10-14,0,"(33.89214149, 35.49206128)"
864,b799f49f-81b1-491b-ab99-9092bc8c7325,33.8921926,35.4920986,2023-10-14 07:35:35,b799f49f-81b1-491b-ab99-9092bc8c7325,9,7,2023-10-14,0,"(33.89214149, 35.49206128)"
865,b799f49f-81b1-491b-ab99-9092bc8c7325,33.8921184,35.4920927,2023-10-14 07:58:34,b799f49f-81b1-491b-ab99-9092bc8c7325,9,7,2023-10-14,0,"(33.89214149, 35.49206128)"
866,b799f49f-81b1-491b-ab99-9092bc8c7325,33.8921184,35.4920927,2023-10-14 08:13:43,b799f49f-81b1-491b-ab99-9092bc8c7325,9,8,2023-10-14,0,"(33.89214149, 35.49206128)"
867,b799f49f-81b1-491b-ab99-9092bc8c7325,33.8921184,35.4920927,2023-10-14 08:19:27,b799f49f-81b1-491b-ab99-9092bc8c7325,9,8,2023-10-14,0,"(33.89214149, 35.49206128)"
868,b799f49f-81b1-491b-ab99-9092bc8c7325,33.8920526,35.4920409,2023-10-14 08:42:30,b799f49f-81b1-491b-ab99-9092bc8c7325,9,8,2023-10-14,0,"(33.89214149, 35.49206128)"
869,b799f49f-81b1-491b-ab99-9092bc8c7325,33.8920526,35.4920409,2023-10-14 08:49:21,b799f49f-81b1-491b-ab99-9092bc8c7325,9,8,2023-10-14,0,"(33.89214149, 35.49206128)"
873,b799f49f-81b1-491b-ab99-9092bc8c7325,33.8921677,35.4920714,2023-10-14 09:30:19,b799f49f-81b1-491b-ab99-9092bc8c7325,9,9,2023-10-14,0,"(33.89214149, 35.49206128)"
874,b799f49f-81b1-491b-ab99-9092bc8c7325,33.8921677,35.4920714,2023-10-14 09:48:11,b799f49f-81b1-491b-ab99-9092bc8c7325,9,9,2023-10-14,0,"(33.89214149, 35.49206128)"
875,b799f49f-81b1-491b-ab99-9092bc8c7325,33.8921177,35.4920464,2023-10-14 10:22:21,b799f49f-81b1-491b-ab99-9092bc8c7325,9,10,2023-10-14,0,"(33.89214149, 35.49206128)"
876,b799f49f-81b1-491b-ab99-9092bc8c7325,33.8921464,35.4920669,2023-10-14 10:28:34,b799f49f-81b1-491b-ab99-9092bc8c7325,9,10,2023-10-14,0,"(33.89214149, 35.49206128)"
877,b799f49f-81b1-491b-ab99-9092bc8c7325,33.8921528,35.4920769,2023-10-14 10:51:21,b799f49f-81b1-491b-ab99-9092bc8c7325,9,10,2023-10-14,0,"(33.89214149, 35.49206128)"
878,b799f49f-81b1-491b-ab99-9092bc8c7325,33.8921528,35.4920769,2023-10-14 10:51:25,b799f49f-81b1-491b-ab99-9092bc8c7325,9,10,2023-10-14,0,"(33.89214149, 35.49206128)"
879,b799f49f-81b1-491b-ab99-9092bc8c7325,33.8921215,35.4920421,2023-10-14 11:12:28,b799f49f-81b1-491b-ab99-9092bc8c7325,9,11,2023-10-14,0,"(33.89214149, 35.49206128)"
880,b799f49f-81b1-491b-ab99-9092bc8c7325,33.8921215,35.4920421,2023-10-14 11:18:12,b799f49f-81b1-491b-ab99-9092bc8c7325,9,11,2023-10-14,0,"(33.89214149, 35.49206128)"
881,b799f49f-81b1-491b-ab99-9092bc8c7325,33.8921215,35.4920421,2023-10-14 11:24:26,b799f49f-81b1-491b-ab99-9092bc8c7325,9,11,2023-10-14,0,"(33.89214149, 35.49206128)"
882,b799f49f-81b1-491b-ab99-9092bc8c7325,33.8921215,35.4920421,2023-10-14 11:36:34,b799f49f-81b1-491b-ab99-9092bc8c7325,9,11,2023-10-14,0,"(33.89214149, 35.49206128)"
883,b799f49f-81b1-491b-ab99-9092bc8c7325,33.8921928,35.4920124,2023-10-14 11:54:22,b799f49f-81b1-491b-ab99-9092bc8c7325,9,11,2023-10-14,0,"(33.89214149, 35.49206128)"
884,b799f49f-81b1-491b-ab99-9092bc8c7325,33.8921928,35.4920124,2023-10-14 11:59:48,b799f49f-81b1-491b-ab99-9092bc8c7325,9,11,2023-10-14,0,"(33.89214149, 35.49206128)"
885,b799f49f-81b1-491b-ab99-9092bc8c7325,33.8921202,35.4920265,2023-10-14 12:19:22,b799f49f-81b1-491b-ab99-9092bc8c7325,9,12,2023-10-14,0,"(33.89214149, 35.49206128)"
886,b799f49f-81b1-491b-ab99-9092bc8c7325,33.8921202,35.4920265,2023-10-14 12:31:22,b799f49f-81b1-491b-ab99-9092bc8c7325,9,12,2023-10-14,0,"(33.89214149, 35.49206128)"
887,b799f49f-81b1-491b-ab99-9092bc8c7325,33.8921202,35.4920265,2023-10-14 12:37:34,b799f49f-81b1-491b-ab99-9092bc8c7325,9,12,2023-10-14,0,"(33.89214149, 35.49206128)"
888,b799f49f-81b1-491b-ab99-9092bc8c7325,33.8921101,35.4920298,2023-10-14 12:51:56,b799f49f-81b1-491b-ab99-9092bc8c7325,9,12,2023-10-14,0,"(33.89214149, 35.49206128)"
890,b799f49f-81b1-491b-ab99-9092bc8c7325,33.8922012,35.4920264,2023-10-14 13:15:29,b799f49f-81b1-491b-ab99-9092bc8c7325,9,13,2023-10-14,0,"(33.89214149, 35.49206128)"
892,b799f49f-81b1-491b-ab99-9092bc8c7325,33.8922,35.492097,2023-10-14 14:14:47,b799f49f-81b1-491b-ab99-9092bc8c7325,9,14,2023-10-14,0,"(33.89214149, 35.49206128)"
893,b799f49f-81b1-491b-ab99-9092bc8c7325,33.8922,35.492097,2023-10-14 14:27:17,b799f49f-81b1-491b-ab99-9092bc8c7325,9,14,2023-10-14,0,"(33.89214149, 35.49206128)"
894,b799f49f-81b1-491b-ab99-9092bc8c7325,33.8922,35.492097,2023-10-14 14:32:47,b799f49f-81b1-491b-ab99-9092bc8c7325,9,14,2023-10-14,0,"(33.89214149, 35.49206128)"
895,b799f49f-81b1-491b-ab99-9092bc8c7325,33.8921971,35.4920966,2023-10-14 22:15:21,b799f49f-81b1-491b-ab99-9092bc8c7325,9,22,2023-10-14,0,"(33.89214149, 35.49206128)"
896,b799f49f-81b1-491b-ab99-9092bc8c7325,33.892202,35.4920122,2023-10-14 23:17:23,b799f49f-81b1-491b-ab99-9092bc8c7325,9,23,2023-10-14,0,"(33.89214149, 35.49206128)"
